year,site,county,plot,week,days_after_transplant,cultivar,wet_hours_week,night_temp_c,rain_mm_week,inoculum_log,infection_event
2016,S01,Manatee,S01-2016-P1,1,7,Sebring,37.3,18.7,48.5,2.62,0
2016,S01,Manatee,S01-2016-P1,2,14,Sebring,22.6,18.9,29.0,2.62,0
2016,S01,Manatee,S01-2016-P1,3,21,Sebring,30.2,17.57,30.7,2.62,0
2016,S01,Manatee,S01-2016-P1,4,28,Sebring,30.8,18.08,39.9,2.62,0
2016,S01,Manatee,S01-2016-P1,5,35,Sebring,26.3,19.47,49.1,2.62,0
2016,S01,Manatee,S01-2016-P1,6,42,Sebring,29.7,20.65,33.1,2.62,0
2016,S01,Manatee,S01-2016-P1,7,49,Sebring,28.7,18.79,34.2,2.62,0
2016,S01,Manatee,S01-2016-P1,8,56,Sebring,26.8,18.28,27.4,2.62,0
2016,S01,Manatee,S01-2016-P1,9,63,Sebring,29.7,18.05,38.9,2.62,0
2016,S01,Manatee,S01-2016-P1,10,70,Sebring,15.6,18.71,29.7,2.62,0
2016,S01,Manatee,S01-2016-P1,11,77,Sebring,26.0,16.12,42.3,2.62,0
2016,S01,Manatee,S01-2016-P1,12,84,Sebring,30.0,20.05,18.6,2.62,0
2016,S01,Manatee,S01-2016-P2,1,7,Sebring,30.0,19.64,50.6,0.49,0
2016,S01,Manatee,S01-2016-P2,2,14,Sebring,38.9,19.66,36.7,0.49,0
2016,S01,Manatee,S01-2016-P2,3,21,Sebring,29.1,19.1,29.5,0.49,0
2016,S01,Manatee,S01-2016-P2,4,28,Sebring,40.3,18.74,34.9,0.49,0
2016,S01,Manatee,S01-2016-P2,5,35,Sebring,36.8,22.81,36.5,0.49,0
2016,S01,Manatee,S01-2016-P2,6,42,Sebring,36.8,19.93,31.6,0.49,0
2016,S01,Manatee,S01-2016-P2,7,49,Sebring,27.6,18.62,46.6,0.49,0
2016,S01,Manatee,S01-2016-P2,8,56,Sebring,31.3,19.03,34.8,0.49,0
2016,S01,Manatee,S01-2016-P2,9,63,Sebring,29.4,21.97,24.9,0.49,0
2016,S01,Manatee,S01-2016-P2,10,70,Sebring,26.5,18.76,33.5,0.49,0
2016,S01,Manatee,S01-2016-P2,11,77,Sebring,19.5,18.08,39.1,0.49,0
2016,S01,Manatee,S01-2016-P2,12,84,Sebring,27.9,17.45,29.3,0.49,0
2016,S01,Manatee,S01-2016-P3,1,7,Sanibel,37.6,17.59,54.0,2.2,0
2016,S01,Manatee,S01-2016-P3,2,14,Sanibel,24.9,18.33,42.6,2.2,0
2016,S01,Manatee,S01-2016-P3,3,21,Sanibel,35.1,21.3,21.3,2.2,0
2016,S01,Manatee,S01-2016-P3,4,28,Sanibel,32.6,17.87,27.0,2.2,0
2016,S01,Manatee,S01-2016-P3,5,35,Sanibel,35.3,19.54,61.6,2.2,0
2016,S01,Manatee,S01-2016-P3,6,42,Sanibel,36.3,19.79,53.9,2.2,0
2016,S01,Manatee,S01-2016-P3,7,49,Sanibel,14.2,15.74,47.8,2.2,0
2016,S01,Manatee,S01-2016-P3,8,56,Sanibel,34.2,15.89,43.1,2.2,0
2016,S01,Manatee,S01-2016-P3,9,63,Sanibel,32.6,18.71,43.8,2.2,0
2016,S01,Manatee,S01-2016-P3,10,70,Sanibel,29.4,18.3,36.9,2.2,0
2016,S01,Manatee,S01-2016-P3,11,77,Sanibel,33.5,15.54,47.2,2.2,0
2016,S01,Manatee,S01-2016-P3,12,84,Sanibel,33.2,18.29,40.2,2.2,0
2016,S01,Manatee,S01-2016-P4,1,7,Tygress,33.0,21.93,38.4,2.98,0
2016,S01,Manatee,S01-2016-P4,2,14,Tygress,29.6,20.4,36.7,2.98,0
2016,S01,Manatee,S01-2016-P4,3,21,Tygress,30.6,19.47,12.3,2.98,0
2016,S01,Manatee,S01-2016-P4,4,28,Tygress,35.5,21.39,32.0,2.98,0
2016,S01,Manatee,S01-2016-P4,5,35,Tygress,27.8,18.2,36.2,2.98,0
2016,S01,Manatee,S01-2016-P4,6,42,Tygress,23.1,19.66,46.6,2.98,0
2016,S01,Manatee,S01-2016-P4,7,49,Tygress,43.7,20.59,33.2,2.98,0
2016,S01,Manatee,S01-2016-P4,8,56,Tygress,38.4,20.18,31.9,2.98,0
2016,S01,Manatee,S01-2016-P4,9,63,Tygress,19.3,20.99,39.1,2.98,0
2016,S01,Manatee,S01-2016-P4,10,70,Tygress,30.3,21.32,47.2,2.98,0
2016,S01,Manatee,S01-2016-P4,11,77,Tygress,34.2,19.81,42.5,2.98,0
2016,S01,Manatee,S01-2016-P4,12,84,Tygress,36.8,20.21,22.0,2.98,0
2016,S01,Manatee,S01-2016-P5,1,7,Tygress,32.4,17.98,58.8,2.89,0
2016,S01,Manatee,S01-2016-P5,2,14,Tygress,44.4,19.46,46.9,2.89,0
2016,S01,Manatee,S01-2016-P5,3,21,Tygress,27.4,19.29,40.0,2.89,0
2016,S01,Manatee,S01-2016-P5,4,28,Tygress,33.3,20.07,57.6,2.89,0
2016,S01,Manatee,S01-2016-P5,5,35,Tygress,27.3,18.7,40.6,2.89,0
2016,S01,Manatee,S01-2016-P5,6,42,Tygress,33.2,15.68,61.3,2.89,0
2016,S01,Manatee,S01-2016-P5,7,49,Tygress,29.5,18.0,45.2,2.89,0
2016,S01,Manatee,S01-2016-P5,8,56,Tygress,34.3,19.63,66.3,2.89,0
2016,S01,Manatee,S01-2016-P5,9,63,Tygress,31.4,20.43,57.5,2.89,0
2016,S01,Manatee,S01-2016-P5,10,70,Tygress,25.2,20.86,48.8,2.89,0
2016,S01,Manatee,S01-2016-P5,11,77,Tygress,23.7,19.09,32.6,2.89,0
2016,S01,Manatee,S01-2016-P5,12,84,Tygress,30.2,18.74,65.8,2.89,0
2016,S01,Manatee,S01-2016-P6,1,7,Sebring,17.8,18.55,25.5,3.17,0
2016,S01,Manatee,S01-2016-P6,2,14,Sebring,32.4,18.0,47.6,3.17,0
2016,S01,Manatee,S01-2016-P6,3,21,Sebring,35.2,19.03,26.0,3.17,0
2016,S01,Manatee,S01-2016-P6,4,28,Sebring,31.6,20.31,31.3,3.17,0
2016,S01,Manatee,S01-2016-P6,5,35,Sebring,28.4,18.25,24.3,3.17,1
2016,S01,Manatee,S01-2016-P6,6,42,Sebring,34.5,20.35,29.7,3.17,1
2016,S01,Manatee,S01-2016-P6,7,49,Sebring,22.9,19.96,20.7,3.17,0
2016,S01,Manatee,S01-2016-P6,8,56,Sebring,26.7,17.5,48.2,3.17,1
2016,S01,Manatee,S01-2016-P6,9,63,Sebring,32.8,19.99,26.2,3.17,0
2016,S01,Manatee,S01-2016-P6,10,70,Sebring,25.9,21.35,32.9,3.17,0
2016,S01,Manatee,S01-2016-P6,11,77,Sebring,31.9,19.35,41.1,3.17,0
2016,S01,Manatee,S01-2016-P6,12,84,Sebring,33.4,18.09,27.3,3.17,0
2016,S02,Manatee,S02-2016-P1,1,7,HM-1823,23.6,17.51,20.8,3.87,0
2016,S02,Manatee,S02-2016-P1,2,14,HM-1823,25.4,18.22,30.9,3.87,0
2016,S02,Manatee,S02-2016-P1,3,21,HM-1823,32.1,18.11,15.0,3.87,0
2016,S02,Manatee,S02-2016-P1,4,28,HM-1823,33.1,20.03,27.9,3.87,0
2016,S02,Manatee,S02-2016-P1,5,35,HM-1823,36.9,19.92,17.0,3.87,0
2016,S02,Manatee,S02-2016-P1,6,42,HM-1823,18.6,19.24,18.2,3.87,0
2016,S02,Manatee,S02-2016-P1,7,49,HM-1823,37.0,21.79,27.4,3.87,0
2016,S02,Manatee,S02-2016-P1,8,56,HM-1823,27.4,18.77,19.3,3.87,0
2016,S02,Manatee,S02-2016-P1,9,63,HM-1823,24.9,20.55,14.2,3.87,0
2016,S02,Manatee,S02-2016-P1,10,70,HM-1823,29.3,18.79,24.7,3.87,0
2016,S02,Manatee,S02-2016-P1,11,77,HM-1823,29.0,17.45,28.7,3.87,0
2016,S02,Manatee,S02-2016-P1,12,84,HM-1823,25.3,19.18,31.1,3.87,0
2016,S02,Manatee,S02-2016-P2,1,7,Sebring,23.2,18.7,41.4,2.45,0
2016,S02,Manatee,S02-2016-P2,2,14,Sebring,41.3,21.75,22.6,2.45,1
2016,S02,Manatee,S02-2016-P2,3,21,Sebring,25.1,18.72,42.8,2.45,0
2016,S02,Manatee,S02-2016-P2,4,28,Sebring,32.9,19.11,38.1,2.45,0
2016,S02,Manatee,S02-2016-P2,5,35,Sebring,30.8,19.23,44.7,2.45,0
2016,S02,Manatee,S02-2016-P2,6,42,Sebring,29.0,20.86,27.1,2.45,0
2016,S02,Manatee,S02-2016-P2,7,49,Sebring,26.4,19.36,38.2,2.45,0
2016,S02,Manatee,S02-2016-P2,8,56,Sebring,22.3,18.74,19.5,2.45,0
2016,S02,Manatee,S02-2016-P2,9,63,Sebring,8.3,20.17,21.5,2.45,0
2016,S02,Manatee,S02-2016-P2,10,70,Sebring,26.0,19.75,34.2,2.45,0
2016,S02,Manatee,S02-2016-P2,11,77,Sebring,36.3,17.31,18.4,2.45,0
2016,S02,Manatee,S02-2016-P2,12,84,Sebring,31.3,20.08,33.6,2.45,1
2016,S02,Manatee,S02-2016-P3,1,7,FL-8000,25.9,18.24,13.3,3.1,0
2016,S02,Manatee,S02-2016-P3,2,14,FL-8000,33.0,19.81,8.2,3.1,0
2016,S02,Manatee,S02-2016-P3,3,21,FL-8000,15.0,19.9,22.1,3.1,0
2016,S02,Manatee,S02-2016-P3,4,28,FL-8000,20.9,18.64,18.6,3.1,0
2016,S02,Manatee,S02-2016-P3,5,35,FL-8000,26.6,19.77,5.9,3.1,1
2016,S02,Manatee,S02-2016-P3,6,42,FL-8000,26.0,18.27,16.2,3.1,0
2016,S02,Manatee,S02-2016-P3,7,49,FL-8000,32.0,18.8,15.9,3.1,0
2016,S02,Manatee,S02-2016-P3,8,56,FL-8000,32.0,21.07,12.8,3.1,0
2016,S02,Manatee,S02-2016-P3,9,63,FL-8000,40.2,19.61,24.4,3.1,1
2016,S02,Manatee,S02-2016-P3,10,70,FL-8000,20.4,18.57,2.8,3.1,1
2016,S02,Manatee,S02-2016-P3,11,77,FL-8000,18.7,17.63,26.7,3.1,0
2016,S02,Manatee,S02-2016-P3,12,84,FL-8000,27.0,17.57,0.0,3.1,0
2016,S02,Manatee,S02-2016-P4,1,7,FL-8000,29.4,20.59,56.3,3.45,0
2016,S02,Manatee,S02-2016-P4,2,14,FL-8000,33.5,20.98,51.8,3.45,1
2016,S02,Manatee,S02-2016-P4,3,21,FL-8000,21.0,19.06,46.3,3.45,1
2016,S02,Manatee,S02-2016-P4,4,28,FL-8000,19.9,20.98,58.2,3.45,1
2016,S02,Manatee,S02-2016-P4,5,35,FL-8000,24.0,19.49,55.1,3.45,1
2016,S02,Manatee,S02-2016-P4,6,42,FL-8000,19.5,20.11,48.8,3.45,1
2016,S02,Manatee,S02-2016-P4,7,49,FL-8000,30.0,18.83,49.3,3.45,0
2016,S02,Manatee,S02-2016-P4,8,56,FL-8000,25.9,18.91,42.0,3.45,1
2016,S02,Manatee,S02-2016-P4,9,63,FL-8000,24.4,18.83,57.6,3.45,1
2016,S02,Manatee,S02-2016-P4,10,70,FL-8000,28.1,16.04,40.7,3.45,0
2016,S02,Manatee,S02-2016-P4,11,77,FL-8000,24.6,17.3,43.0,3.45,0
2016,S02,Manatee,S02-2016-P4,12,84,FL-8000,27.0,21.76,45.8,3.45,1
2016,S02,Manatee,S02-2016-P5,1,7,Sebring,27.2,18.84,44.1,3.56,0
2016,S02,Manatee,S02-2016-P5,2,14,Sebring,28.2,20.28,53.1,3.56,0
2016,S02,Manatee,S02-2016-P5,3,21,Sebring,35.2,21.11,33.6,3.56,0
2016,S02,Manatee,S02-2016-P5,4,28,Sebring,21.5,19.16,27.0,3.56,1
2016,S02,Manatee,S02-2016-P5,5,35,Sebring,34.9,19.3,42.6,3.56,0
2016,S02,Manatee,S02-2016-P5,6,42,Sebring,28.0,19.26,43.4,3.56,0
2016,S02,Manatee,S02-2016-P5,7,49,Sebring,33.6,19.99,57.9,3.56,0
2016,S02,Manatee,S02-2016-P5,8,56,Sebring,25.0,18.59,46.1,3.56,0
2016,S02,Manatee,S02-2016-P5,9,63,Sebring,33.7,19.23,59.7,3.56,1
2016,S02,Manatee,S02-2016-P5,10,70,Sebring,21.4,19.0,50.9,3.56,0
2016,S02,Manatee,S02-2016-P5,11,77,Sebring,22.7,18.19,51.5,3.56,0
2016,S02,Manatee,S02-2016-P5,12,84,Sebring,33.5,20.3,45.3,3.56,1
2016,S02,Manatee,S02-2016-P6,1,7,Sebring,15.2,19.91,23.9,1.96,0
2016,S02,Manatee,S02-2016-P6,2,14,Sebring,17.4,18.62,25.5,1.96,0
2016,S02,Manatee,S02-2016-P6,3,21,Sebring,30.8,21.03,19.4,1.96,0
2016,S02,Manatee,S02-2016-P6,4,28,Sebring,19.7,19.61,17.6,1.96,0
2016,S02,Manatee,S02-2016-P6,5,35,Sebring,25.3,18.97,31.3,1.96,0
2016,S02,Manatee,S02-2016-P6,6,42,Sebring,19.3,21.25,13.5,1.96,0
2016,S02,Manatee,S02-2016-P6,7,49,Sebring,27.5,17.78,11.1,1.96,0
2016,S02,Manatee,S02-2016-P6,8,56,Sebring,26.1,19.62,0.0,1.96,0
2016,S02,Manatee,S02-2016-P6,9,63,Sebring,20.4,20.38,21.0,1.96,0
2016,S02,Manatee,S02-2016-P6,10,70,Sebring,26.6,20.41,5.3,1.96,0
2016,S02,Manatee,S02-2016-P6,11,77,Sebring,23.4,18.43,10.3,1.96,0
2016,S02,Manatee,S02-2016-P6,12,84,Sebring,27.8,19.69,18.0,1.96,1
2016,S03,Hillsborough,S03-2016-P1,1,7,HM-1823,15.7,18.87,36.8,3.0,0
2016,S03,Hillsborough,S03-2016-P1,2,14,HM-1823,34.6,18.75,43.1,3.0,0
2016,S03,Hillsborough,S03-2016-P1,3,21,HM-1823,30.8,17.87,22.6,3.0,0
2016,S03,Hillsborough,S03-2016-P1,4,28,HM-1823,27.4,16.67,46.2,3.0,0
2016,S03,Hillsborough,S03-2016-P1,5,35,HM-1823,22.4,18.45,36.7,3.0,0
2016,S03,Hillsborough,S03-2016-P1,6,42,HM-1823,26.0,18.68,59.2,3.0,0
2016,S03,Hillsborough,S03-2016-P1,7,49,HM-1823,20.6,19.77,45.3,3.0,0
2016,S03,Hillsborough,S03-2016-P1,8,56,HM-1823,33.6,19.3,43.0,3.0,0
2016,S03,Hillsborough,S03-2016-P1,9,63,HM-1823,33.2,19.43,37.1,3.0,0
2016,S03,Hillsborough,S03-2016-P1,10,70,HM-1823,30.2,19.17,31.0,3.0,0
2016,S03,Hillsborough,S03-2016-P1,11,77,HM-1823,28.4,18.4,36.8,3.0,1
2016,S03,Hillsborough,S03-2016-P1,12,84,HM-1823,33.6,20.56,48.9,3.0,0
2016,S03,Hillsborough,S03-2016-P2,1,7,Sanibel,30.4,18.31,18.9,3.0,1
2016,S03,Hillsborough,S03-2016-P2,2,14,Sanibel,27.8,19.13,31.6,3.0,0
2016,S03,Hillsborough,S03-2016-P2,3,21,Sanibel,33.3,18.71,11.4,3.0,0
2016,S03,Hillsborough,S03-2016-P2,4,28,Sanibel,22.2,18.94,20.3,3.0,0
2016,S03,Hillsborough,S03-2016-P2,5,35,Sanibel,23.6,18.89,31.7,3.0,0
2016,S03,Hillsborough,S03-2016-P2,6,42,Sanibel,22.7,20.81,17.2,3.0,1
2016,S03,Hillsborough,S03-2016-P2,7,49,Sanibel,23.9,17.21,12.0,3.0,0
2016,S03,Hillsborough,S03-2016-P2,8,56,Sanibel,31.2,18.83,31.9,3.0,0
2016,S03,Hillsborough,S03-2016-P2,9,63,Sanibel,20.8,19.33,28.0,3.0,0
2016,S03,Hillsborough,S03-2016-P2,10,70,Sanibel,34.5,20.88,32.7,3.0,0
2016,S03,Hillsborough,S03-2016-P2,11,77,Sanibel,22.8,19.63,9.0,3.0,0
2016,S03,Hillsborough,S03-2016-P2,12,84,Sanibel,24.6,20.16,17.5,3.0,1
2016,S03,Hillsborough,S03-2016-P3,1,7,Sanibel,28.4,18.63,9.9,2.82,0
2016,S03,Hillsborough,S03-2016-P3,2,14,Sanibel,19.0,17.24,0.0,2.82,0
2016,S03,Hillsborough,S03-2016-P3,3,21,Sanibel,28.9,21.13,0.0,2.82,0
2016,S03,Hillsborough,S03-2016-P3,4,28,Sanibel,25.0,20.6,0.0,2.82,0
2016,S03,Hillsborough,S03-2016-P3,5,35,Sanibel,31.7,19.54,17.0,2.82,0
2016,S03,Hillsborough,S03-2016-P3,6,42,Sanibel,27.9,18.99,0.0,2.82,0
2016,S03,Hillsborough,S03-2016-P3,7,49,Sanibel,28.9,18.47,19.5,2.82,0
2016,S03,Hillsborough,S03-2016-P3,8,56,Sanibel,34.9,22.11,10.9,2.82,0
2016,S03,Hillsborough,S03-2016-P3,9,63,Sanibel,32.6,20.55,0.0,2.82,0
2016,S03,Hillsborough,S03-2016-P3,10,70,Sanibel,21.2,16.32,12.3,2.82,0
2016,S03,Hillsborough,S03-2016-P3,11,77,Sanibel,22.9,17.97,15.2,2.82,0
2016,S03,Hillsborough,S03-2016-P3,12,84,Sanibel,22.9,20.56,0.0,2.82,0
2016,S03,Hillsborough,S03-2016-P4,1,7,HM-1823,19.9,21.77,17.3,4.08,0
2016,S03,Hillsborough,S03-2016-P4,2,14,HM-1823,21.0,17.27,17.2,4.08,0
2016,S03,Hillsborough,S03-2016-P4,3,21,HM-1823,23.5,18.01,18.9,4.08,0
2016,S03,Hillsborough,S03-2016-P4,4,28,HM-1823,22.7,20.17,15.3,4.08,0
2016,S03,Hillsborough,S03-2016-P4,5,35,HM-1823,24.6,18.81,21.8,4.08,0
2016,S03,Hillsborough,S03-2016-P4,6,42,HM-1823,19.0,20.19,36.1,4.08,1
2016,S03,Hillsborough,S03-2016-P4,7,49,HM-1823,16.2,20.99,4.7,4.08,0
2016,S03,Hillsborough,S03-2016-P4,8,56,HM-1823,27.6,19.18,29.8,4.08,1
2016,S03,Hillsborough,S03-2016-P4,9,63,HM-1823,20.7,17.86,17.9,4.08,0
2016,S03,Hillsborough,S03-2016-P4,10,70,HM-1823,24.6,20.2,8.0,4.08,0
2016,S03,Hillsborough,S03-2016-P4,11,77,HM-1823,19.5,18.03,29.2,4.08,0
2016,S03,Hillsborough,S03-2016-P4,12,84,HM-1823,23.7,19.18,10.6,4.08,0
2016,S03,Hillsborough,S03-2016-P5,1,7,Sebring,23.3,19.85,38.7,2.02,0
2016,S03,Hillsborough,S03-2016-P5,2,14,Sebring,21.5,21.38,34.1,2.02,0
2016,S03,Hillsborough,S03-2016-P5,3,21,Sebring,29.8,19.18,31.6,2.02,0
2016,S03,Hillsborough,S03-2016-P5,4,28,Sebring,27.1,19.93,36.2,2.02,0
2016,S03,Hillsborough,S03-2016-P5,5,35,Sebring,33.0,20.79,52.0,2.02,0
2016,S03,Hillsborough,S03-2016-P5,6,42,Sebring,26.5,21.15,34.7,2.02,0
2016,S03,Hillsborough,S03-2016-P5,7,49,Sebring,25.1,20.35,22.3,2.02,0
2016,S03,Hillsborough,S03-2016-P5,8,56,Sebring,18.4,17.98,45.5,2.02,0
2016,S03,Hillsborough,S03-2016-P5,9,63,Sebring,31.4,18.79,36.7,2.02,0
2016,S03,Hillsborough,S03-2016-P5,10,70,Sebring,41.9,16.76,24.5,2.02,0
2016,S03,Hillsborough,S03-2016-P5,11,77,Sebring,24.4,17.28,23.1,2.02,0
2016,S03,Hillsborough,S03-2016-P5,12,84,Sebring,29.8,19.22,29.3,2.02,0
2016,S03,Hillsborough,S03-2016-P6,1,7,FL-8000,24.5,18.35,21.1,3.81,1
2016,S03,Hillsborough,S03-2016-P6,2,14,FL-8000,31.0,17.96,18.9,3.81,0
2016,S03,Hillsborough,S03-2016-P6,3,21,FL-8000,24.2,16.96,3.4,3.81,0
2016,S03,Hillsborough,S03-2016-P6,4,28,FL-8000,38.3,19.92,19.5,3.81,0
2016,S03,Hillsborough,S03-2016-P6,5,35,FL-8000,17.4,19.63,23.1,3.81,1
2016,S03,Hillsborough,S03-2016-P6,6,42,FL-8000,13.3,20.9,22.4,3.81,0
2016,S03,Hillsborough,S03-2016-P6,7,49,FL-8000,17.7,21.1,10.8,3.81,0
2016,S03,Hillsborough,S03-2016-P6,8,56,FL-8000,18.9,21.28,5.9,3.81,1
2016,S03,Hillsborough,S03-2016-P6,9,63,FL-8000,23.8,17.26,7.0,3.81,0
2016,S03,Hillsborough,S03-2016-P6,10,70,FL-8000,18.8,20.04,14.1,3.81,0
2016,S03,Hillsborough,S03-2016-P6,11,77,FL-8000,18.5,17.29,28.6,3.81,0
2016,S03,Hillsborough,S03-2016-P6,12,84,FL-8000,19.7,20.6,9.6,3.81,0
2016,S04,Hillsborough,S04-2016-P1,1,7,FL-8000,36.8,22.66,45.8,3.13,0
2016,S04,Hillsborough,S04-2016-P1,2,14,FL-8000,27.2,21.9,44.8,3.13,0
2016,S04,Hillsborough,S04-2016-P1,3,21,FL-8000,29.5,19.81,45.6,3.13,0
2016,S04,Hillsborough,S04-2016-P1,4,28,FL-8000,33.0,20.35,50.2,3.13,1
2016,S04,Hillsborough,S04-2016-P1,5,35,FL-8000,27.7,19.19,47.9,3.13,0
2016,S04,Hillsborough,S04-2016-P1,6,42,FL-8000,31.1,18.26,35.6,3.13,0
2016,S04,Hillsborough,S04-2016-P1,7,49,FL-8000,22.0,20.79,40.3,3.13,0
2016,S04,Hillsborough,S04-2016-P1,8,56,FL-8000,31.9,20.4,53.3,3.13,0
2016,S04,Hillsborough,S04-2016-P1,9,63,FL-8000,36.8,20.57,48.8,3.13,1
2016,S04,Hillsborough,S04-2016-P1,10,70,FL-8000,24.6,21.33,55.2,3.13,1
2016,S04,Hillsborough,S04-2016-P1,11,77,FL-8000,33.5,19.53,53.0,3.13,1
2016,S04,Hillsborough,S04-2016-P1,12,84,FL-8000,26.8,18.49,25.0,3.13,0
2016,S04,Hillsborough,S04-2016-P2,1,7,Tygress,22.9,19.52,45.6,3.37,0
2016,S04,Hillsborough,S04-2016-P2,2,14,Tygress,32.0,20.21,30.3,3.37,0
2016,S04,Hillsborough,S04-2016-P2,3,21,Tygress,32.0,19.34,36.5,3.37,0
2016,S04,Hillsborough,S04-2016-P2,4,28,Tygress,18.0,18.97,46.7,3.37,0
2016,S04,Hillsborough,S04-2016-P2,5,35,Tygress,35.7,20.93,35.2,3.37,0
2016,S04,Hillsborough,S04-2016-P2,6,42,Tygress,30.6,20.07,60.9,3.37,0
2016,S04,Hillsborough,S04-2016-P2,7,49,Tygress,28.8,19.0,47.1,3.37,0
2016,S04,Hillsborough,S04-2016-P2,8,56,Tygress,31.7,19.51,27.3,3.37,0
2016,S04,Hillsborough,S04-2016-P2,9,63,Tygress,25.2,18.93,42.2,3.37,0
2016,S04,Hillsborough,S04-2016-P2,10,70,Tygress,31.5,20.99,39.9,3.37,0
2016,S04,Hillsborough,S04-2016-P2,11,77,Tygress,39.2,20.01,50.3,3.37,0
2016,S04,Hillsborough,S04-2016-P2,12,84,Tygress,20.9,19.57,37.0,3.37,0
2016,S04,Hillsborough,S04-2016-P3,1,7,Sanibel,26.2,19.32,39.6,3.06,0
2016,S04,Hillsborough,S04-2016-P3,2,14,Sanibel,19.7,19.56,37.6,3.06,0
2016,S04,Hillsborough,S04-2016-P3,3,21,Sanibel,31.7,19.02,44.9,3.06,0
2016,S04,Hillsborough,S04-2016-P3,4,28,Sanibel,23.1,21.19,43.4,3.06,0
2016,S04,Hillsborough,S04-2016-P3,5,35,Sanibel,26.3,16.96,12.3,3.06,0
2016,S04,Hillsborough,S04-2016-P3,6,42,Sanibel,27.0,20.05,22.1,3.06,0
2016,S04,Hillsborough,S04-2016-P3,7,49,Sanibel,30.1,19.86,24.7,3.06,0
2016,S04,Hillsborough,S04-2016-P3,8,56,Sanibel,28.3,17.55,34.7,3.06,0
2016,S04,Hillsborough,S04-2016-P3,9,63,Sanibel,26.0,20.06,46.0,3.06,0
2016,S04,Hillsborough,S04-2016-P3,10,70,Sanibel,23.2,18.29,29.1,3.06,0
2016,S04,Hillsborough,S04-2016-P3,11,77,Sanibel,26.2,19.18,48.3,3.06,0
2016,S04,Hillsborough,S04-2016-P3,12,84,Sanibel,29.7,19.59,36.6,3.06,0
2016,S04,Hillsborough,S04-2016-P4,1,7,HM-1823,21.8,19.73,30.7,3.88,0
2016,S04,Hillsborough,S04-2016-P4,2,14,HM-1823,34.9,19.43,28.9,3.88,0
2016,S04,Hillsborough,S04-2016-P4,3,21,HM-1823,35.3,21.15,44.6,3.88,0
2016,S04,Hillsborough,S04-2016-P4,4,28,HM-1823,31.2,22.81,25.9,3.88,1
2016,S04,Hillsborough,S04-2016-P4,5,35,HM-1823,30.7,20.11,38.3,3.88,0
2016,S04,Hillsborough,S04-2016-P4,6,42,HM-1823,20.1,19.09,26.4,3.88,0
2016,S04,Hillsborough,S04-2016-P4,7,49,HM-1823,35.2,18.43,47.3,3.88,0
2016,S04,Hillsborough,S04-2016-P4,8,56,HM-1823,28.6,18.07,37.1,3.88,0
2016,S04,Hillsborough,S04-2016-P4,9,63,HM-1823,27.8,21.78,21.5,3.88,0
2016,S04,Hillsborough,S04-2016-P4,10,70,HM-1823,28.1,20.41,40.2,3.88,0
2016,S04,Hillsborough,S04-2016-P4,11,77,HM-1823,31.0,21.93,44.2,3.88,0
2016,S04,Hillsborough,S04-2016-P4,12,84,HM-1823,27.1,23.37,36.0,3.88,1
2016,S04,Hillsborough,S04-2016-P5,1,7,Sanibel,42.4,17.26,29.2,2.88,0
2016,S04,Hillsborough,S04-2016-P5,2,14,Sanibel,35.5,20.4,24.1,2.88,0
2016,S04,Hillsborough,S04-2016-P5,3,21,Sanibel,40.7,19.38,9.9,2.88,0
2016,S04,Hillsborough,S04-2016-P5,4,28,Sanibel,32.6,19.31,25.6,2.88,0
2016,S04,Hillsborough,S04-2016-P5,5,35,Sanibel,32.6,18.51,20.6,2.88,0
2016,S04,Hillsborough,S04-2016-P5,6,42,Sanibel,26.8,21.58,21.3,2.88,0
2016,S04,Hillsborough,S04-2016-P5,7,49,Sanibel,40.8,18.9,35.0,2.88,0
2016,S04,Hillsborough,S04-2016-P5,8,56,Sanibel,21.5,19.32,31.6,2.88,0
2016,S04,Hillsborough,S04-2016-P5,9,63,Sanibel,38.2,18.01,12.2,2.88,0
2016,S04,Hillsborough,S04-2016-P5,10,70,Sanibel,24.2,19.38,36.0,2.88,0
2016,S04,Hillsborough,S04-2016-P5,11,77,Sanibel,25.0,18.34,27.9,2.88,0
2016,S04,Hillsborough,S04-2016-P5,12,84,Sanibel,34.3,18.39,20.2,2.88,0
2016,S04,Hillsborough,S04-2016-P6,1,7,Sebring,28.0,21.51,45.3,1.34,0
2016,S04,Hillsborough,S04-2016-P6,2,14,Sebring,32.4,17.8,36.6,1.34,0
2016,S04,Hillsborough,S04-2016-P6,3,21,Sebring,31.5,21.05,36.1,1.34,0
2016,S04,Hillsborough,S04-2016-P6,4,28,Sebring,30.2,20.34,46.2,1.34,0
2016,S04,Hillsborough,S04-2016-P6,5,35,Sebring,49.4,20.11,42.6,1.34,0
2016,S04,Hillsborough,S04-2016-P6,6,42,Sebring,28.8,16.14,20.1,1.34,1
2016,S04,Hillsborough,S04-2016-P6,7,49,Sebring,39.9,20.61,39.3,1.34,0
2016,S04,Hillsborough,S04-2016-P6,8,56,Sebring,38.6,17.63,44.6,1.34,0
2016,S04,Hillsborough,S04-2016-P6,9,63,Sebring,34.9,19.55,34.5,1.34,0
2016,S04,Hillsborough,S04-2016-P6,10,70,Sebring,38.8,20.39,43.8,1.34,0
2016,S04,Hillsborough,S04-2016-P6,11,77,Sebring,19.4,16.89,44.8,1.34,0
2016,S04,Hillsborough,S04-2016-P6,12,84,Sebring,27.2,18.48,58.4,1.34,1
2016,S05,Collier,S05-2016-P1,1,7,FL-8000,22.4,16.65,12.8,1.04,0
2016,S05,Collier,S05-2016-P1,2,14,FL-8000,19.1,16.88,8.5,1.04,0
2016,S05,Collier,S05-2016-P1,3,21,FL-8000,28.5,18.59,22.5,1.04,0
2016,S05,Collier,S05-2016-P1,4,28,FL-8000,36.0,17.47,19.0,1.04,0
2016,S05,Collier,S05-2016-P1,5,35,FL-8000,18.5,15.42,9.2,1.04,0
2016,S05,Collier,S05-2016-P1,6,42,FL-8000,28.6,19.93,18.8,1.04,0
2016,S05,Collier,S05-2016-P1,7,49,FL-8000,28.4,15.13,20.3,1.04,0
2016,S05,Collier,S05-2016-P1,8,56,FL-8000,22.1,17.95,16.5,1.04,0
2016,S05,Collier,S05-2016-P1,9,63,FL-8000,17.5,19.54,25.1,1.04,0
2016,S05,Collier,S05-2016-P1,10,70,FL-8000,29.2,18.32,0.0,1.04,0
2016,S05,Collier,S05-2016-P1,11,77,FL-8000,21.5,19.54,8.0,1.04,0
2016,S05,Collier,S05-2016-P1,12,84,FL-8000,32.6,16.29,29.2,1.04,0
2016,S05,Collier,S05-2016-P2,1,7,Sebring,34.9,17.49,34.5,2.62,1
2016,S05,Collier,S05-2016-P2,2,14,Sebring,24.6,16.65,36.0,2.62,0
2016,S05,Collier,S05-2016-P2,3,21,Sebring,35.6,18.47,17.6,2.62,0
2016,S05,Collier,S05-2016-P2,4,28,Sebring,21.8,18.97,34.4,2.62,0
2016,S05,Collier,S05-2016-P2,5,35,Sebring,39.9,18.39,16.0,2.62,0
2016,S05,Collier,S05-2016-P2,6,42,Sebring,22.2,18.85,25.7,2.62,0
2016,S05,Collier,S05-2016-P2,7,49,Sebring,24.8,16.37,26.2,2.62,0
2016,S05,Collier,S05-2016-P2,8,56,Sebring,25.3,16.52,41.5,2.62,0
2016,S05,Collier,S05-2016-P2,9,63,Sebring,34.3,17.61,36.4,2.62,0
2016,S05,Collier,S05-2016-P2,10,70,Sebring,26.5,17.54,34.2,2.62,0
2016,S05,Collier,S05-2016-P2,11,77,Sebring,20.7,18.48,27.5,2.62,0
2016,S05,Collier,S05-2016-P2,12,84,Sebring,44.5,18.17,25.5,2.62,0
2016,S05,Collier,S05-2016-P3,1,7,Sanibel,19.9,20.28,26.2,2.44,0
2016,S05,Collier,S05-2016-P3,2,14,Sanibel,19.7,17.14,45.8,2.44,0
2016,S05,Collier,S05-2016-P3,3,21,Sanibel,37.9,20.97,36.5,2.44,0
2016,S05,Collier,S05-2016-P3,4,28,Sanibel,31.2,17.14,41.3,2.44,0
2016,S05,Collier,S05-2016-P3,5,35,Sanibel,24.8,17.74,34.2,2.44,0
2016,S05,Collier,S05-2016-P3,6,42,Sanibel,22.9,18.35,31.7,2.44,0
2016,S05,Collier,S05-2016-P3,7,49,Sanibel,15.9,16.05,43.7,2.44,0
2016,S05,Collier,S05-2016-P3,8,56,Sanibel,24.2,16.05,32.2,2.44,0
2016,S05,Collier,S05-2016-P3,9,63,Sanibel,31.5,16.27,37.6,2.44,0
2016,S05,Collier,S05-2016-P3,10,70,Sanibel,26.1,17.46,9.6,2.44,0
2016,S05,Collier,S05-2016-P3,11,77,Sanibel,22.4,20.8,21.4,2.44,0
2016,S05,Collier,S05-2016-P3,12,84,Sanibel,21.4,19.46,14.7,2.44,0
2016,S05,Collier,S05-2016-P4,1,7,FL-8000,37.8,15.98,38.2,2.61,0
2016,S05,Collier,S05-2016-P4,2,14,FL-8000,25.2,15.16,19.0,2.61,0
2016,S05,Collier,S05-2016-P4,3,21,FL-8000,22.1,18.23,15.0,2.61,0
2016,S05,Collier,S05-2016-P4,4,28,FL-8000,18.1,16.4,15.7,2.61,0
2016,S05,Collier,S05-2016-P4,5,35,FL-8000,26.7,14.76,6.7,2.61,0
2016,S05,Collier,S05-2016-P4,6,42,FL-8000,33.0,17.8,28.0,2.61,0
2016,S05,Collier,S05-2016-P4,7,49,FL-8000,16.6,16.85,20.4,2.61,0
2016,S05,Collier,S05-2016-P4,8,56,FL-8000,21.1,17.98,13.5,2.61,0
2016,S05,Collier,S05-2016-P4,9,63,FL-8000,22.5,17.77,28.9,2.61,0
2016,S05,Collier,S05-2016-P4,10,70,FL-8000,24.4,15.42,10.9,2.61,0
2016,S05,Collier,S05-2016-P4,11,77,FL-8000,27.0,16.99,19.1,2.61,0
2016,S05,Collier,S05-2016-P4,12,84,FL-8000,22.2,15.7,34.1,2.61,0
2016,S05,Collier,S05-2016-P5,1,7,HM-1823,22.8,16.84,30.8,2.3,0
2016,S05,Collier,S05-2016-P5,2,14,HM-1823,25.5,18.49,43.9,2.3,0
2016,S05,Collier,S05-2016-P5,3,21,HM-1823,33.1,15.42,34.5,2.3,0
2016,S05,Collier,S05-2016-P5,4,28,HM-1823,19.8,16.38,35.7,2.3,0
2016,S05,Collier,S05-2016-P5,5,35,HM-1823,25.3,15.85,22.1,2.3,0
2016,S05,Collier,S05-2016-P5,6,42,HM-1823,17.7,15.41,40.2,2.3,0
2016,S05,Collier,S05-2016-P5,7,49,HM-1823,33.5,17.86,45.0,2.3,0
2016,S05,Collier,S05-2016-P5,8,56,HM-1823,30.3,17.7,29.7,2.3,0
2016,S05,Collier,S05-2016-P5,9,63,HM-1823,24.1,18.6,22.4,2.3,0
2016,S05,Collier,S05-2016-P5,10,70,HM-1823,28.5,17.51,32.0,2.3,0
2016,S05,Collier,S05-2016-P5,11,77,HM-1823,30.2,18.05,35.2,2.3,0
2016,S05,Collier,S05-2016-P5,12,84,HM-1823,24.6,19.9,27.6,2.3,0
2016,S05,Collier,S05-2016-P6,1,7,Sanibel,29.1,18.54,40.5,2.74,0
2016,S05,Collier,S05-2016-P6,2,14,Sanibel,24.6,19.51,45.3,2.74,0
2016,S05,Collier,S05-2016-P6,3,21,Sanibel,26.9,18.16,34.6,2.74,0
2016,S05,Collier,S05-2016-P6,4,28,Sanibel,25.1,19.43,29.0,2.74,0
2016,S05,Collier,S05-2016-P6,5,35,Sanibel,30.0,17.84,43.5,2.74,0
2016,S05,Collier,S05-2016-P6,6,42,Sanibel,11.0,18.69,50.4,2.74,0
2016,S05,Collier,S05-2016-P6,7,49,Sanibel,27.7,19.84,42.7,2.74,0
2016,S05,Collier,S05-2016-P6,8,56,Sanibel,38.7,19.75,27.2,2.74,0
2016,S05,Collier,S05-2016-P6,9,63,Sanibel,24.2,20.99,40.7,2.74,0
2016,S05,Collier,S05-2016-P6,10,70,Sanibel,27.8,18.47,47.5,2.74,0
2016,S05,Collier,S05-2016-P6,11,77,Sanibel,28.1,19.77,34.5,2.74,0
2016,S05,Collier,S05-2016-P6,12,84,Sanibel,29.6,20.07,49.1,2.74,0
2016,S06,Collier,S06-2016-P1,1,7,Tygress,25.1,19.6,15.2,2.16,0
2016,S06,Collier,S06-2016-P1,2,14,Tygress,23.9,16.67,14.4,2.16,0
2016,S06,Collier,S06-2016-P1,3,21,Tygress,24.5,18.34,9.6,2.16,0
2016,S06,Collier,S06-2016-P1,4,28,Tygress,20.6,18.62,18.1,2.16,0
2016,S06,Collier,S06-2016-P1,5,35,Tygress,24.4,18.92,16.8,2.16,0
2016,S06,Collier,S06-2016-P1,6,42,Tygress,27.0,22.27,5.4,2.16,0
2016,S06,Collier,S06-2016-P1,7,49,Tygress,22.3,20.29,20.5,2.16,0
2016,S06,Collier,S06-2016-P1,8,56,Tygress,26.5,19.56,18.1,2.16,0
2016,S06,Collier,S06-2016-P1,9,63,Tygress,22.5,21.44,22.8,2.16,0
2016,S06,Collier,S06-2016-P1,10,70,Tygress,17.8,18.49,28.9,2.16,0
2016,S06,Collier,S06-2016-P1,11,77,Tygress,29.0,20.89,22.2,2.16,0
2016,S06,Collier,S06-2016-P1,12,84,Tygress,30.6,17.31,21.2,2.16,0
2016,S06,Collier,S06-2016-P2,1,7,FL-8000,23.8,20.03,24.6,3.01,0
2016,S06,Collier,S06-2016-P2,2,14,FL-8000,21.7,17.72,24.4,3.01,0
2016,S06,Collier,S06-2016-P2,3,21,FL-8000,29.9,18.35,13.3,3.01,0
2016,S06,Collier,S06-2016-P2,4,28,FL-8000,23.9,18.01,21.6,3.01,0
2016,S06,Collier,S06-2016-P2,5,35,FL-8000,27.6,19.63,19.7,3.01,0
2016,S06,Collier,S06-2016-P2,6,42,FL-8000,23.0,18.73,24.0,3.01,0
2016,S06,Collier,S06-2016-P2,7,49,FL-8000,23.4,16.82,25.6,3.01,0
2016,S06,Collier,S06-2016-P2,8,56,FL-8000,31.5,19.48,25.8,3.01,0
2016,S06,Collier,S06-2016-P2,9,63,FL-8000,13.0,18.24,30.7,3.01,0
2016,S06,Collier,S06-2016-P2,10,70,FL-8000,30.5,18.69,31.7,3.01,1
2016,S06,Collier,S06-2016-P2,11,77,FL-8000,25.8,21.79,35.2,3.01,0
2016,S06,Collier,S06-2016-P2,12,84,FL-8000,25.3,17.49,22.0,3.01,0
2016,S06,Collier,S06-2016-P3,1,7,FL-8000,37.2,17.97,23.4,3.52,0
2016,S06,Collier,S06-2016-P3,2,14,FL-8000,30.9,19.78,20.3,3.52,0
2016,S06,Collier,S06-2016-P3,3,21,FL-8000,25.6,20.42,42.0,3.52,0
2016,S06,Collier,S06-2016-P3,4,28,FL-8000,25.0,18.62,35.3,3.52,0
2016,S06,Collier,S06-2016-P3,5,35,FL-8000,32.2,20.6,45.1,3.52,0
2016,S06,Collier,S06-2016-P3,6,42,FL-8000,21.6,17.78,48.4,3.52,0
2016,S06,Collier,S06-2016-P3,7,49,FL-8000,25.5,18.66,16.4,3.52,0
2016,S06,Collier,S06-2016-P3,8,56,FL-8000,24.9,16.4,39.7,3.52,0
2016,S06,Collier,S06-2016-P3,9,63,FL-8000,20.6,17.71,30.2,3.52,0
2016,S06,Collier,S06-2016-P3,10,70,FL-8000,29.6,18.64,31.9,3.52,0
2016,S06,Collier,S06-2016-P3,11,77,FL-8000,33.7,19.21,30.6,3.52,0
2016,S06,Collier,S06-2016-P3,12,84,FL-8000,17.7,18.07,40.3,3.52,0
2016,S06,Collier,S06-2016-P4,1,7,HM-1823,28.9,19.62,61.6,3.01,0
2016,S06,Collier,S06-2016-P4,2,14,HM-1823,30.8,18.28,53.3,3.01,0
2016,S06,Collier,S06-2016-P4,3,21,HM-1823,15.0,18.37,33.2,3.01,0
2016,S06,Collier,S06-2016-P4,4,28,HM-1823,16.1,17.96,25.6,3.01,0
2016,S06,Collier,S06-2016-P4,5,35,HM-1823,20.5,16.82,45.6,3.01,0
2016,S06,Collier,S06-2016-P4,6,42,HM-1823,29.2,17.97,34.8,3.01,0
2016,S06,Collier,S06-2016-P4,7,49,HM-1823,25.6,21.08,36.0,3.01,0
2016,S06,Collier,S06-2016-P4,8,56,HM-1823,27.3,20.15,40.0,3.01,0
2016,S06,Collier,S06-2016-P4,9,63,HM-1823,16.1,18.63,37.2,3.01,0
2016,S06,Collier,S06-2016-P4,10,70,HM-1823,27.6,19.0,32.7,3.01,1
2016,S06,Collier,S06-2016-P4,11,77,HM-1823,27.4,19.07,48.2,3.01,0
2016,S06,Collier,S06-2016-P4,12,84,HM-1823,11.7,18.14,51.9,3.01,0
2016,S06,Collier,S06-2016-P5,1,7,Sanibel,27.7,19.26,25.4,2.13,0
2016,S06,Collier,S06-2016-P5,2,14,Sanibel,28.6,22.57,28.1,2.13,0
2016,S06,Collier,S06-2016-P5,3,21,Sanibel,32.6,20.36,32.9,2.13,0
2016,S06,Collier,S06-2016-P5,4,28,Sanibel,18.8,18.9,33.8,2.13,0
2016,S06,Collier,S06-2016-P5,5,35,Sanibel,21.9,18.89,40.2,2.13,0
2016,S06,Collier,S06-2016-P5,6,42,Sanibel,25.0,18.01,14.9,2.13,0
2016,S06,Collier,S06-2016-P5,7,49,Sanibel,27.3,19.4,43.3,2.13,0
2016,S06,Collier,S06-2016-P5,8,56,Sanibel,33.5,20.95,37.0,2.13,0
2016,S06,Collier,S06-2016-P5,9,63,Sanibel,13.3,18.09,24.0,2.13,0
2016,S06,Collier,S06-2016-P5,10,70,Sanibel,25.3,18.11,25.8,2.13,0
2016,S06,Collier,S06-2016-P5,11,77,Sanibel,19.1,18.58,25.4,2.13,0
2016,S06,Collier,S06-2016-P5,12,84,Sanibel,19.1,20.7,35.8,2.13,0
2016,S06,Collier,S06-2016-P6,1,7,Sanibel,36.5,21.69,37.6,2.18,0
2016,S06,Collier,S06-2016-P6,2,14,Sanibel,25.7,20.16,41.0,2.18,0
2016,S06,Collier,S06-2016-P6,3,21,Sanibel,25.7,19.85,29.6,2.18,0
2016,S06,Collier,S06-2016-P6,4,28,Sanibel,32.4,16.39,28.2,2.18,0
2016,S06,Collier,S06-2016-P6,5,35,Sanibel,18.0,20.02,31.1,2.18,0
2016,S06,Collier,S06-2016-P6,6,42,Sanibel,8.8,18.78,25.2,2.18,0
2016,S06,Collier,S06-2016-P6,7,49,Sanibel,34.5,19.88,30.3,2.18,0
2016,S06,Collier,S06-2016-P6,8,56,Sanibel,31.4,17.62,34.7,2.18,0
2016,S06,Collier,S06-2016-P6,9,63,Sanibel,40.8,20.11,33.7,2.18,0
2016,S06,Collier,S06-2016-P6,10,70,Sanibel,19.2,17.71,27.4,2.18,0
2016,S06,Collier,S06-2016-P6,11,77,Sanibel,22.7,18.88,26.0,2.18,0
2016,S06,Collier,S06-2016-P6,12,84,Sanibel,22.4,18.41,14.5,2.18,0
2016,S07,Miami-Dade,S07-2016-P1,1,7,FL-8000,35.1,19.88,34.4,3.04,0
2016,S07,Miami-Dade,S07-2016-P1,2,14,FL-8000,31.4,18.19,29.3,3.04,0
2016,S07,Miami-Dade,S07-2016-P1,3,21,FL-8000,43.4,18.87,38.2,3.04,0
2016,S07,Miami-Dade,S07-2016-P1,4,28,FL-8000,26.5,18.95,37.8,3.04,0
2016,S07,Miami-Dade,S07-2016-P1,5,35,FL-8000,23.5,18.54,55.1,3.04,0
2016,S07,Miami-Dade,S07-2016-P1,6,42,FL-8000,26.7,19.35,38.5,3.04,0
2016,S07,Miami-Dade,S07-2016-P1,7,49,FL-8000,25.7,17.82,34.1,3.04,0
2016,S07,Miami-Dade,S07-2016-P1,8,56,FL-8000,29.4,18.5,28.2,3.04,0
2016,S07,Miami-Dade,S07-2016-P1,9,63,FL-8000,33.4,19.13,48.1,3.04,0
2016,S07,Miami-Dade,S07-2016-P1,10,70,FL-8000,26.4,16.34,29.3,3.04,0
2016,S07,Miami-Dade,S07-2016-P1,11,77,FL-8000,26.0,19.15,30.0,3.04,0
2016,S07,Miami-Dade,S07-2016-P1,12,84,FL-8000,35.4,17.46,35.9,3.04,0
2016,S07,Miami-Dade,S07-2016-P2,1,7,Sanibel,29.8,17.88,34.6,2.65,0
2016,S07,Miami-Dade,S07-2016-P2,2,14,Sanibel,32.8,17.17,41.7,2.65,0
2016,S07,Miami-Dade,S07-2016-P2,3,21,Sanibel,37.0,17.92,27.4,2.65,0
2016,S07,Miami-Dade,S07-2016-P2,4,28,Sanibel,17.4,17.07,41.6,2.65,0
2016,S07,Miami-Dade,S07-2016-P2,5,35,Sanibel,18.4,15.28,19.3,2.65,0
2016,S07,Miami-Dade,S07-2016-P2,6,42,Sanibel,22.2,18.68,26.5,2.65,0
2016,S07,Miami-Dade,S07-2016-P2,7,49,Sanibel,22.3,15.5,26.6,2.65,0
2016,S07,Miami-Dade,S07-2016-P2,8,56,Sanibel,26.1,16.27,23.6,2.65,0
2016,S07,Miami-Dade,S07-2016-P2,9,63,Sanibel,30.0,17.97,20.4,2.65,0
2016,S07,Miami-Dade,S07-2016-P2,10,70,Sanibel,27.2,15.86,42.2,2.65,0
2016,S07,Miami-Dade,S07-2016-P2,11,77,Sanibel,34.5,15.92,18.1,2.65,1
2016,S07,Miami-Dade,S07-2016-P2,12,84,Sanibel,38.1,18.99,45.3,2.65,1
2016,S07,Miami-Dade,S07-2016-P3,1,7,HM-1823,31.0,21.41,20.7,3.31,0
2016,S07,Miami-Dade,S07-2016-P3,2,14,HM-1823,25.6,19.38,17.9,3.31,0
2016,S07,Miami-Dade,S07-2016-P3,3,21,HM-1823,26.0,20.31,18.6,3.31,0
2016,S07,Miami-Dade,S07-2016-P3,4,28,HM-1823,30.4,18.0,9.9,3.31,0
2016,S07,Miami-Dade,S07-2016-P3,5,35,HM-1823,37.7,18.19,22.6,3.31,0
2016,S07,Miami-Dade,S07-2016-P3,6,42,HM-1823,21.3,19.02,34.1,3.31,0
2016,S07,Miami-Dade,S07-2016-P3,7,49,HM-1823,20.3,18.47,20.1,3.31,0
2016,S07,Miami-Dade,S07-2016-P3,8,56,HM-1823,24.0,19.04,24.3,3.31,0
2016,S07,Miami-Dade,S07-2016-P3,9,63,HM-1823,23.6,20.95,19.2,3.31,0
2016,S07,Miami-Dade,S07-2016-P3,10,70,HM-1823,20.0,18.53,26.5,3.31,0
2016,S07,Miami-Dade,S07-2016-P3,11,77,HM-1823,29.7,18.98,18.6,3.31,0
2016,S07,Miami-Dade,S07-2016-P3,12,84,HM-1823,14.6,20.87,17.4,3.31,0
2016,S07,Miami-Dade,S07-2016-P4,1,7,Tygress,31.3,17.15,31.9,2.29,0
2016,S07,Miami-Dade,S07-2016-P4,2,14,Tygress,38.1,19.15,41.6,2.29,0
2016,S07,Miami-Dade,S07-2016-P4,3,21,Tygress,25.8,17.89,50.8,2.29,0
2016,S07,Miami-Dade,S07-2016-P4,4,28,Tygress,36.2,17.59,36.6,2.29,0
2016,S07,Miami-Dade,S07-2016-P4,5,35,Tygress,22.6,20.04,43.0,2.29,0
2016,S07,Miami-Dade,S07-2016-P4,6,42,Tygress,35.3,20.62,44.7,2.29,0
2016,S07,Miami-Dade,S07-2016-P4,7,49,Tygress,38.5,20.69,34.6,2.29,0
2016,S07,Miami-Dade,S07-2016-P4,8,56,Tygress,20.1,19.71,53.0,2.29,0
2016,S07,Miami-Dade,S07-2016-P4,9,63,Tygress,11.8,17.73,25.7,2.29,0
2016,S07,Miami-Dade,S07-2016-P4,10,70,Tygress,31.3,17.77,56.5,2.29,0
2016,S07,Miami-Dade,S07-2016-P4,11,77,Tygress,23.6,19.23,40.2,2.29,0
2016,S07,Miami-Dade,S07-2016-P4,12,84,Tygress,29.4,20.25,47.7,2.29,0
2016,S07,Miami-Dade,S07-2016-P5,1,7,Sanibel,27.4,17.55,33.7,3.38,0
2016,S07,Miami-Dade,S07-2016-P5,2,14,Sanibel,27.0,17.86,45.3,3.38,0
2016,S07,Miami-Dade,S07-2016-P5,3,21,Sanibel,28.5,16.63,22.1,3.38,0
2016,S07,Miami-Dade,S07-2016-P5,4,28,Sanibel,27.0,19.21,39.9,3.38,0
2016,S07,Miami-Dade,S07-2016-P5,5,35,Sanibel,30.7,16.68,32.0,3.38,0
2016,S07,Miami-Dade,S07-2016-P5,6,42,Sanibel,16.7,21.47,33.0,3.38,0
2016,S07,Miami-Dade,S07-2016-P5,7,49,Sanibel,23.1,18.73,36.5,3.38,0
2016,S07,Miami-Dade,S07-2016-P5,8,56,Sanibel,29.3,18.86,38.1,3.38,0
2016,S07,Miami-Dade,S07-2016-P5,9,63,Sanibel,16.9,19.31,44.1,3.38,0
2016,S07,Miami-Dade,S07-2016-P5,10,70,Sanibel,20.6,18.24,31.2,3.38,0
2016,S07,Miami-Dade,S07-2016-P5,11,77,Sanibel,31.2,18.36,34.3,3.38,0
2016,S07,Miami-Dade,S07-2016-P5,12,84,Sanibel,30.1,16.75,42.3,3.38,0
2016,S07,Miami-Dade,S07-2016-P6,1,7,FL-8000,33.7,18.62,23.3,3.1,0
2016,S07,Miami-Dade,S07-2016-P6,2,14,FL-8000,24.3,18.81,34.2,3.1,1
2016,S07,Miami-Dade,S07-2016-P6,3,21,FL-8000,27.0,18.0,23.2,3.1,1
2016,S07,Miami-Dade,S07-2016-P6,4,28,FL-8000,41.5,17.68,8.5,3.1,1
2016,S07,Miami-Dade,S07-2016-P6,5,35,FL-8000,27.8,20.6,19.1,3.1,0
2016,S07,Miami-Dade,S07-2016-P6,6,42,FL-8000,28.0,18.51,2.8,3.1,0
2016,S07,Miami-Dade,S07-2016-P6,7,49,FL-8000,32.8,19.88,31.0,3.1,0
2016,S07,Miami-Dade,S07-2016-P6,8,56,FL-8000,30.8,19.93,20.0,3.1,0
2016,S07,Miami-Dade,S07-2016-P6,9,63,FL-8000,31.8,18.38,6.3,3.1,1
2016,S07,Miami-Dade,S07-2016-P6,10,70,FL-8000,33.8,17.56,21.5,3.1,1
2016,S07,Miami-Dade,S07-2016-P6,11,77,FL-8000,14.5,19.29,14.1,3.1,1
2016,S07,Miami-Dade,S07-2016-P6,12,84,FL-8000,17.3,19.12,16.7,3.1,0
2016,S08,Miami-Dade,S08-2016-P1,1,7,Tygress,29.3,15.62,30.8,1.84,0
2016,S08,Miami-Dade,S08-2016-P1,2,14,Tygress,20.2,17.31,37.6,1.84,0
2016,S08,Miami-Dade,S08-2016-P1,3,21,Tygress,25.6,18.34,23.6,1.84,0
2016,S08,Miami-Dade,S08-2016-P1,4,28,Tygress,27.0,15.79,39.6,1.84,0
2016,S08,Miami-Dade,S08-2016-P1,5,35,Tygress,25.0,19.1,43.9,1.84,0
2016,S08,Miami-Dade,S08-2016-P1,6,42,Tygress,28.8,15.82,49.6,1.84,0
2016,S08,Miami-Dade,S08-2016-P1,7,49,Tygress,16.3,17.35,42.8,1.84,0
2016,S08,Miami-Dade,S08-2016-P1,8,56,Tygress,18.6,17.84,35.1,1.84,0
2016,S08,Miami-Dade,S08-2016-P1,9,63,Tygress,28.1,18.69,50.1,1.84,0
2016,S08,Miami-Dade,S08-2016-P1,10,70,Tygress,31.5,17.15,37.2,1.84,0
2016,S08,Miami-Dade,S08-2016-P1,11,77,Tygress,28.6,19.31,48.6,1.84,0
2016,S08,Miami-Dade,S08-2016-P1,12,84,Tygress,25.0,16.73,33.3,1.84,0
2016,S08,Miami-Dade,S08-2016-P2,1,7,Sebring,32.8,18.43,34.6,2.87,0
2016,S08,Miami-Dade,S08-2016-P2,2,14,Sebring,22.6,18.76,24.7,2.87,0
2016,S08,Miami-Dade,S08-2016-P2,3,21,Sebring,32.9,18.08,32.9,2.87,0
2016,S08,Miami-Dade,S08-2016-P2,4,28,Sebring,32.8,19.4,41.6,2.87,0
2016,S08,Miami-Dade,S08-2016-P2,5,35,Sebring,40.6,18.01,25.7,2.87,0
2016,S08,Miami-Dade,S08-2016-P2,6,42,Sebring,26.9,17.41,36.0,2.87,0
2016,S08,Miami-Dade,S08-2016-P2,7,49,Sebring,22.4,21.04,30.5,2.87,0
2016,S08,Miami-Dade,S08-2016-P2,8,56,Sebring,23.0,19.48,45.3,2.87,0
2016,S08,Miami-Dade,S08-2016-P2,9,63,Sebring,27.8,20.55,19.5,2.87,0
2016,S08,Miami-Dade,S08-2016-P2,10,70,Sebring,20.1,20.15,27.6,2.87,0
2016,S08,Miami-Dade,S08-2016-P2,11,77,Sebring,25.2,19.19,39.2,2.87,0
2016,S08,Miami-Dade,S08-2016-P2,12,84,Sebring,27.3,22.23,26.0,2.87,1
2016,S08,Miami-Dade,S08-2016-P3,1,7,FL-8000,37.5,19.11,32.3,2.21,0
2016,S08,Miami-Dade,S08-2016-P3,2,14,FL-8000,25.5,16.12,25.4,2.21,0
2016,S08,Miami-Dade,S08-2016-P3,3,21,FL-8000,30.0,17.04,28.9,2.21,0
2016,S08,Miami-Dade,S08-2016-P3,4,28,FL-8000,31.0,15.97,8.3,2.21,0
2016,S08,Miami-Dade,S08-2016-P3,5,35,FL-8000,26.3,18.05,33.4,2.21,0
2016,S08,Miami-Dade,S08-2016-P3,6,42,FL-8000,23.7,17.66,27.7,2.21,0
2016,S08,Miami-Dade,S08-2016-P3,7,49,FL-8000,26.9,19.19,35.3,2.21,0
2016,S08,Miami-Dade,S08-2016-P3,8,56,FL-8000,24.3,18.08,23.7,2.21,0
2016,S08,Miami-Dade,S08-2016-P3,9,63,FL-8000,26.9,17.11,44.3,2.21,0
2016,S08,Miami-Dade,S08-2016-P3,10,70,FL-8000,19.8,20.01,36.2,2.21,0
2016,S08,Miami-Dade,S08-2016-P3,11,77,FL-8000,22.9,18.7,20.8,2.21,0
2016,S08,Miami-Dade,S08-2016-P3,12,84,FL-8000,26.9,17.75,33.6,2.21,0
2016,S08,Miami-Dade,S08-2016-P4,1,7,Sanibel,37.4,15.82,5.7,1.61,0
2016,S08,Miami-Dade,S08-2016-P4,2,14,Sanibel,27.6,20.17,30.0,1.61,0
2016,S08,Miami-Dade,S08-2016-P4,3,21,Sanibel,19.5,17.71,17.6,1.61,0
2016,S08,Miami-Dade,S08-2016-P4,4,28,Sanibel,24.9,14.14,2.4,1.61,0
2016,S08,Miami-Dade,S08-2016-P4,5,35,Sanibel,32.8,18.0,26.9,1.61,0
2016,S08,Miami-Dade,S08-2016-P4,6,42,Sanibel,34.0,16.68,15.0,1.61,0
2016,S08,Miami-Dade,S08-2016-P4,7,49,Sanibel,39.9,17.6,35.9,1.61,0
2016,S08,Miami-Dade,S08-2016-P4,8,56,Sanibel,30.2,18.7,36.4,1.61,0
2016,S08,Miami-Dade,S08-2016-P4,9,63,Sanibel,25.1,18.98,5.9,1.61,0
2016,S08,Miami-Dade,S08-2016-P4,10,70,Sanibel,23.6,16.91,26.0,1.61,0
2016,S08,Miami-Dade,S08-2016-P4,11,77,Sanibel,31.3,18.71,32.6,1.61,0
2016,S08,Miami-Dade,S08-2016-P4,12,84,Sanibel,37.9,17.06,24.5,1.61,0
2016,S08,Miami-Dade,S08-2016-P5,1,7,Sebring,28.9,18.7,50.7,3.0,1
2016,S08,Miami-Dade,S08-2016-P5,2,14,Sebring,28.1,20.06,61.7,3.0,0
2016,S08,Miami-Dade,S08-2016-P5,3,21,Sebring,28.7,18.47,33.5,3.0,0
2016,S08,Miami-Dade,S08-2016-P5,4,28,Sebring,20.7,17.42,21.8,3.0,0
2016,S08,Miami-Dade,S08-2016-P5,5,35,Sebring,18.4,19.58,61.2,3.0,0
2016,S08,Miami-Dade,S08-2016-P5,6,42,Sebring,15.5,19.23,32.8,3.0,0
2016,S08,Miami-Dade,S08-2016-P5,7,49,Sebring,33.5,18.67,64.5,3.0,0
2016,S08,Miami-Dade,S08-2016-P5,8,56,Sebring,32.8,20.2,41.6,3.0,1
2016,S08,Miami-Dade,S08-2016-P5,9,63,Sebring,25.4,19.64,31.2,3.0,0
2016,S08,Miami-Dade,S08-2016-P5,10,70,Sebring,38.6,17.87,44.2,3.0,1
2016,S08,Miami-Dade,S08-2016-P5,11,77,Sebring,27.1,19.16,46.0,3.0,0
2016,S08,Miami-Dade,S08-2016-P5,12,84,Sebring,41.7,18.27,38.4,3.0,1
2016,S08,Miami-Dade,S08-2016-P6,1,7,Sanibel,26.2,17.73,22.9,3.82,0
2016,S08,Miami-Dade,S08-2016-P6,2,14,Sanibel,18.2,18.5,43.6,3.82,0
2016,S08,Miami-Dade,S08-2016-P6,3,21,Sanibel,20.3,17.13,39.2,3.82,0
2016,S08,Miami-Dade,S08-2016-P6,4,28,Sanibel,12.2,18.35,22.5,3.82,0
2016,S08,Miami-Dade,S08-2016-P6,5,35,Sanibel,23.3,19.88,43.4,3.82,0
2016,S08,Miami-Dade,S08-2016-P6,6,42,Sanibel,27.5,18.13,39.0,3.82,0
2016,S08,Miami-Dade,S08-2016-P6,7,49,Sanibel,34.4,18.84,46.6,3.82,0
2016,S08,Miami-Dade,S08-2016-P6,8,56,Sanibel,21.9,18.22,25.4,3.82,0
2016,S08,Miami-Dade,S08-2016-P6,9,63,Sanibel,26.5,17.68,30.6,3.82,1
2016,S08,Miami-Dade,S08-2016-P6,10,70,Sanibel,29.3,18.93,14.2,3.82,0
2016,S08,Miami-Dade,S08-2016-P6,11,77,Sanibel,19.9,18.97,28.2,3.82,0
2016,S08,Miami-Dade,S08-2016-P6,12,84,Sanibel,23.9,16.75,29.0,3.82,1
2017,S01,Manatee,S01-2017-P1,1,7,Sanibel,21.0,21.23,42.6,3.14,0
2017,S01,Manatee,S01-2017-P1,2,14,Sanibel,31.8,22.45,35.2,3.14,0
2017,S01,Manatee,S01-2017-P1,3,21,Sanibel,33.3,20.69,37.9,3.14,0
2017,S01,Manatee,S01-2017-P1,4,28,Sanibel,42.0,22.86,55.4,3.14,0
2017,S01,Manatee,S01-2017-P1,5,35,Sanibel,35.8,19.35,29.6,3.14,0
2017,S01,Manatee,S01-2017-P1,6,42,Sanibel,31.9,17.99,38.5,3.14,0
2017,S01,Manatee,S01-2017-P1,7,49,Sanibel,13.6,19.85,33.1,3.14,0
2017,S01,Manatee,S01-2017-P1,8,56,Sanibel,20.9,21.73,35.3,3.14,0
2017,S01,Manatee,S01-2017-P1,9,63,Sanibel,35.5,20.64,30.6,3.14,0
2017,S01,Manatee,S01-2017-P1,10,70,Sanibel,33.0,22.12,43.9,3.14,1
2017,S01,Manatee,S01-2017-P1,11,77,Sanibel,38.4,19.89,47.0,3.14,0
2017,S01,Manatee,S01-2017-P1,12,84,Sanibel,44.2,21.47,33.7,3.14,0
2017,S01,Manatee,S01-2017-P2,1,7,Tygress,26.6,21.98,14.4,2.81,0
2017,S01,Manatee,S01-2017-P2,2,14,Tygress,29.8,22.04,27.1,2.81,0
2017,S01,Manatee,S01-2017-P2,3,21,Tygress,26.2,21.09,22.2,2.81,0
2017,S01,Manatee,S01-2017-P2,4,28,Tygress,32.3,22.3,18.6,2.81,0
2017,S01,Manatee,S01-2017-P2,5,35,Tygress,28.2,22.18,40.0,2.81,1
2017,S01,Manatee,S01-2017-P2,6,42,Tygress,33.5,20.09,27.4,2.81,0
2017,S01,Manatee,S01-2017-P2,7,49,Tygress,24.4,20.73,9.8,2.81,0
2017,S01,Manatee,S01-2017-P2,8,56,Tygress,26.1,19.18,22.0,2.81,0
2017,S01,Manatee,S01-2017-P2,9,63,Tygress,31.6,22.81,28.7,2.81,0
2017,S01,Manatee,S01-2017-P2,10,70,Tygress,21.8,19.69,44.6,2.81,0
2017,S01,Manatee,S01-2017-P2,11,77,Tygress,40.0,21.89,19.4,2.81,0
2017,S01,Manatee,S01-2017-P2,12,84,Tygress,23.7,22.85,32.2,2.81,0
2017,S01,Manatee,S01-2017-P3,1,7,FL-8000,36.4,22.24,28.5,2.49,1
2017,S01,Manatee,S01-2017-P3,2,14,FL-8000,32.0,23.09,45.7,2.49,0
2017,S01,Manatee,S01-2017-P3,3,21,FL-8000,39.0,21.25,46.1,2.49,1
2017,S01,Manatee,S01-2017-P3,4,28,FL-8000,31.3,24.02,29.8,2.49,0
2017,S01,Manatee,S01-2017-P3,5,35,FL-8000,33.5,22.35,33.8,2.49,0
2017,S01,Manatee,S01-2017-P3,6,42,FL-8000,30.8,24.33,51.8,2.49,1
2017,S01,Manatee,S01-2017-P3,7,49,FL-8000,42.0,22.58,47.7,2.49,0
2017,S01,Manatee,S01-2017-P3,8,56,FL-8000,30.2,22.63,36.7,2.49,1
2017,S01,Manatee,S01-2017-P3,9,63,FL-8000,37.1,24.33,32.5,2.49,1
2017,S01,Manatee,S01-2017-P3,10,70,FL-8000,35.8,21.85,33.8,2.49,0
2017,S01,Manatee,S01-2017-P3,11,77,FL-8000,37.4,22.39,38.5,2.49,1
2017,S01,Manatee,S01-2017-P3,12,84,FL-8000,38.4,23.31,38.6,2.49,0
2017,S01,Manatee,S01-2017-P4,1,7,Sebring,27.7,23.12,47.2,2.28,0
2017,S01,Manatee,S01-2017-P4,2,14,Sebring,27.7,20.23,28.6,2.28,0
2017,S01,Manatee,S01-2017-P4,3,21,Sebring,37.5,22.73,28.1,2.28,1
2017,S01,Manatee,S01-2017-P4,4,28,Sebring,36.5,20.93,33.1,2.28,0
2017,S01,Manatee,S01-2017-P4,5,35,Sebring,28.7,21.06,22.6,2.28,0
2017,S01,Manatee,S01-2017-P4,6,42,Sebring,34.4,21.64,21.6,2.28,1
2017,S01,Manatee,S01-2017-P4,7,49,Sebring,38.8,23.42,30.6,2.28,1
2017,S01,Manatee,S01-2017-P4,8,56,Sebring,27.2,24.6,20.1,2.28,0
2017,S01,Manatee,S01-2017-P4,9,63,Sebring,24.1,22.11,36.9,2.28,0
2017,S01,Manatee,S01-2017-P4,10,70,Sebring,28.2,22.48,17.1,2.28,0
2017,S01,Manatee,S01-2017-P4,11,77,Sebring,23.5,22.65,26.0,2.28,1
2017,S01,Manatee,S01-2017-P4,12,84,Sebring,21.0,21.07,10.5,2.28,0
2017,S01,Manatee,S01-2017-P5,1,7,Sebring,37.1,22.67,51.1,4.26,1
2017,S01,Manatee,S01-2017-P5,2,14,Sebring,33.2,22.73,57.8,4.26,0
2017,S01,Manatee,S01-2017-P5,3,21,Sebring,24.2,24.21,34.2,4.26,1
2017,S01,Manatee,S01-2017-P5,4,28,Sebring,37.4,22.8,58.0,4.26,0
2017,S01,Manatee,S01-2017-P5,5,35,Sebring,30.8,21.27,46.9,4.26,0
2017,S01,Manatee,S01-2017-P5,6,42,Sebring,27.2,20.84,47.4,4.26,1
2017,S01,Manatee,S01-2017-P5,7,49,Sebring,35.8,21.65,41.5,4.26,0
2017,S01,Manatee,S01-2017-P5,8,56,Sebring,19.7,23.5,38.9,4.26,0
2017,S01,Manatee,S01-2017-P5,9,63,Sebring,23.2,21.18,39.5,4.26,1
2017,S01,Manatee,S01-2017-P5,10,70,Sebring,32.8,21.02,50.4,4.26,0
2017,S01,Manatee,S01-2017-P5,11,77,Sebring,31.7,23.33,40.7,4.26,1
2017,S01,Manatee,S01-2017-P5,12,84,Sebring,35.6,22.27,50.6,4.26,1
2017,S01,Manatee,S01-2017-P6,1,7,HM-1823,44.1,22.49,15.3,3.48,0
2017,S01,Manatee,S01-2017-P6,2,14,HM-1823,25.3,24.14,26.3,3.48,0
2017,S01,Manatee,S01-2017-P6,3,21,HM-1823,37.5,23.92,28.6,3.48,0
2017,S01,Manatee,S01-2017-P6,4,28,HM-1823,29.9,25.1,18.4,3.48,0
2017,S01,Manatee,S01-2017-P6,5,35,HM-1823,36.9,22.94,25.6,3.48,0
2017,S01,Manatee,S01-2017-P6,6,42,HM-1823,46.0,22.72,24.1,3.48,0
2017,S01,Manatee,S01-2017-P6,7,49,HM-1823,34.9,23.23,17.4,3.48,0
2017,S01,Manatee,S01-2017-P6,8,56,HM-1823,24.6,24.44,20.6,3.48,0
2017,S01,Manatee,S01-2017-P6,9,63,HM-1823,33.2,21.78,41.2,3.48,0
2017,S01,Manatee,S01-2017-P6,10,70,HM-1823,36.7,24.49,32.7,3.48,0
2017,S01,Manatee,S01-2017-P6,11,77,HM-1823,24.6,20.51,6.1,3.48,0
2017,S01,Manatee,S01-2017-P6,12,84,HM-1823,37.0,21.07,24.6,3.48,0
2017,S02,Manatee,S02-2017-P1,1,7,FL-8000,41.1,23.03,42.6,3.89,1
2017,S02,Manatee,S02-2017-P1,2,14,FL-8000,27.2,20.51,41.4,3.89,0
2017,S02,Manatee,S02-2017-P1,3,21,FL-8000,26.5,22.09,46.9,3.89,0
2017,S02,Manatee,S02-2017-P1,4,28,FL-8000,26.9,19.52,29.5,3.89,1
2017,S02,Manatee,S02-2017-P1,5,35,FL-8000,31.6,20.24,53.3,3.89,0
2017,S02,Manatee,S02-2017-P1,6,42,FL-8000,33.4,19.69,41.2,3.89,1
2017,S02,Manatee,S02-2017-P1,7,49,FL-8000,22.6,20.79,45.1,3.89,0
2017,S02,Manatee,S02-2017-P1,8,56,FL-8000,33.9,22.92,35.8,3.89,1
2017,S02,Manatee,S02-2017-P1,9,63,FL-8000,33.3,20.99,50.6,3.89,1
2017,S02,Manatee,S02-2017-P1,10,70,FL-8000,28.5,22.64,28.9,3.89,0
2017,S02,Manatee,S02-2017-P1,11,77,FL-8000,31.0,21.88,51.5,3.89,0
2017,S02,Manatee,S02-2017-P1,12,84,FL-8000,32.6,19.82,35.5,3.89,0
2017,S02,Manatee,S02-2017-P2,1,7,Sanibel,30.5,21.51,11.9,2.33,0
2017,S02,Manatee,S02-2017-P2,2,14,Sanibel,23.6,20.7,21.2,2.33,1
2017,S02,Manatee,S02-2017-P2,3,21,Sanibel,29.0,21.38,25.0,2.33,0
2017,S02,Manatee,S02-2017-P2,4,28,Sanibel,22.4,20.14,21.2,2.33,0
2017,S02,Manatee,S02-2017-P2,5,35,Sanibel,28.3,21.86,27.3,2.33,0
2017,S02,Manatee,S02-2017-P2,6,42,Sanibel,34.1,22.32,35.2,2.33,0
2017,S02,Manatee,S02-2017-P2,7,49,Sanibel,29.6,21.77,41.1,2.33,0
2017,S02,Manatee,S02-2017-P2,8,56,Sanibel,29.3,21.99,30.3,2.33,0
2017,S02,Manatee,S02-2017-P2,9,63,Sanibel,22.1,20.23,27.7,2.33,0
2017,S02,Manatee,S02-2017-P2,10,70,Sanibel,26.0,22.04,20.2,2.33,0
2017,S02,Manatee,S02-2017-P2,11,77,Sanibel,35.3,22.14,32.1,2.33,0
2017,S02,Manatee,S02-2017-P2,12,84,Sanibel,30.4,20.41,0.0,2.33,0
2017,S02,Manatee,S02-2017-P3,1,7,Sebring,20.7,18.68,21.1,3.69,0
2017,S02,Manatee,S02-2017-P3,2,14,Sebring,14.7,19.98,15.6,3.69,0
2017,S02,Manatee,S02-2017-P3,3,21,Sebring,27.7,19.44,9.0,3.69,0
2017,S02,Manatee,S02-2017-P3,4,28,Sebring,30.2,22.36,30.1,3.69,1
2017,S02,Manatee,S02-2017-P3,5,35,Sebring,35.2,20.05,30.6,3.69,0
2017,S02,Manatee,S02-2017-P3,6,42,Sebring,19.7,18.83,22.3,3.69,0
2017,S02,Manatee,S02-2017-P3,7,49,Sebring,21.6,19.22,10.8,3.69,0
2017,S02,Manatee,S02-2017-P3,8,56,Sebring,23.2,17.61,23.0,3.69,1
2017,S02,Manatee,S02-2017-P3,9,63,Sebring,28.9,21.46,23.8,3.69,1
2017,S02,Manatee,S02-2017-P3,10,70,Sebring,26.5,20.35,19.9,3.69,0
2017,S02,Manatee,S02-2017-P3,11,77,Sebring,22.6,18.55,18.8,3.69,0
2017,S02,Manatee,S02-2017-P3,12,84,Sebring,24.4,19.82,7.1,3.69,1
2017,S02,Manatee,S02-2017-P4,1,7,FL-8000,22.9,19.87,33.2,2.78,0
2017,S02,Manatee,S02-2017-P4,2,14,FL-8000,27.7,22.3,45.4,2.78,0
2017,S02,Manatee,S02-2017-P4,3,21,FL-8000,23.8,21.33,27.0,2.78,0
2017,S02,Manatee,S02-2017-P4,4,28,FL-8000,34.9,21.16,37.4,2.78,0
2017,S02,Manatee,S02-2017-P4,5,35,FL-8000,29.6,22.72,29.3,2.78,1
2017,S02,Manatee,S02-2017-P4,6,42,FL-8000,20.6,21.23,43.7,2.78,0
2017,S02,Manatee,S02-2017-P4,7,49,FL-8000,22.5,21.04,43.2,2.78,0
2017,S02,Manatee,S02-2017-P4,8,56,FL-8000,33.0,23.7,56.4,2.78,1
2017,S02,Manatee,S02-2017-P4,9,63,FL-8000,27.2,18.86,36.9,2.78,0
2017,S02,Manatee,S02-2017-P4,10,70,FL-8000,31.0,21.21,25.8,2.78,0
2017,S02,Manatee,S02-2017-P4,11,77,FL-8000,31.2,21.69,36.8,2.78,0
2017,S02,Manatee,S02-2017-P4,12,84,FL-8000,24.9,23.16,36.6,2.78,1
2017,S02,Manatee,S02-2017-P5,1,7,Sebring,27.4,22.38,40.9,3.1,1
2017,S02,Manatee,S02-2017-P5,2,14,Sebring,30.2,20.63,29.0,3.1,0
2017,S02,Manatee,S02-2017-P5,3,21,Sebring,28.2,21.83,40.1,3.1,1
2017,S02,Manatee,S02-2017-P5,4,28,Sebring,35.7,22.27,37.3,3.1,1
2017,S02,Manatee,S02-2017-P5,5,35,Sebring,33.8,22.07,35.9,3.1,1
2017,S02,Manatee,S02-2017-P5,6,42,Sebring,35.9,18.24,64.4,3.1,1
2017,S02,Manatee,S02-2017-P5,7,49,Sebring,36.8,20.61,47.3,3.1,1
2017,S02,Manatee,S02-2017-P5,8,56,Sebring,34.6,25.02,26.0,3.1,1
2017,S02,Manatee,S02-2017-P5,9,63,Sebring,27.4,21.03,43.0,3.1,0
2017,S02,Manatee,S02-2017-P5,10,70,Sebring,40.4,22.67,32.7,3.1,1
2017,S02,Manatee,S02-2017-P5,11,77,Sebring,29.5,21.85,55.5,3.1,1
2017,S02,Manatee,S02-2017-P5,12,84,Sebring,37.5,21.66,31.2,3.1,0
2017,S02,Manatee,S02-2017-P6,1,7,Tygress,32.1,23.16,50.2,2.77,0
2017,S02,Manatee,S02-2017-P6,2,14,Tygress,35.7,19.9,59.2,2.77,0
2017,S02,Manatee,S02-2017-P6,3,21,Tygress,24.1,20.78,38.0,2.77,0
2017,S02,Manatee,S02-2017-P6,4,28,Tygress,37.6,21.09,57.7,2.77,1
2017,S02,Manatee,S02-2017-P6,5,35,Tygress,21.8,21.26,38.1,2.77,0
2017,S02,Manatee,S02-2017-P6,6,42,Tygress,28.2,21.16,45.9,2.77,0
2017,S02,Manatee,S02-2017-P6,7,49,Tygress,32.2,21.03,49.4,2.77,0
2017,S02,Manatee,S02-2017-P6,8,56,Tygress,22.2,21.28,44.9,2.77,0
2017,S02,Manatee,S02-2017-P6,9,63,Tygress,37.0,20.05,40.9,2.77,0
2017,S02,Manatee,S02-2017-P6,10,70,Tygress,30.8,20.41,46.8,2.77,0
2017,S02,Manatee,S02-2017-P6,11,77,Tygress,30.2,20.87,38.9,2.77,0
2017,S02,Manatee,S02-2017-P6,12,84,Tygress,31.4,21.12,56.9,2.77,0
2017,S03,Hillsborough,S03-2017-P1,1,7,Tygress,25.7,23.96,45.1,2.54,0
2017,S03,Hillsborough,S03-2017-P1,2,14,Tygress,20.5,22.4,58.1,2.54,0
2017,S03,Hillsborough,S03-2017-P1,3,21,Tygress,17.3,22.34,45.9,2.54,0
2017,S03,Hillsborough,S03-2017-P1,4,28,Tygress,28.1,23.07,54.3,2.54,0
2017,S03,Hillsborough,S03-2017-P1,5,35,Tygress,22.2,21.16,32.1,2.54,0
2017,S03,Hillsborough,S03-2017-P1,6,42,Tygress,27.0,20.72,49.1,2.54,0
2017,S03,Hillsborough,S03-2017-P1,7,49,Tygress,22.3,22.13,42.9,2.54,0
2017,S03,Hillsborough,S03-2017-P1,8,56,Tygress,27.0,23.19,46.3,2.54,0
2017,S03,Hillsborough,S03-2017-P1,9,63,Tygress,30.5,24.68,41.9,2.54,0
2017,S03,Hillsborough,S03-2017-P1,10,70,Tygress,21.6,21.88,57.0,2.54,0
2017,S03,Hillsborough,S03-2017-P1,11,77,Tygress,23.9,20.81,34.3,2.54,0
2017,S03,Hillsborough,S03-2017-P1,12,84,Tygress,26.4,20.8,40.6,2.54,0
2017,S03,Hillsborough,S03-2017-P2,1,7,Tygress,24.2,21.7,15.8,4.37,1
2017,S03,Hillsborough,S03-2017-P2,2,14,Tygress,29.6,21.6,25.7,4.37,1
2017,S03,Hillsborough,S03-2017-P2,3,21,Tygress,29.6,22.79,38.2,4.37,0
2017,S03,Hillsborough,S03-2017-P2,4,28,Tygress,23.6,21.53,17.1,4.37,0
2017,S03,Hillsborough,S03-2017-P2,5,35,Tygress,24.2,22.3,30.6,4.37,0
2017,S03,Hillsborough,S03-2017-P2,6,42,Tygress,26.9,20.11,28.8,4.37,0
2017,S03,Hillsborough,S03-2017-P2,7,49,Tygress,33.9,20.64,20.3,4.37,1
2017,S03,Hillsborough,S03-2017-P2,8,56,Tygress,35.7,22.03,25.1,4.37,0
2017,S03,Hillsborough,S03-2017-P2,9,63,Tygress,22.3,22.5,43.4,4.37,0
2017,S03,Hillsborough,S03-2017-P2,10,70,Tygress,31.9,23.33,8.8,4.37,0
2017,S03,Hillsborough,S03-2017-P2,11,77,Tygress,18.8,22.84,28.2,4.37,0
2017,S03,Hillsborough,S03-2017-P2,12,84,Tygress,31.6,22.02,35.1,4.37,1
2017,S03,Hillsborough,S03-2017-P3,1,7,Sanibel,24.4,20.58,38.4,2.07,0
2017,S03,Hillsborough,S03-2017-P3,2,14,Sanibel,28.2,21.62,45.8,2.07,0
2017,S03,Hillsborough,S03-2017-P3,3,21,Sanibel,33.6,20.94,33.4,2.07,0
2017,S03,Hillsborough,S03-2017-P3,4,28,Sanibel,31.2,20.56,29.3,2.07,0
2017,S03,Hillsborough,S03-2017-P3,5,35,Sanibel,31.5,22.49,51.0,2.07,0
2017,S03,Hillsborough,S03-2017-P3,6,42,Sanibel,34.9,23.2,38.5,2.07,0
2017,S03,Hillsborough,S03-2017-P3,7,49,Sanibel,24.8,21.69,41.7,2.07,0
2017,S03,Hillsborough,S03-2017-P3,8,56,Sanibel,21.9,21.75,40.0,2.07,0
2017,S03,Hillsborough,S03-2017-P3,9,63,Sanibel,24.9,23.25,43.5,2.07,0
2017,S03,Hillsborough,S03-2017-P3,10,70,Sanibel,29.4,21.03,31.9,2.07,1
2017,S03,Hillsborough,S03-2017-P3,11,77,Sanibel,23.7,22.53,37.1,2.07,1
2017,S03,Hillsborough,S03-2017-P3,12,84,Sanibel,29.3,23.04,44.2,2.07,0
2017,S03,Hillsborough,S03-2017-P4,1,7,Tygress,30.8,21.95,35.6,3.52,0
2017,S03,Hillsborough,S03-2017-P4,2,14,Tygress,31.8,20.94,63.2,3.52,0
2017,S03,Hillsborough,S03-2017-P4,3,21,Tygress,23.1,22.44,34.5,3.52,0
2017,S03,Hillsborough,S03-2017-P4,4,28,Tygress,12.7,21.71,46.6,3.52,0
2017,S03,Hillsborough,S03-2017-P4,5,35,Tygress,26.8,20.97,41.2,3.52,1
2017,S03,Hillsborough,S03-2017-P4,6,42,Tygress,39.3,20.75,35.8,3.52,0
2017,S03,Hillsborough,S03-2017-P4,7,49,Tygress,23.4,20.9,38.8,3.52,0
2017,S03,Hillsborough,S03-2017-P4,8,56,Tygress,34.7,20.3,35.3,3.52,1
2017,S03,Hillsborough,S03-2017-P4,9,63,Tygress,36.9,20.98,44.7,3.52,1
2017,S03,Hillsborough,S03-2017-P4,10,70,Tygress,24.2,19.75,16.0,3.52,0
2017,S03,Hillsborough,S03-2017-P4,11,77,Tygress,32.1,22.75,21.7,3.52,0
2017,S03,Hillsborough,S03-2017-P4,12,84,Tygress,28.5,20.06,44.4,3.52,1
2017,S03,Hillsborough,S03-2017-P5,1,7,FL-8000,22.1,21.59,44.2,3.24,0
2017,S03,Hillsborough,S03-2017-P5,2,14,FL-8000,30.1,21.32,43.1,3.24,0
2017,S03,Hillsborough,S03-2017-P5,3,21,FL-8000,25.6,22.98,21.2,3.24,0
2017,S03,Hillsborough,S03-2017-P5,4,28,FL-8000,22.8,22.27,22.9,3.24,1
2017,S03,Hillsborough,S03-2017-P5,5,35,FL-8000,25.4,20.7,26.7,3.24,0
2017,S03,Hillsborough,S03-2017-P5,6,42,FL-8000,21.5,22.05,17.9,3.24,0
2017,S03,Hillsborough,S03-2017-P5,7,49,FL-8000,37.7,23.09,53.8,3.24,0
2017,S03,Hillsborough,S03-2017-P5,8,56,FL-8000,25.2,22.12,37.4,3.24,0
2017,S03,Hillsborough,S03-2017-P5,9,63,FL-8000,30.3,21.86,25.0,3.24,0
2017,S03,Hillsborough,S03-2017-P5,10,70,FL-8000,26.4,21.6,44.5,3.24,0
2017,S03,Hillsborough,S03-2017-P5,11,77,FL-8000,41.6,26.73,29.7,3.24,1
2017,S03,Hillsborough,S03-2017-P5,12,84,FL-8000,30.1,22.36,26.7,3.24,1
2017,S03,Hillsborough,S03-2017-P6,1,7,Tygress,27.6,19.98,34.4,2.33,0
2017,S03,Hillsborough,S03-2017-P6,2,14,Tygress,29.4,21.73,38.3,2.33,0
2017,S03,Hillsborough,S03-2017-P6,3,21,Tygress,36.4,22.77,43.4,2.33,0
2017,S03,Hillsborough,S03-2017-P6,4,28,Tygress,24.8,19.58,45.9,2.33,1
2017,S03,Hillsborough,S03-2017-P6,5,35,Tygress,30.9,22.26,54.8,2.33,0
2017,S03,Hillsborough,S03-2017-P6,6,42,Tygress,38.3,21.17,52.0,2.33,0
2017,S03,Hillsborough,S03-2017-P6,7,49,Tygress,23.1,22.68,47.9,2.33,0
2017,S03,Hillsborough,S03-2017-P6,8,56,Tygress,31.4,21.81,38.6,2.33,0
2017,S03,Hillsborough,S03-2017-P6,9,63,Tygress,33.1,20.72,41.8,2.33,0
2017,S03,Hillsborough,S03-2017-P6,10,70,Tygress,34.7,21.26,28.1,2.33,0
2017,S03,Hillsborough,S03-2017-P6,11,77,Tygress,36.9,23.08,55.2,2.33,1
2017,S03,Hillsborough,S03-2017-P6,12,84,Tygress,30.1,20.77,58.3,2.33,0
2017,S04,Hillsborough,S04-2017-P1,1,7,Sebring,21.9,23.88,46.7,3.58,1
2017,S04,Hillsborough,S04-2017-P1,2,14,Sebring,28.7,23.11,29.6,3.58,1
2017,S04,Hillsborough,S04-2017-P1,3,21,Sebring,23.4,24.56,39.3,3.58,0
2017,S04,Hillsborough,S04-2017-P1,4,28,Sebring,31.5,20.39,40.2,3.58,1
2017,S04,Hillsborough,S04-2017-P1,5,35,Sebring,31.6,20.34,53.4,3.58,1
2017,S04,Hillsborough,S04-2017-P1,6,42,Sebring,34.1,22.44,55.8,3.58,0
2017,S04,Hillsborough,S04-2017-P1,7,49,Sebring,37.7,22.89,60.6,3.58,1
2017,S04,Hillsborough,S04-2017-P1,8,56,Sebring,34.2,22.08,41.0,3.58,1
2017,S04,Hillsborough,S04-2017-P1,9,63,Sebring,18.7,20.04,41.7,3.58,0
2017,S04,Hillsborough,S04-2017-P1,10,70,Sebring,28.0,20.49,41.3,3.58,0
2017,S04,Hillsborough,S04-2017-P1,11,77,Sebring,28.9,22.95,55.2,3.58,1
2017,S04,Hillsborough,S04-2017-P1,12,84,Sebring,37.8,20.94,52.7,3.58,0
2017,S04,Hillsborough,S04-2017-P2,1,7,FL-8000,34.8,21.77,35.1,3.36,0
2017,S04,Hillsborough,S04-2017-P2,2,14,FL-8000,31.9,20.37,26.9,3.36,0
2017,S04,Hillsborough,S04-2017-P2,3,21,FL-8000,28.0,21.42,29.9,3.36,0
2017,S04,Hillsborough,S04-2017-P2,4,28,FL-8000,29.1,22.86,47.8,3.36,0
2017,S04,Hillsborough,S04-2017-P2,5,35,FL-8000,24.7,22.91,19.9,3.36,1
2017,S04,Hillsborough,S04-2017-P2,6,42,FL-8000,33.3,23.2,45.8,3.36,0
2017,S04,Hillsborough,S04-2017-P2,7,49,FL-8000,26.0,22.37,47.7,3.36,1
2017,S04,Hillsborough,S04-2017-P2,8,56,FL-8000,25.3,21.43,27.9,3.36,0
2017,S04,Hillsborough,S04-2017-P2,9,63,FL-8000,42.7,21.02,12.6,3.36,0
2017,S04,Hillsborough,S04-2017-P2,10,70,FL-8000,35.1,20.92,32.6,3.36,0
2017,S04,Hillsborough,S04-2017-P2,11,77,FL-8000,29.5,22.4,43.0,3.36,0
2017,S04,Hillsborough,S04-2017-P2,12,84,FL-8000,21.0,20.8,35.1,3.36,1
2017,S04,Hillsborough,S04-2017-P3,1,7,HM-1823,25.4,23.06,31.4,3.1,0
2017,S04,Hillsborough,S04-2017-P3,2,14,HM-1823,21.1,23.71,41.7,3.1,0
2017,S04,Hillsborough,S04-2017-P3,3,21,HM-1823,22.2,21.56,42.8,3.1,0
2017,S04,Hillsborough,S04-2017-P3,4,28,HM-1823,32.1,23.62,35.9,3.1,0
2017,S04,Hillsborough,S04-2017-P3,5,35,HM-1823,41.5,21.87,38.6,3.1,0
2017,S04,Hillsborough,S04-2017-P3,6,42,HM-1823,14.2,25.49,36.7,3.1,1
2017,S04,Hillsborough,S04-2017-P3,7,49,HM-1823,35.7,22.7,16.2,3.1,0
2017,S04,Hillsborough,S04-2017-P3,8,56,HM-1823,38.4,24.27,38.2,3.1,1
2017,S04,Hillsborough,S04-2017-P3,9,63,HM-1823,33.2,19.1,30.6,3.1,0
2017,S04,Hillsborough,S04-2017-P3,10,70,HM-1823,31.3,23.86,46.6,3.1,1
2017,S04,Hillsborough,S04-2017-P3,11,77,HM-1823,30.8,23.6,27.8,3.1,0
2017,S04,Hillsborough,S04-2017-P3,12,84,HM-1823,24.0,22.4,35.0,3.1,0
2017,S04,Hillsborough,S04-2017-P4,1,7,FL-8000,25.5,21.14,38.1,4.9,0
2017,S04,Hillsborough,S04-2017-P4,2,14,FL-8000,28.1,24.7,38.9,4.9,1
2017,S04,Hillsborough,S04-2017-P4,3,21,FL-8000,24.7,24.51,29.1,4.9,1
2017,S04,Hillsborough,S04-2017-P4,4,28,FL-8000,35.5,24.04,54.1,4.9,1
2017,S04,Hillsborough,S04-2017-P4,5,35,FL-8000,30.2,24.47,45.1,4.9,1
2017,S04,Hillsborough,S04-2017-P4,6,42,FL-8000,21.9,24.65,31.3,4.9,1
2017,S04,Hillsborough,S04-2017-P4,7,49,FL-8000,38.3,23.86,33.3,4.9,1
2017,S04,Hillsborough,S04-2017-P4,8,56,FL-8000,34.5,23.21,46.0,4.9,1
2017,S04,Hillsborough,S04-2017-P4,9,63,FL-8000,32.6,20.65,23.5,4.9,1
2017,S04,Hillsborough,S04-2017-P4,10,70,FL-8000,29.3,22.24,9.6,4.9,1
2017,S04,Hillsborough,S04-2017-P4,11,77,FL-8000,35.0,24.66,48.0,4.9,1
2017,S04,Hillsborough,S04-2017-P4,12,84,FL-8000,21.0,26.38,21.4,4.9,1
2017,S04,Hillsborough,S04-2017-P5,1,7,FL-8000,39.4,23.47,47.7,4.9,1
2017,S04,Hillsborough,S04-2017-P5,2,14,FL-8000,34.5,23.33,47.5,4.9,0
2017,S04,Hillsborough,S04-2017-P5,3,21,FL-8000,37.8,20.5,45.0,4.9,0
2017,S04,Hillsborough,S04-2017-P5,4,28,FL-8000,25.2,20.0,45.1,4.9,0
2017,S04,Hillsborough,S04-2017-P5,5,35,FL-8000,27.2,19.77,31.3,4.9,0
2017,S04,Hillsborough,S04-2017-P5,6,42,FL-8000,26.9,20.59,51.9,4.9,0
2017,S04,Hillsborough,S04-2017-P5,7,49,FL-8000,22.3,22.09,42.0,4.9,0
2017,S04,Hillsborough,S04-2017-P5,8,56,FL-8000,34.5,19.92,24.3,4.9,0
2017,S04,Hillsborough,S04-2017-P5,9,63,FL-8000,30.1,24.26,37.0,4.9,0
2017,S04,Hillsborough,S04-2017-P5,10,70,FL-8000,26.9,24.3,26.6,4.9,0
2017,S04,Hillsborough,S04-2017-P5,11,77,FL-8000,36.5,22.34,25.8,4.9,0
2017,S04,Hillsborough,S04-2017-P5,12,84,FL-8000,34.3,22.66,25.5,4.9,0
2017,S04,Hillsborough,S04-2017-P6,1,7,FL-8000,27.1,25.02,3.5,2.56,0
2017,S04,Hillsborough,S04-2017-P6,2,14,FL-8000,25.9,22.66,14.1,2.56,0
2017,S04,Hillsborough,S04-2017-P6,3,21,FL-8000,24.1,25.6,11.8,2.56,1
2017,S04,Hillsborough,S04-2017-P6,4,28,FL-8000,41.8,23.18,8.3,2.56,0
2017,S04,Hillsborough,S04-2017-P6,5,35,FL-8000,37.4,24.27,19.1,2.56,1
2017,S04,Hillsborough,S04-2017-P6,6,42,FL-8000,37.6,21.92,30.3,2.56,1
2017,S04,Hillsborough,S04-2017-P6,7,49,FL-8000,27.0,22.8,22.7,2.56,0
2017,S04,Hillsborough,S04-2017-P6,8,56,FL-8000,37.3,24.79,17.0,2.56,1
2017,S04,Hillsborough,S04-2017-P6,9,63,FL-8000,29.6,23.86,16.1,2.56,0
2017,S04,Hillsborough,S04-2017-P6,10,70,FL-8000,37.9,21.74,17.1,2.56,0
2017,S04,Hillsborough,S04-2017-P6,11,77,FL-8000,23.2,23.82,13.0,2.56,0
2017,S04,Hillsborough,S04-2017-P6,12,84,FL-8000,20.8,23.95,0.0,2.56,1
2017,S05,Collier,S05-2017-P1,1,7,Sebring,34.2,22.69,34.5,2.54,0
2017,S05,Collier,S05-2017-P1,2,14,Sebring,29.0,22.42,34.0,2.54,0
2017,S05,Collier,S05-2017-P1,3,21,Sebring,33.0,23.39,44.6,2.54,1
2017,S05,Collier,S05-2017-P1,4,28,Sebring,26.3,22.92,24.7,2.54,0
2017,S05,Collier,S05-2017-P1,5,35,Sebring,29.1,21.82,22.2,2.54,0
2017,S05,Collier,S05-2017-P1,6,42,Sebring,20.0,24.16,34.5,2.54,0
2017,S05,Collier,S05-2017-P1,7,49,Sebring,25.0,22.17,34.6,2.54,0
2017,S05,Collier,S05-2017-P1,8,56,Sebring,18.3,21.34,31.9,2.54,0
2017,S05,Collier,S05-2017-P1,9,63,Sebring,30.8,21.61,14.5,2.54,0
2017,S05,Collier,S05-2017-P1,10,70,Sebring,19.9,20.49,30.6,2.54,0
2017,S05,Collier,S05-2017-P1,11,77,Sebring,26.4,24.13,41.8,2.54,0
2017,S05,Collier,S05-2017-P1,12,84,Sebring,21.0,17.75,32.1,2.54,0
2017,S05,Collier,S05-2017-P2,1,7,Sanibel,18.8,21.73,25.2,4.31,0
2017,S05,Collier,S05-2017-P2,2,14,Sanibel,33.7,21.06,21.7,4.31,0
2017,S05,Collier,S05-2017-P2,3,21,Sanibel,25.4,22.31,4.9,4.31,0
2017,S05,Collier,S05-2017-P2,4,28,Sanibel,35.3,20.94,0.4,4.31,1
2017,S05,Collier,S05-2017-P2,5,35,Sanibel,28.8,21.13,11.6,4.31,0
2017,S05,Collier,S05-2017-P2,6,42,Sanibel,14.9,18.39,24.3,4.31,0
2017,S05,Collier,S05-2017-P2,7,49,Sanibel,19.6,23.1,13.2,4.31,1
2017,S05,Collier,S05-2017-P2,8,56,Sanibel,21.6,21.77,3.7,4.31,0
2017,S05,Collier,S05-2017-P2,9,63,Sanibel,37.3,21.6,4.4,4.31,1
2017,S05,Collier,S05-2017-P2,10,70,Sanibel,31.1,18.87,0.0,4.31,0
2017,S05,Collier,S05-2017-P2,11,77,Sanibel,26.6,19.97,7.2,4.31,0
2017,S05,Collier,S05-2017-P2,12,84,Sanibel,30.9,20.14,10.5,4.31,0
2017,S05,Collier,S05-2017-P3,1,7,Sebring,33.4,23.87,26.2,2.76,0
2017,S05,Collier,S05-2017-P3,2,14,Sebring,23.7,22.88,18.3,2.76,0
2017,S05,Collier,S05-2017-P3,3,21,Sebring,36.2,24.58,24.0,2.76,0
2017,S05,Collier,S05-2017-P3,4,28,Sebring,34.7,22.58,18.7,2.76,0
2017,S05,Collier,S05-2017-P3,5,35,Sebring,13.4,24.23,27.7,2.76,0
2017,S05,Collier,S05-2017-P3,6,42,Sebring,28.1,23.02,23.9,2.76,0
2017,S05,Collier,S05-2017-P3,7,49,Sebring,15.7,23.65,18.7,2.76,0
2017,S05,Collier,S05-2017-P3,8,56,Sebring,36.4,20.93,18.2,2.76,0
2017,S05,Collier,S05-2017-P3,9,63,Sebring,37.6,22.48,27.6,2.76,1
2017,S05,Collier,S05-2017-P3,10,70,Sebring,31.0,24.71,24.2,2.76,1
2017,S05,Collier,S05-2017-P3,11,77,Sebring,24.4,23.14,5.9,2.76,0
2017,S05,Collier,S05-2017-P3,12,84,Sebring,28.8,21.72,2.2,2.76,1
2017,S05,Collier,S05-2017-P4,1,7,FL-8000,7.5,22.89,35.4,3.26,0
2017,S05,Collier,S05-2017-P4,2,14,FL-8000,29.5,22.95,17.8,3.26,0
2017,S05,Collier,S05-2017-P4,3,21,FL-8000,15.5,19.33,15.0,3.26,0
2017,S05,Collier,S05-2017-P4,4,28,FL-8000,18.8,23.31,21.6,3.26,1
2017,S05,Collier,S05-2017-P4,5,35,FL-8000,25.8,22.01,21.1,3.26,1
2017,S05,Collier,S05-2017-P4,6,42,FL-8000,27.0,20.88,32.2,3.26,0
2017,S05,Collier,S05-2017-P4,7,49,FL-8000,21.3,21.17,37.6,3.26,1
2017,S05,Collier,S05-2017-P4,8,56,FL-8000,22.7,21.73,12.7,3.26,0
2017,S05,Collier,S05-2017-P4,9,63,FL-8000,21.1,19.65,39.0,3.26,0
2017,S05,Collier,S05-2017-P4,10,70,FL-8000,15.9,25.07,25.4,3.26,1
2017,S05,Collier,S05-2017-P4,11,77,FL-8000,23.2,19.58,30.6,3.26,0
2017,S05,Collier,S05-2017-P4,12,84,FL-8000,32.7,22.84,3.7,3.26,0
2017,S05,Collier,S05-2017-P5,1,7,FL-8000,16.2,22.06,14.2,2.92,1
2017,S05,Collier,S05-2017-P5,2,14,FL-8000,27.6,24.01,21.7,2.92,0
2017,S05,Collier,S05-2017-P5,3,21,FL-8000,27.0,24.38,20.3,2.92,0
2017,S05,Collier,S05-2017-P5,4,28,FL-8000,26.0,22.43,6.6,2.92,0
2017,S05,Collier,S05-2017-P5,5,35,FL-8000,19.6,21.39,18.5,2.92,0
2017,S05,Collier,S05-2017-P5,6,42,FL-8000,24.5,21.3,29.1,2.92,0
2017,S05,Collier,S05-2017-P5,7,49,FL-8000,29.4,22.63,31.3,2.92,0
2017,S05,Collier,S05-2017-P5,8,56,FL-8000,15.0,21.82,23.6,2.92,0
2017,S05,Collier,S05-2017-P5,9,63,FL-8000,25.9,23.02,26.4,2.92,0
2017,S05,Collier,S05-2017-P5,10,70,FL-8000,15.1,24.89,15.5,2.92,0
2017,S05,Collier,S05-2017-P5,11,77,FL-8000,22.5,21.16,23.0,2.92,0
2017,S05,Collier,S05-2017-P5,12,84,FL-8000,21.8,22.69,24.4,2.92,0
2017,S05,Collier,S05-2017-P6,1,7,HM-1823,20.9,21.24,35.5,3.25,0
2017,S05,Collier,S05-2017-P6,2,14,HM-1823,24.6,22.92,33.2,3.25,0
2017,S05,Collier,S05-2017-P6,3,21,HM-1823,20.8,21.93,43.8,3.25,0
2017,S05,Collier,S05-2017-P6,4,28,HM-1823,17.6,21.72,47.4,3.25,0
2017,S05,Collier,S05-2017-P6,5,35,HM-1823,19.4,22.27,40.2,3.25,0
2017,S05,Collier,S05-2017-P6,6,42,HM-1823,28.7,23.02,39.1,3.25,0
2017,S05,Collier,S05-2017-P6,7,49,HM-1823,20.8,21.64,18.2,3.25,0
2017,S05,Collier,S05-2017-P6,8,56,HM-1823,12.7,23.14,23.0,3.25,1
2017,S05,Collier,S05-2017-P6,9,63,HM-1823,19.1,22.3,44.5,3.25,1
2017,S05,Collier,S05-2017-P6,10,70,HM-1823,29.5,23.81,27.3,3.25,1
2017,S05,Collier,S05-2017-P6,11,77,HM-1823,24.8,22.21,21.1,3.25,1
2017,S05,Collier,S05-2017-P6,12,84,HM-1823,27.0,21.63,29.0,3.25,1
2017,S06,Collier,S06-2017-P1,1,7,Tygress,30.8,21.57,0.0,3.98,0
2017,S06,Collier,S06-2017-P1,2,14,Tygress,23.2,20.52,0.0,3.98,0
2017,S06,Collier,S06-2017-P1,3,21,Tygress,33.3,21.89,16.0,3.98,0
2017,S06,Collier,S06-2017-P1,4,28,Tygress,26.7,23.18,16.9,3.98,0
2017,S06,Collier,S06-2017-P1,5,35,Tygress,22.9,22.35,5.6,3.98,0
2017,S06,Collier,S06-2017-P1,6,42,Tygress,25.7,22.67,19.7,3.98,0
2017,S06,Collier,S06-2017-P1,7,49,Tygress,22.9,23.03,9.1,3.98,0
2017,S06,Collier,S06-2017-P1,8,56,Tygress,29.4,20.24,14.6,3.98,0
2017,S06,Collier,S06-2017-P1,9,63,Tygress,29.0,22.7,2.3,3.98,0
2017,S06,Collier,S06-2017-P1,10,70,Tygress,31.4,21.01,11.0,3.98,0
2017,S06,Collier,S06-2017-P1,11,77,Tygress,13.5,22.2,14.4,3.98,0
2017,S06,Collier,S06-2017-P1,12,84,Tygress,26.6,26.75,4.3,3.98,0
2017,S06,Collier,S06-2017-P2,1,7,FL-8000,31.8,20.47,24.4,3.18,0
2017,S06,Collier,S06-2017-P2,2,14,FL-8000,24.8,22.01,41.3,3.18,0
2017,S06,Collier,S06-2017-P2,3,21,FL-8000,31.2,20.7,36.7,3.18,0
2017,S06,Collier,S06-2017-P2,4,28,FL-8000,33.4,21.75,31.4,3.18,1
2017,S06,Collier,S06-2017-P2,5,35,FL-8000,25.6,19.19,27.0,3.18,0
2017,S06,Collier,S06-2017-P2,6,42,FL-8000,32.3,19.98,41.8,3.18,0
2017,S06,Collier,S06-2017-P2,7,49,FL-8000,30.8,20.96,29.6,3.18,0
2017,S06,Collier,S06-2017-P2,8,56,FL-8000,16.0,21.25,26.8,3.18,0
2017,S06,Collier,S06-2017-P2,9,63,FL-8000,27.7,22.29,29.4,3.18,0
2017,S06,Collier,S06-2017-P2,10,70,FL-8000,21.0,19.97,38.1,3.18,0
2017,S06,Collier,S06-2017-P2,11,77,FL-8000,19.0,21.07,22.4,3.18,0
2017,S06,Collier,S06-2017-P2,12,84,FL-8000,27.2,22.24,30.5,3.18,0
2017,S06,Collier,S06-2017-P3,1,7,Tygress,33.1,22.59,19.8,3.94,0
2017,S06,Collier,S06-2017-P3,2,14,Tygress,30.9,23.74,22.4,3.94,0
2017,S06,Collier,S06-2017-P3,3,21,Tygress,32.7,23.19,22.4,3.94,0
2017,S06,Collier,S06-2017-P3,4,28,Tygress,23.3,22.17,26.4,3.94,0
2017,S06,Collier,S06-2017-P3,5,35,Tygress,18.2,23.14,24.9,3.94,0
2017,S06,Collier,S06-2017-P3,6,42,Tygress,23.7,22.03,36.4,3.94,0
2017,S06,Collier,S06-2017-P3,7,49,Tygress,36.2,23.18,29.6,3.94,0
2017,S06,Collier,S06-2017-P3,8,56,Tygress,28.9,22.49,17.8,3.94,0
2017,S06,Collier,S06-2017-P3,9,63,Tygress,34.4,22.48,32.8,3.94,0
2017,S06,Collier,S06-2017-P3,10,70,Tygress,35.6,23.6,31.0,3.94,1
2017,S06,Collier,S06-2017-P3,11,77,Tygress,31.2,21.28,24.3,3.94,0
2017,S06,Collier,S06-2017-P3,12,84,Tygress,28.4,22.4,31.5,3.94,0
2017,S06,Collier,S06-2017-P4,1,7,FL-8000,26.7,19.67,0.0,1.5,0
2017,S06,Collier,S06-2017-P4,2,14,FL-8000,40.7,23.66,0.0,1.5,0
2017,S06,Collier,S06-2017-P4,3,21,FL-8000,26.1,21.75,2.8,1.5,0
2017,S06,Collier,S06-2017-P4,4,28,FL-8000,26.8,23.63,0.0,1.5,0
2017,S06,Collier,S06-2017-P4,5,35,FL-8000,26.2,22.27,0.0,1.5,0
2017,S06,Collier,S06-2017-P4,6,42,FL-8000,36.7,21.02,0.0,1.5,0
2017,S06,Collier,S06-2017-P4,7,49,FL-8000,25.3,22.02,4.3,1.5,0
2017,S06,Collier,S06-2017-P4,8,56,FL-8000,39.7,24.17,0.0,1.5,0
2017,S06,Collier,S06-2017-P4,9,63,FL-8000,29.8,21.27,0.0,1.5,0
2017,S06,Collier,S06-2017-P4,10,70,FL-8000,21.0,22.9,0.0,1.5,0
2017,S06,Collier,S06-2017-P4,11,77,FL-8000,38.8,23.62,0.0,1.5,0
2017,S06,Collier,S06-2017-P4,12,84,FL-8000,27.1,21.47,3.9,1.5,0
2017,S06,Collier,S06-2017-P5,1,7,Sebring,25.0,23.75,35.5,2.54,0
2017,S06,Collier,S06-2017-P5,2,14,Sebring,20.0,22.34,50.7,2.54,0
2017,S06,Collier,S06-2017-P5,3,21,Sebring,32.7,22.34,33.7,2.54,0
2017,S06,Collier,S06-2017-P5,4,28,Sebring,28.4,23.03,47.8,2.54,0
2017,S06,Collier,S06-2017-P5,5,35,Sebring,27.8,22.35,26.7,2.54,0
2017,S06,Collier,S06-2017-P5,6,42,Sebring,32.6,24.2,27.0,2.54,1
2017,S06,Collier,S06-2017-P5,7,49,Sebring,27.2,22.54,36.9,2.54,0
2017,S06,Collier,S06-2017-P5,8,56,Sebring,32.0,21.41,41.6,2.54,0
2017,S06,Collier,S06-2017-P5,9,63,Sebring,27.5,22.4,26.6,2.54,1
2017,S06,Collier,S06-2017-P5,10,70,Sebring,30.1,21.96,29.1,2.54,1
2017,S06,Collier,S06-2017-P5,11,77,Sebring,27.4,20.03,35.8,2.54,1
2017,S06,Collier,S06-2017-P5,12,84,Sebring,15.4,20.98,28.9,2.54,0
2017,S06,Collier,S06-2017-P6,1,7,FL-8000,36.4,24.61,33.9,5.04,0
2017,S06,Collier,S06-2017-P6,2,14,FL-8000,29.5,21.24,44.4,5.04,1
2017,S06,Collier,S06-2017-P6,3,21,FL-8000,30.9,22.17,49.1,5.04,1
2017,S06,Collier,S06-2017-P6,4,28,FL-8000,29.0,24.57,52.0,5.04,1
2017,S06,Collier,S06-2017-P6,5,35,FL-8000,28.2,24.17,38.0,5.04,0
2017,S06,Collier,S06-2017-P6,6,42,FL-8000,27.1,20.66,46.6,5.04,0
2017,S06,Collier,S06-2017-P6,7,49,FL-8000,30.9,23.03,61.0,5.04,1
2017,S06,Collier,S06-2017-P6,8,56,FL-8000,20.2,22.66,52.5,5.04,1
2017,S06,Collier,S06-2017-P6,9,63,FL-8000,31.2,20.33,36.4,5.04,1
2017,S06,Collier,S06-2017-P6,10,70,FL-8000,32.5,21.88,44.8,5.04,1
2017,S06,Collier,S06-2017-P6,11,77,FL-8000,35.4,23.33,33.7,5.04,1
2017,S06,Collier,S06-2017-P6,12,84,FL-8000,19.8,22.55,32.2,5.04,1
2017,S07,Miami-Dade,S07-2017-P1,1,7,Sanibel,29.2,22.69,50.7,3.26,0
2017,S07,Miami-Dade,S07-2017-P1,2,14,Sanibel,22.6,22.85,51.9,3.26,0
2017,S07,Miami-Dade,S07-2017-P1,3,21,Sanibel,34.4,24.83,38.9,3.26,0
2017,S07,Miami-Dade,S07-2017-P1,4,28,Sanibel,31.8,24.57,47.0,3.26,1
2017,S07,Miami-Dade,S07-2017-P1,5,35,Sanibel,37.7,24.03,46.4,3.26,1
2017,S07,Miami-Dade,S07-2017-P1,6,42,Sanibel,26.0,24.51,31.6,3.26,1
2017,S07,Miami-Dade,S07-2017-P1,7,49,Sanibel,33.4,23.3,47.0,3.26,1
2017,S07,Miami-Dade,S07-2017-P1,8,56,Sanibel,34.0,23.04,46.0,3.26,1
2017,S07,Miami-Dade,S07-2017-P1,9,63,Sanibel,23.9,24.69,51.7,3.26,0
2017,S07,Miami-Dade,S07-2017-P1,10,70,Sanibel,27.6,21.6,31.4,3.26,0
2017,S07,Miami-Dade,S07-2017-P1,11,77,Sanibel,27.6,23.17,50.0,3.26,0
2017,S07,Miami-Dade,S07-2017-P1,12,84,Sanibel,14.1,23.95,57.6,3.26,0
2017,S07,Miami-Dade,S07-2017-P2,1,7,Sanibel,31.4,24.01,33.1,2.83,0
2017,S07,Miami-Dade,S07-2017-P2,2,14,Sanibel,32.1,23.53,22.8,2.83,0
2017,S07,Miami-Dade,S07-2017-P2,3,21,Sanibel,23.8,24.03,26.3,2.83,0
2017,S07,Miami-Dade,S07-2017-P2,4,28,Sanibel,33.9,22.41,38.7,2.83,0
2017,S07,Miami-Dade,S07-2017-P2,5,35,Sanibel,38.1,23.2,34.1,2.83,0
2017,S07,Miami-Dade,S07-2017-P2,6,42,Sanibel,39.3,22.98,24.6,2.83,1
2017,S07,Miami-Dade,S07-2017-P2,7,49,Sanibel,29.6,23.71,22.0,2.83,0
2017,S07,Miami-Dade,S07-2017-P2,8,56,Sanibel,33.1,24.43,30.2,2.83,0
2017,S07,Miami-Dade,S07-2017-P2,9,63,Sanibel,45.2,23.47,29.4,2.83,1
2017,S07,Miami-Dade,S07-2017-P2,10,70,Sanibel,39.9,23.76,24.7,2.83,0
2017,S07,Miami-Dade,S07-2017-P2,11,77,Sanibel,24.3,23.9,34.7,2.83,0
2017,S07,Miami-Dade,S07-2017-P2,12,84,Sanibel,33.1,25.07,30.4,2.83,0
2017,S07,Miami-Dade,S07-2017-P3,1,7,FL-8000,39.2,23.41,51.0,2.56,0
2017,S07,Miami-Dade,S07-2017-P3,2,14,FL-8000,41.3,24.12,49.2,2.56,0
2017,S07,Miami-Dade,S07-2017-P3,3,21,FL-8000,35.5,24.07,46.0,2.56,1
2017,S07,Miami-Dade,S07-2017-P3,4,28,FL-8000,24.2,24.69,39.5,2.56,1
2017,S07,Miami-Dade,S07-2017-P3,5,35,FL-8000,31.9,22.13,35.1,2.56,0
2017,S07,Miami-Dade,S07-2017-P3,6,42,FL-8000,28.1,23.38,54.1,2.56,0
2017,S07,Miami-Dade,S07-2017-P3,7,49,FL-8000,45.0,25.62,41.6,2.56,1
2017,S07,Miami-Dade,S07-2017-P3,8,56,FL-8000,37.9,23.42,49.2,2.56,1
2017,S07,Miami-Dade,S07-2017-P3,9,63,FL-8000,32.1,22.45,47.5,2.56,1
2017,S07,Miami-Dade,S07-2017-P3,10,70,FL-8000,42.4,24.55,52.1,2.56,1
2017,S07,Miami-Dade,S07-2017-P3,11,77,FL-8000,39.1,21.79,53.2,2.56,1
2017,S07,Miami-Dade,S07-2017-P3,12,84,FL-8000,33.3,26.08,43.4,2.56,1
2017,S07,Miami-Dade,S07-2017-P4,1,7,FL-8000,25.3,25.29,35.4,2.51,1
2017,S07,Miami-Dade,S07-2017-P4,2,14,FL-8000,34.7,23.48,10.0,2.51,1
2017,S07,Miami-Dade,S07-2017-P4,3,21,FL-8000,24.2,22.9,11.5,2.51,1
2017,S07,Miami-Dade,S07-2017-P4,4,28,FL-8000,28.7,23.56,23.1,2.51,1
2017,S07,Miami-Dade,S07-2017-P4,5,35,FL-8000,27.5,23.41,24.1,2.51,1
2017,S07,Miami-Dade,S07-2017-P4,6,42,FL-8000,33.6,22.57,13.3,2.51,1
2017,S07,Miami-Dade,S07-2017-P4,7,49,FL-8000,30.2,22.46,10.2,2.51,0
2017,S07,Miami-Dade,S07-2017-P4,8,56,FL-8000,32.8,23.76,24.7,2.51,1
2017,S07,Miami-Dade,S07-2017-P4,9,63,FL-8000,29.6,22.12,36.6,2.51,1
2017,S07,Miami-Dade,S07-2017-P4,10,70,FL-8000,42.7,22.32,26.1,2.51,0
2017,S07,Miami-Dade,S07-2017-P4,11,77,FL-8000,25.3,24.5,22.1,2.51,1
2017,S07,Miami-Dade,S07-2017-P4,12,84,FL-8000,46.2,23.53,5.8,2.51,1
2017,S07,Miami-Dade,S07-2017-P5,1,7,Sanibel,24.7,24.09,22.9,2.84,0
2017,S07,Miami-Dade,S07-2017-P5,2,14,Sanibel,17.8,22.29,30.0,2.84,0
2017,S07,Miami-Dade,S07-2017-P5,3,21,Sanibel,42.6,24.16,30.3,2.84,0
2017,S07,Miami-Dade,S07-2017-P5,4,28,Sanibel,37.6,23.05,39.2,2.84,0
2017,S07,Miami-Dade,S07-2017-P5,5,35,Sanibel,28.8,23.68,30.2,2.84,0
2017,S07,Miami-Dade,S07-2017-P5,6,42,Sanibel,28.1,21.58,54.8,2.84,0
2017,S07,Miami-Dade,S07-2017-P5,7,49,Sanibel,26.2,20.63,29.6,2.84,0
2017,S07,Miami-Dade,S07-2017-P5,8,56,Sanibel,38.0,22.1,27.8,2.84,1
2017,S07,Miami-Dade,S07-2017-P5,9,63,Sanibel,38.8,24.01,41.4,2.84,1
2017,S07,Miami-Dade,S07-2017-P5,10,70,Sanibel,37.1,22.69,18.8,2.84,1
2017,S07,Miami-Dade,S07-2017-P5,11,77,Sanibel,49.6,21.17,30.5,2.84,1
2017,S07,Miami-Dade,S07-2017-P5,12,84,Sanibel,27.6,21.89,29.5,2.84,0
2017,S07,Miami-Dade,S07-2017-P6,1,7,FL-8000,34.5,22.78,45.2,2.51,0
2017,S07,Miami-Dade,S07-2017-P6,2,14,FL-8000,16.7,20.84,28.5,2.51,0
2017,S07,Miami-Dade,S07-2017-P6,3,21,FL-8000,32.5,24.57,47.9,2.51,0
2017,S07,Miami-Dade,S07-2017-P6,4,28,FL-8000,25.7,19.31,45.3,2.51,0
2017,S07,Miami-Dade,S07-2017-P6,5,35,FL-8000,38.6,23.9,52.9,2.51,1
2017,S07,Miami-Dade,S07-2017-P6,6,42,FL-8000,19.2,21.86,45.1,2.51,0
2017,S07,Miami-Dade,S07-2017-P6,7,49,FL-8000,24.5,23.1,34.8,2.51,0
2017,S07,Miami-Dade,S07-2017-P6,8,56,FL-8000,26.0,21.05,48.8,2.51,0
2017,S07,Miami-Dade,S07-2017-P6,9,63,FL-8000,34.5,24.45,34.3,2.51,0
2017,S07,Miami-Dade,S07-2017-P6,10,70,FL-8000,26.4,22.72,32.5,2.51,0
2017,S07,Miami-Dade,S07-2017-P6,11,77,FL-8000,28.9,23.24,36.7,2.51,0
2017,S07,Miami-Dade,S07-2017-P6,12,84,FL-8000,37.3,21.62,47.6,2.51,1
2017,S08,Miami-Dade,S08-2017-P1,1,7,FL-8000,25.3,22.93,25.7,2.3,0
2017,S08,Miami-Dade,S08-2017-P1,2,14,FL-8000,24.9,22.52,38.1,2.3,0
2017,S08,Miami-Dade,S08-2017-P1,3,21,FL-8000,30.8,22.46,44.6,2.3,0
2017,S08,Miami-Dade,S08-2017-P1,4,28,FL-8000,21.7,21.32,23.6,2.3,0
2017,S08,Miami-Dade,S08-2017-P1,5,35,FL-8000,37.6,23.63,28.8,2.3,0
2017,S08,Miami-Dade,S08-2017-P1,6,42,FL-8000,23.9,20.32,45.5,2.3,0
2017,S08,Miami-Dade,S08-2017-P1,7,49,FL-8000,23.3,22.58,39.8,2.3,0
2017,S08,Miami-Dade,S08-2017-P1,8,56,FL-8000,23.8,20.63,35.4,2.3,1
2017,S08,Miami-Dade,S08-2017-P1,9,63,FL-8000,18.2,20.28,32.3,2.3,1
2017,S08,Miami-Dade,S08-2017-P1,10,70,FL-8000,33.3,23.35,37.9,2.3,1
2017,S08,Miami-Dade,S08-2017-P1,11,77,FL-8000,25.5,21.06,48.7,2.3,1
2017,S08,Miami-Dade,S08-2017-P1,12,84,FL-8000,26.6,22.14,36.3,2.3,1
2017,S08,Miami-Dade,S08-2017-P2,1,7,Tygress,28.8,22.84,36.0,2.21,0
2017,S08,Miami-Dade,S08-2017-P2,2,14,Tygress,36.4,20.79,22.3,2.21,0
2017,S08,Miami-Dade,S08-2017-P2,3,21,Tygress,32.7,22.3,33.0,2.21,0
2017,S08,Miami-Dade,S08-2017-P2,4,28,Tygress,13.9,20.1,35.1,2.21,0
2017,S08,Miami-Dade,S08-2017-P2,5,35,Tygress,26.3,20.65,29.8,2.21,0
2017,S08,Miami-Dade,S08-2017-P2,6,42,Tygress,23.2,20.84,54.4,2.21,0
2017,S08,Miami-Dade,S08-2017-P2,7,49,Tygress,33.4,21.59,18.2,2.21,0
2017,S08,Miami-Dade,S08-2017-P2,8,56,Tygress,33.7,21.48,29.9,2.21,0
2017,S08,Miami-Dade,S08-2017-P2,9,63,Tygress,33.4,21.11,26.4,2.21,0
2017,S08,Miami-Dade,S08-2017-P2,10,70,Tygress,27.6,19.72,31.8,2.21,0
2017,S08,Miami-Dade,S08-2017-P2,11,77,Tygress,24.4,23.4,32.2,2.21,0
2017,S08,Miami-Dade,S08-2017-P2,12,84,Tygress,34.4,23.15,49.1,2.21,0
2017,S08,Miami-Dade,S08-2017-P3,1,7,Sanibel,33.6,22.23,57.7,3.72,0
2017,S08,Miami-Dade,S08-2017-P3,2,14,Sanibel,33.1,20.38,31.2,3.72,0
2017,S08,Miami-Dade,S08-2017-P3,3,21,Sanibel,32.1,21.58,41.9,3.72,1
2017,S08,Miami-Dade,S08-2017-P3,4,28,Sanibel,30.3,21.93,30.1,3.72,1
2017,S08,Miami-Dade,S08-2017-P3,5,35,Sanibel,19.2,23.29,40.0,3.72,1
2017,S08,Miami-Dade,S08-2017-P3,6,42,Sanibel,15.4,20.53,42.3,3.72,0
2017,S08,Miami-Dade,S08-2017-P3,7,49,Sanibel,45.9,20.78,39.3,3.72,1
2017,S08,Miami-Dade,S08-2017-P3,8,56,Sanibel,34.5,21.32,35.7,3.72,0
2017,S08,Miami-Dade,S08-2017-P3,9,63,Sanibel,26.5,18.77,47.6,3.72,0
2017,S08,Miami-Dade,S08-2017-P3,10,70,Sanibel,22.2,24.44,31.8,3.72,0
2017,S08,Miami-Dade,S08-2017-P3,11,77,Sanibel,31.8,21.7,24.2,3.72,1
2017,S08,Miami-Dade,S08-2017-P3,12,84,Sanibel,27.1,22.79,20.3,3.72,0
2017,S08,Miami-Dade,S08-2017-P4,1,7,Tygress,20.2,22.85,12.3,3.73,0
2017,S08,Miami-Dade,S08-2017-P4,2,14,Tygress,33.8,20.12,36.9,3.73,0
2017,S08,Miami-Dade,S08-2017-P4,3,21,Tygress,35.2,22.62,20.3,3.73,0
2017,S08,Miami-Dade,S08-2017-P4,4,28,Tygress,21.1,22.41,9.8,3.73,0
2017,S08,Miami-Dade,S08-2017-P4,5,35,Tygress,28.2,22.65,29.3,3.73,0
2017,S08,Miami-Dade,S08-2017-P4,6,42,Tygress,38.6,21.38,31.0,3.73,0
2017,S08,Miami-Dade,S08-2017-P4,7,49,Tygress,40.9,22.19,18.8,3.73,0
2017,S08,Miami-Dade,S08-2017-P4,8,56,Tygress,31.1,20.28,37.4,3.73,0
2017,S08,Miami-Dade,S08-2017-P4,9,63,Tygress,30.5,21.71,20.2,3.73,0
2017,S08,Miami-Dade,S08-2017-P4,10,70,Tygress,25.2,20.79,15.7,3.73,0
2017,S08,Miami-Dade,S08-2017-P4,11,77,Tygress,30.1,23.71,29.2,3.73,0
2017,S08,Miami-Dade,S08-2017-P4,12,84,Tygress,32.2,19.09,16.1,3.73,0
2017,S08,Miami-Dade,S08-2017-P5,1,7,FL-8000,31.2,23.96,41.7,2.35,0
2017,S08,Miami-Dade,S08-2017-P5,2,14,FL-8000,39.5,23.74,36.9,2.35,0
2017,S08,Miami-Dade,S08-2017-P5,3,21,FL-8000,33.8,23.2,45.1,2.35,0
2017,S08,Miami-Dade,S08-2017-P5,4,28,FL-8000,17.1,21.7,48.0,2.35,0
2017,S08,Miami-Dade,S08-2017-P5,5,35,FL-8000,27.8,19.95,46.8,2.35,0
2017,S08,Miami-Dade,S08-2017-P5,6,42,FL-8000,31.8,22.57,38.6,2.35,0
2017,S08,Miami-Dade,S08-2017-P5,7,49,FL-8000,30.8,21.9,44.2,2.35,0
2017,S08,Miami-Dade,S08-2017-P5,8,56,FL-8000,26.6,23.72,49.4,2.35,0
2017,S08,Miami-Dade,S08-2017-P5,9,63,FL-8000,37.4,21.57,48.5,2.35,0
2017,S08,Miami-Dade,S08-2017-P5,10,70,FL-8000,27.4,18.5,31.3,2.35,0
2017,S08,Miami-Dade,S08-2017-P5,11,77,FL-8000,20.0,22.74,63.6,2.35,0
2017,S08,Miami-Dade,S08-2017-P5,12,84,FL-8000,24.2,20.94,39.8,2.35,0
2017,S08,Miami-Dade,S08-2017-P6,1,7,Sanibel,36.1,23.21,19.3,3.78,0
2017,S08,Miami-Dade,S08-2017-P6,2,14,Sanibel,34.0,21.91,3.0,3.78,1
2017,S08,Miami-Dade,S08-2017-P6,3,21,Sanibel,34.9,23.59,17.3,3.78,0
2017,S08,Miami-Dade,S08-2017-P6,4,28,Sanibel,20.6,22.82,22.6,3.78,0
2017,S08,Miami-Dade,S08-2017-P6,5,35,Sanibel,33.6,20.67,20.9,3.78,0
2017,S08,Miami-Dade,S08-2017-P6,6,42,Sanibel,16.9,20.12,21.4,3.78,0
2017,S08,Miami-Dade,S08-2017-P6,7,49,Sanibel,32.4,25.21,27.5,3.78,1
2017,S08,Miami-Dade,S08-2017-P6,8,56,Sanibel,35.2,20.52,18.1,3.78,0
2017,S08,Miami-Dade,S08-2017-P6,9,63,Sanibel,34.5,22.53,7.3,3.78,0
2017,S08,Miami-Dade,S08-2017-P6,10,70,Sanibel,32.6,22.9,10.0,3.78,0
2017,S08,Miami-Dade,S08-2017-P6,11,77,Sanibel,24.6,20.79,13.2,3.78,0
2017,S08,Miami-Dade,S08-2017-P6,12,84,Sanibel,29.8,22.98,9.8,3.78,1
2018,S01,Manatee,S01-2018-P1,1,7,FL-8000,28.6,19.33,14.7,3.68,0
2018,S01,Manatee,S01-2018-P1,2,14,FL-8000,25.2,19.44,25.8,3.68,0
2018,S01,Manatee,S01-2018-P1,3,21,FL-8000,28.2,17.5,27.3,3.68,0
2018,S01,Manatee,S01-2018-P1,4,28,FL-8000,17.7,19.59,24.8,3.68,0
2018,S01,Manatee,S01-2018-P1,5,35,FL-8000,28.5,16.82,19.3,3.68,0
2018,S01,Manatee,S01-2018-P1,6,42,FL-8000,23.1,19.8,35.8,3.68,0
2018,S01,Manatee,S01-2018-P1,7,49,FL-8000,24.0,19.75,26.3,3.68,0
2018,S01,Manatee,S01-2018-P1,8,56,FL-8000,10.8,18.67,31.4,3.68,0
2018,S01,Manatee,S01-2018-P1,9,63,FL-8000,24.3,20.03,22.7,3.68,0
2018,S01,Manatee,S01-2018-P1,10,70,FL-8000,9.9,20.24,13.2,3.68,0
2018,S01,Manatee,S01-2018-P1,11,77,FL-8000,31.3,16.09,21.5,3.68,0
2018,S01,Manatee,S01-2018-P1,12,84,FL-8000,22.4,18.35,28.2,3.68,0
2018,S01,Manatee,S01-2018-P2,1,7,Sanibel,32.5,22.18,36.8,4.08,1
2018,S01,Manatee,S01-2018-P2,2,14,Sanibel,16.4,18.93,22.5,4.08,0
2018,S01,Manatee,S01-2018-P2,3,21,Sanibel,26.1,20.16,33.7,4.08,0
2018,S01,Manatee,S01-2018-P2,4,28,Sanibel,27.9,19.25,21.6,4.08,0
2018,S01,Manatee,S01-2018-P2,5,35,Sanibel,22.1,19.83,33.8,4.08,0
2018,S01,Manatee,S01-2018-P2,6,42,Sanibel,18.7,19.96,30.8,4.08,0
2018,S01,Manatee,S01-2018-P2,7,49,Sanibel,25.8,19.87,27.2,4.08,0
2018,S01,Manatee,S01-2018-P2,8,56,Sanibel,21.4,21.12,34.9,4.08,0
2018,S01,Manatee,S01-2018-P2,9,63,Sanibel,34.8,18.0,20.7,4.08,0
2018,S01,Manatee,S01-2018-P2,10,70,Sanibel,17.8,18.84,34.6,4.08,0
2018,S01,Manatee,S01-2018-P2,11,77,Sanibel,20.5,19.73,36.3,4.08,0
2018,S01,Manatee,S01-2018-P2,12,84,Sanibel,35.4,18.81,40.8,4.08,0
2018,S01,Manatee,S01-2018-P3,1,7,Tygress,18.7,18.83,19.5,3.59,0
2018,S01,Manatee,S01-2018-P3,2,14,Tygress,14.0,19.84,11.9,3.59,0
2018,S01,Manatee,S01-2018-P3,3,21,Tygress,22.8,18.32,23.5,3.59,0
2018,S01,Manatee,S01-2018-P3,4,28,Tygress,32.9,20.89,12.2,3.59,0
2018,S01,Manatee,S01-2018-P3,5,35,Tygress,30.9,18.89,26.4,3.59,0
2018,S01,Manatee,S01-2018-P3,6,42,Tygress,15.9,22.14,2.9,3.59,0
2018,S01,Manatee,S01-2018-P3,7,49,Tygress,29.3,18.24,25.0,3.59,0
2018,S01,Manatee,S01-2018-P3,8,56,Tygress,31.3,20.92,8.5,3.59,0
2018,S01,Manatee,S01-2018-P3,9,63,Tygress,28.2,21.94,12.3,3.59,0
2018,S01,Manatee,S01-2018-P3,10,70,Tygress,27.5,19.11,19.9,3.59,0
2018,S01,Manatee,S01-2018-P3,11,77,Tygress,23.2,19.22,0.0,3.59,0
2018,S01,Manatee,S01-2018-P3,12,84,Tygress,21.9,21.59,22.0,3.59,0
2018,S01,Manatee,S01-2018-P4,1,7,FL-8000,23.8,19.67,11.7,3.01,0
2018,S01,Manatee,S01-2018-P4,2,14,FL-8000,21.6,21.4,13.4,3.01,0
2018,S01,Manatee,S01-2018-P4,3,21,FL-8000,24.6,20.14,11.7,3.01,0
2018,S01,Manatee,S01-2018-P4,4,28,FL-8000,22.5,18.19,24.1,3.01,0
2018,S01,Manatee,S01-2018-P4,5,35,FL-8000,23.8,20.71,8.8,3.01,0
2018,S01,Manatee,S01-2018-P4,6,42,FL-8000,23.0,18.44,0.0,3.01,0
2018,S01,Manatee,S01-2018-P4,7,49,FL-8000,30.5,19.92,17.4,3.01,0
2018,S01,Manatee,S01-2018-P4,8,56,FL-8000,18.2,22.12,26.0,3.01,0
2018,S01,Manatee,S01-2018-P4,9,63,FL-8000,18.5,22.15,2.4,3.01,0
2018,S01,Manatee,S01-2018-P4,10,70,FL-8000,22.9,20.66,27.9,3.01,0
2018,S01,Manatee,S01-2018-P4,11,77,FL-8000,26.8,19.07,10.6,3.01,0
2018,S01,Manatee,S01-2018-P4,12,84,FL-8000,15.7,20.8,25.2,3.01,0
2018,S01,Manatee,S01-2018-P5,1,7,FL-8000,26.7,22.12,9.9,4.14,0
2018,S01,Manatee,S01-2018-P5,2,14,FL-8000,23.8,19.61,22.0,4.14,1
2018,S01,Manatee,S01-2018-P5,3,21,FL-8000,24.7,22.75,18.8,4.14,0
2018,S01,Manatee,S01-2018-P5,4,28,FL-8000,12.4,21.74,23.8,4.14,1
2018,S01,Manatee,S01-2018-P5,5,35,FL-8000,29.4,18.63,24.0,4.14,0
2018,S01,Manatee,S01-2018-P5,6,42,FL-8000,29.3,19.77,24.6,4.14,1
2018,S01,Manatee,S01-2018-P5,7,49,FL-8000,20.9,19.96,15.3,4.14,0
2018,S01,Manatee,S01-2018-P5,8,56,FL-8000,35.9,20.45,30.0,4.14,1
2018,S01,Manatee,S01-2018-P5,9,63,FL-8000,29.7,21.1,12.4,4.14,0
2018,S01,Manatee,S01-2018-P5,10,70,FL-8000,18.1,18.17,22.3,4.14,0
2018,S01,Manatee,S01-2018-P5,11,77,FL-8000,28.2,19.97,17.7,4.14,1
2018,S01,Manatee,S01-2018-P5,12,84,FL-8000,27.4,23.24,13.4,4.14,1
2018,S01,Manatee,S01-2018-P6,1,7,Sanibel,22.2,21.76,25.6,3.34,0
2018,S01,Manatee,S01-2018-P6,2,14,Sanibel,28.6,18.68,39.7,3.34,0
2018,S01,Manatee,S01-2018-P6,3,21,Sanibel,11.7,18.42,28.3,3.34,0
2018,S01,Manatee,S01-2018-P6,4,28,Sanibel,21.0,19.75,8.7,3.34,0
2018,S01,Manatee,S01-2018-P6,5,35,Sanibel,23.9,18.81,30.4,3.34,0
2018,S01,Manatee,S01-2018-P6,6,42,Sanibel,21.7,20.18,22.7,3.34,0
2018,S01,Manatee,S01-2018-P6,7,49,Sanibel,24.4,21.82,26.5,3.34,1
2018,S01,Manatee,S01-2018-P6,8,56,Sanibel,16.6,20.93,36.8,3.34,0
2018,S01,Manatee,S01-2018-P6,9,63,Sanibel,22.9,20.03,25.7,3.34,0
2018,S01,Manatee,S01-2018-P6,10,70,Sanibel,24.6,19.24,47.2,3.34,0
2018,S01,Manatee,S01-2018-P6,11,77,Sanibel,14.8,19.63,22.6,3.34,0
2018,S01,Manatee,S01-2018-P6,12,84,Sanibel,16.5,22.22,15.7,3.34,0
2018,S02,Manatee,S02-2018-P1,1,7,FL-8000,26.9,20.48,28.7,2.91,1
2018,S02,Manatee,S02-2018-P1,2,14,FL-8000,13.5,22.31,14.0,2.91,0
2018,S02,Manatee,S02-2018-P1,3,21,FL-8000,31.6,22.47,13.9,2.91,0
2018,S02,Manatee,S02-2018-P1,4,28,FL-8000,21.0,20.35,11.8,2.91,0
2018,S02,Manatee,S02-2018-P1,5,35,FL-8000,26.0,24.28,16.8,2.91,0
2018,S02,Manatee,S02-2018-P1,6,42,FL-8000,13.2,21.8,32.0,2.91,0
2018,S02,Manatee,S02-2018-P1,7,49,FL-8000,25.1,23.41,13.5,2.91,0
2018,S02,Manatee,S02-2018-P1,8,56,FL-8000,16.9,20.89,38.4,2.91,1
2018,S02,Manatee,S02-2018-P1,9,63,FL-8000,17.2,23.59,19.5,2.91,1
2018,S02,Manatee,S02-2018-P1,10,70,FL-8000,15.4,19.34,17.0,2.91,0
2018,S02,Manatee,S02-2018-P1,11,77,FL-8000,24.6,19.44,16.8,2.91,1
2018,S02,Manatee,S02-2018-P1,12,84,FL-8000,26.5,19.92,14.6,2.91,0
2018,S02,Manatee,S02-2018-P2,1,7,Sanibel,26.1,22.48,29.7,4.44,0
2018,S02,Manatee,S02-2018-P2,2,14,Sanibel,29.0,21.07,34.0,4.44,0
2018,S02,Manatee,S02-2018-P2,3,21,Sanibel,17.8,20.73,41.7,4.44,0
2018,S02,Manatee,S02-2018-P2,4,28,Sanibel,20.8,19.44,39.7,4.44,0
2018,S02,Manatee,S02-2018-P2,5,35,Sanibel,23.1,20.73,13.6,4.44,0
2018,S02,Manatee,S02-2018-P2,6,42,Sanibel,29.4,19.61,13.5,4.44,1
2018,S02,Manatee,S02-2018-P2,7,49,Sanibel,26.1,20.27,19.6,4.44,0
2018,S02,Manatee,S02-2018-P2,8,56,Sanibel,10.1,20.63,28.0,4.44,0
2018,S02,Manatee,S02-2018-P2,9,63,Sanibel,27.3,20.49,32.4,4.44,0
2018,S02,Manatee,S02-2018-P2,10,70,Sanibel,13.5,23.16,33.8,4.44,1
2018,S02,Manatee,S02-2018-P2,11,77,Sanibel,19.6,23.58,27.2,4.44,0
2018,S02,Manatee,S02-2018-P2,12,84,Sanibel,21.7,20.91,31.8,4.44,0
2018,S02,Manatee,S02-2018-P3,1,7,Sebring,19.6,19.31,23.8,2.86,0
2018,S02,Manatee,S02-2018-P3,2,14,Sebring,27.3,21.75,27.6,2.86,0
2018,S02,Manatee,S02-2018-P3,3,21,Sebring,28.8,23.51,19.0,2.86,0
2018,S02,Manatee,S02-2018-P3,4,28,Sebring,24.3,19.45,20.2,2.86,0
2018,S02,Manatee,S02-2018-P3,5,35,Sebring,18.4,22.37,13.7,2.86,0
2018,S02,Manatee,S02-2018-P3,6,42,Sebring,12.4,18.69,16.6,2.86,0
2018,S02,Manatee,S02-2018-P3,7,49,Sebring,16.7,20.86,11.3,2.86,0
2018,S02,Manatee,S02-2018-P3,8,56,Sebring,26.3,18.38,21.7,2.86,0
2018,S02,Manatee,S02-2018-P3,9,63,Sebring,16.5,19.14,17.1,2.86,0
2018,S02,Manatee,S02-2018-P3,10,70,Sebring,20.1,19.84,19.5,2.86,0
2018,S02,Manatee,S02-2018-P3,11,77,Sebring,25.9,16.94,20.4,2.86,0
2018,S02,Manatee,S02-2018-P3,12,84,Sebring,15.5,21.37,5.3,2.86,0
2018,S02,Manatee,S02-2018-P4,1,7,Sanibel,7.2,21.75,9.2,3.65,0
2018,S02,Manatee,S02-2018-P4,2,14,Sanibel,22.1,20.8,14.9,3.65,0
2018,S02,Manatee,S02-2018-P4,3,21,Sanibel,27.3,17.23,14.0,3.65,0
2018,S02,Manatee,S02-2018-P4,4,28,Sanibel,13.7,21.87,26.4,3.65,0
2018,S02,Manatee,S02-2018-P4,5,35,Sanibel,31.1,20.02,36.3,3.65,1
2018,S02,Manatee,S02-2018-P4,6,42,Sanibel,15.8,21.01,28.6,3.65,0
2018,S02,Manatee,S02-2018-P4,7,49,Sanibel,23.7,17.87,22.3,3.65,0
2018,S02,Manatee,S02-2018-P4,8,56,Sanibel,18.1,20.55,33.8,3.65,0
2018,S02,Manatee,S02-2018-P4,9,63,Sanibel,28.1,20.02,17.6,3.65,1
2018,S02,Manatee,S02-2018-P4,10,70,Sanibel,18.3,19.26,32.6,3.65,0
2018,S02,Manatee,S02-2018-P4,11,77,Sanibel,13.8,19.75,13.4,3.65,0
2018,S02,Manatee,S02-2018-P4,12,84,Sanibel,23.4,19.95,19.6,3.65,1
2018,S02,Manatee,S02-2018-P5,1,7,HM-1823,11.5,19.7,27.4,2.03,1
2018,S02,Manatee,S02-2018-P5,2,14,HM-1823,23.9,20.18,19.1,2.03,0
2018,S02,Manatee,S02-2018-P5,3,21,HM-1823,17.8,21.54,15.4,2.03,0
2018,S02,Manatee,S02-2018-P5,4,28,HM-1823,27.3,22.01,7.7,2.03,0
2018,S02,Manatee,S02-2018-P5,5,35,HM-1823,17.1,19.95,8.6,2.03,0
2018,S02,Manatee,S02-2018-P5,6,42,HM-1823,10.4,18.22,24.0,2.03,1
2018,S02,Manatee,S02-2018-P5,7,49,HM-1823,11.0,18.33,20.8,2.03,0
2018,S02,Manatee,S02-2018-P5,8,56,HM-1823,20.1,22.3,13.9,2.03,0
2018,S02,Manatee,S02-2018-P5,9,63,HM-1823,24.5,21.28,18.7,2.03,1
2018,S02,Manatee,S02-2018-P5,10,70,HM-1823,27.9,19.55,11.1,2.03,0
2018,S02,Manatee,S02-2018-P5,11,77,HM-1823,30.6,20.11,14.1,2.03,1
2018,S02,Manatee,S02-2018-P5,12,84,HM-1823,12.0,19.13,8.7,2.03,1
2018,S02,Manatee,S02-2018-P6,1,7,FL-8000,30.7,21.31,33.5,4.79,1
2018,S02,Manatee,S02-2018-P6,2,14,FL-8000,23.8,19.89,21.8,4.79,0
2018,S02,Manatee,S02-2018-P6,3,21,FL-8000,23.5,17.96,34.8,4.79,0
2018,S02,Manatee,S02-2018-P6,4,28,FL-8000,15.2,20.36,35.5,4.79,0
2018,S02,Manatee,S02-2018-P6,5,35,FL-8000,20.8,22.65,37.6,4.79,0
2018,S02,Manatee,S02-2018-P6,6,42,FL-8000,18.2,21.73,22.3,4.79,0
2018,S02,Manatee,S02-2018-P6,7,49,FL-8000,22.7,20.06,6.2,4.79,1
2018,S02,Manatee,S02-2018-P6,8,56,FL-8000,31.6,20.76,31.1,4.79,1
2018,S02,Manatee,S02-2018-P6,9,63,FL-8000,16.0,20.8,19.7,4.79,0
2018,S02,Manatee,S02-2018-P6,10,70,FL-8000,7.7,18.8,28.2,4.79,0
2018,S02,Manatee,S02-2018-P6,11,77,FL-8000,19.0,21.63,22.4,4.79,1
2018,S02,Manatee,S02-2018-P6,12,84,FL-8000,23.6,19.25,16.6,4.79,0
2018,S03,Hillsborough,S03-2018-P1,1,7,HM-1823,23.3,22.97,35.6,3.19,0
2018,S03,Hillsborough,S03-2018-P1,2,14,HM-1823,24.3,19.66,6.2,3.19,0
2018,S03,Hillsborough,S03-2018-P1,3,21,HM-1823,37.9,20.18,33.8,3.19,0
2018,S03,Hillsborough,S03-2018-P1,4,28,HM-1823,9.7,19.37,28.0,3.19,0
2018,S03,Hillsborough,S03-2018-P1,5,35,HM-1823,23.7,19.3,16.2,3.19,0
2018,S03,Hillsborough,S03-2018-P1,6,42,HM-1823,27.7,20.48,27.9,3.19,0
2018,S03,Hillsborough,S03-2018-P1,7,49,HM-1823,30.5,19.14,14.7,3.19,0
2018,S03,Hillsborough,S03-2018-P1,8,56,HM-1823,16.3,19.07,49.7,3.19,0
2018,S03,Hillsborough,S03-2018-P1,9,63,HM-1823,20.4,18.43,15.8,3.19,0
2018,S03,Hillsborough,S03-2018-P1,10,70,HM-1823,22.6,18.67,29.8,3.19,0
2018,S03,Hillsborough,S03-2018-P1,11,77,HM-1823,27.2,19.25,44.0,3.19,0
2018,S03,Hillsborough,S03-2018-P1,12,84,HM-1823,33.2,20.06,40.6,3.19,1
2018,S03,Hillsborough,S03-2018-P2,1,7,FL-8000,20.4,20.98,20.1,4.13,0
2018,S03,Hillsborough,S03-2018-P2,2,14,FL-8000,26.3,20.73,7.3,4.13,1
2018,S03,Hillsborough,S03-2018-P2,3,21,FL-8000,17.2,16.93,13.9,4.13,0
2018,S03,Hillsborough,S03-2018-P2,4,28,FL-8000,32.2,19.45,3.9,4.13,0
2018,S03,Hillsborough,S03-2018-P2,5,35,FL-8000,15.3,18.41,22.9,4.13,0
2018,S03,Hillsborough,S03-2018-P2,6,42,FL-8000,22.5,19.65,29.1,4.13,1
2018,S03,Hillsborough,S03-2018-P2,7,49,FL-8000,20.2,17.66,23.5,4.13,0
2018,S03,Hillsborough,S03-2018-P2,8,56,FL-8000,13.0,20.11,9.3,4.13,0
2018,S03,Hillsborough,S03-2018-P2,9,63,FL-8000,18.5,22.01,18.8,4.13,1
2018,S03,Hillsborough,S03-2018-P2,10,70,FL-8000,22.7,21.51,19.3,4.13,0
2018,S03,Hillsborough,S03-2018-P2,11,77,FL-8000,25.7,20.75,33.8,4.13,1
2018,S03,Hillsborough,S03-2018-P2,12,84,FL-8000,17.6,19.34,26.8,4.13,1
2018,S03,Hillsborough,S03-2018-P3,1,7,Sanibel,21.3,20.07,42.0,3.21,0
2018,S03,Hillsborough,S03-2018-P3,2,14,Sanibel,29.4,18.68,27.8,3.21,0
2018,S03,Hillsborough,S03-2018-P3,3,21,Sanibel,22.2,17.35,32.7,3.21,0
2018,S03,Hillsborough,S03-2018-P3,4,28,Sanibel,27.5,20.26,33.5,3.21,0
2018,S03,Hillsborough,S03-2018-P3,5,35,Sanibel,20.1,20.46,18.4,3.21,0
2018,S03,Hillsborough,S03-2018-P3,6,42,Sanibel,15.8,19.76,23.9,3.21,0
2018,S03,Hillsborough,S03-2018-P3,7,49,Sanibel,18.4,16.95,47.6,3.21,0
2018,S03,Hillsborough,S03-2018-P3,8,56,Sanibel,30.4,17.66,43.0,3.21,0
2018,S03,Hillsborough,S03-2018-P3,9,63,Sanibel,30.7,17.85,39.4,3.21,0
2018,S03,Hillsborough,S03-2018-P3,10,70,Sanibel,29.8,18.1,40.1,3.21,0
2018,S03,Hillsborough,S03-2018-P3,11,77,Sanibel,18.4,19.65,37.3,3.21,0
2018,S03,Hillsborough,S03-2018-P3,12,84,Sanibel,26.0,18.21,29.1,3.21,0
2018,S03,Hillsborough,S03-2018-P4,1,7,Sanibel,19.4,19.44,14.4,3.1,0
2018,S03,Hillsborough,S03-2018-P4,2,14,Sanibel,7.8,16.59,9.0,3.1,0
2018,S03,Hillsborough,S03-2018-P4,3,21,Sanibel,30.4,19.19,13.7,3.1,0
2018,S03,Hillsborough,S03-2018-P4,4,28,Sanibel,17.8,18.55,2.3,3.1,0
2018,S03,Hillsborough,S03-2018-P4,5,35,Sanibel,26.6,18.4,9.7,3.1,0
2018,S03,Hillsborough,S03-2018-P4,6,42,Sanibel,23.0,23.4,31.0,3.1,0
2018,S03,Hillsborough,S03-2018-P4,7,49,Sanibel,22.4,22.47,14.0,3.1,0
2018,S03,Hillsborough,S03-2018-P4,8,56,Sanibel,17.8,23.23,11.0,3.1,0
2018,S03,Hillsborough,S03-2018-P4,9,63,Sanibel,18.9,19.59,22.4,3.1,0
2018,S03,Hillsborough,S03-2018-P4,10,70,Sanibel,15.2,20.62,0.0,3.1,0
2018,S03,Hillsborough,S03-2018-P4,11,77,Sanibel,26.5,18.13,19.9,3.1,0
2018,S03,Hillsborough,S03-2018-P4,12,84,Sanibel,16.0,18.68,16.4,3.1,0
2018,S03,Hillsborough,S03-2018-P5,1,7,HM-1823,26.9,19.09,21.3,2.34,0
2018,S03,Hillsborough,S03-2018-P5,2,14,HM-1823,19.7,18.6,18.6,2.34,0
2018,S03,Hillsborough,S03-2018-P5,3,21,HM-1823,17.3,17.92,19.3,2.34,0
2018,S03,Hillsborough,S03-2018-P5,4,28,HM-1823,14.9,20.42,1.2,2.34,0
2018,S03,Hillsborough,S03-2018-P5,5,35,HM-1823,19.1,21.4,10.9,2.34,0
2018,S03,Hillsborough,S03-2018-P5,6,42,HM-1823,23.2,20.74,22.7,2.34,1
2018,S03,Hillsborough,S03-2018-P5,7,49,HM-1823,21.5,19.25,17.1,2.34,0
2018,S03,Hillsborough,S03-2018-P5,8,56,HM-1823,8.1,19.33,0.0,2.34,0
2018,S03,Hillsborough,S03-2018-P5,9,63,HM-1823,17.2,19.18,15.5,2.34,0
2018,S03,Hillsborough,S03-2018-P5,10,70,HM-1823,22.1,21.33,19.5,2.34,0
2018,S03,Hillsborough,S03-2018-P5,11,77,HM-1823,33.4,18.77,23.8,2.34,0
2018,S03,Hillsborough,S03-2018-P5,12,84,HM-1823,24.4,17.62,5.3,2.34,0
2018,S03,Hillsborough,S03-2018-P6,1,7,FL-8000,30.4,19.13,32.4,2.28,0
2018,S03,Hillsborough,S03-2018-P6,2,14,FL-8000,24.8,20.01,19.2,2.28,0
2018,S03,Hillsborough,S03-2018-P6,3,21,FL-8000,15.8,20.97,33.4,2.28,0
2018,S03,Hillsborough,S03-2018-P6,4,28,FL-8000,26.1,18.25,38.7,2.28,0
2018,S03,Hillsborough,S03-2018-P6,5,35,FL-8000,34.7,19.15,37.9,2.28,0
2018,S03,Hillsborough,S03-2018-P6,6,42,FL-8000,24.0,16.79,52.7,2.28,0
2018,S03,Hillsborough,S03-2018-P6,7,49,FL-8000,27.2,20.55,20.9,2.28,0
2018,S03,Hillsborough,S03-2018-P6,8,56,FL-8000,8.2,19.37,47.1,2.28,0
2018,S03,Hillsborough,S03-2018-P6,9,63,FL-8000,21.6,17.62,24.1,2.28,0
2018,S03,Hillsborough,S03-2018-P6,10,70,FL-8000,30.0,19.96,31.2,2.28,0
2018,S03,Hillsborough,S03-2018-P6,11,77,FL-8000,23.6,19.58,22.9,2.28,0
2018,S03,Hillsborough,S03-2018-P6,12,84,FL-8000,19.4,18.24,35.4,2.28,1
2018,S04,Hillsborough,S04-2018-P1,1,7,Tygress,25.7,24.06,38.7,2.84,0
2018,S04,Hillsborough,S04-2018-P1,2,14,Tygress,27.9,21.21,32.5,2.84,0
2018,S04,Hillsborough,S04-2018-P1,3,21,Tygress,26.1,22.27,27.4,2.84,0
2018,S04,Hillsborough,S04-2018-P1,4,28,Tygress,19.7,21.69,20.3,2.84,0
2018,S04,Hillsborough,S04-2018-P1,5,35,Tygress,25.5,21.41,27.3,2.84,0
2018,S04,Hillsborough,S04-2018-P1,6,42,Tygress,22.5,22.52,30.8,2.84,0
2018,S04,Hillsborough,S04-2018-P1,7,49,Tygress,35.6,23.81,19.5,2.84,0
2018,S04,Hillsborough,S04-2018-P1,8,56,Tygress,20.6,25.1,29.3,2.84,0
2018,S04,Hillsborough,S04-2018-P1,9,63,Tygress,14.8,21.69,28.3,2.84,0
2018,S04,Hillsborough,S04-2018-P1,10,70,Tygress,22.9,20.29,5.8,2.84,0
2018,S04,Hillsborough,S04-2018-P1,11,77,Tygress,23.3,21.72,29.7,2.84,0
2018,S04,Hillsborough,S04-2018-P1,12,84,Tygress,29.5,21.4,31.4,2.84,0
2018,S04,Hillsborough,S04-2018-P2,1,7,HM-1823,24.3,23.31,9.3,4.17,0
2018,S04,Hillsborough,S04-2018-P2,2,14,HM-1823,19.1,23.83,14.3,4.17,0
2018,S04,Hillsborough,S04-2018-P2,3,21,HM-1823,17.2,23.94,5.9,4.17,0
2018,S04,Hillsborough,S04-2018-P2,4,28,HM-1823,21.2,21.39,4.7,4.17,0
2018,S04,Hillsborough,S04-2018-P2,5,35,HM-1823,24.8,20.97,7.9,4.17,0
2018,S04,Hillsborough,S04-2018-P2,6,42,HM-1823,19.7,23.22,5.0,4.17,0
2018,S04,Hillsborough,S04-2018-P2,7,49,HM-1823,23.7,22.74,6.8,4.17,0
2018,S04,Hillsborough,S04-2018-P2,8,56,HM-1823,18.1,21.29,5.2,4.17,1
2018,S04,Hillsborough,S04-2018-P2,9,63,HM-1823,34.0,23.05,2.0,4.17,1
2018,S04,Hillsborough,S04-2018-P2,10,70,HM-1823,18.6,21.59,0.0,4.17,0
2018,S04,Hillsborough,S04-2018-P2,11,77,HM-1823,26.5,22.65,10.6,4.17,1
2018,S04,Hillsborough,S04-2018-P2,12,84,HM-1823,24.1,22.81,20.0,4.17,1
2018,S04,Hillsborough,S04-2018-P3,1,7,Sanibel,13.2,22.01,0.0,3.42,0
2018,S04,Hillsborough,S04-2018-P3,2,14,Sanibel,32.7,19.63,11.9,3.42,0
2018,S04,Hillsborough,S04-2018-P3,3,21,Sanibel,18.2,20.52,16.7,3.42,0
2018,S04,Hillsborough,S04-2018-P3,4,28,Sanibel,17.4,21.77,19.7,3.42,1
2018,S04,Hillsborough,S04-2018-P3,5,35,Sanibel,19.3,21.06,5.7,3.42,0
2018,S04,Hillsborough,S04-2018-P3,6,42,Sanibel,12.9,21.52,0.0,3.42,0
2018,S04,Hillsborough,S04-2018-P3,7,49,Sanibel,20.8,18.42,9.4,3.42,0
2018,S04,Hillsborough,S04-2018-P3,8,56,Sanibel,25.9,22.04,18.0,3.42,1
2018,S04,Hillsborough,S04-2018-P3,9,63,Sanibel,21.7,21.94,41.8,3.42,0
2018,S04,Hillsborough,S04-2018-P3,10,70,Sanibel,23.6,21.14,5.4,3.42,0
2018,S04,Hillsborough,S04-2018-P3,11,77,Sanibel,25.0,23.14,24.7,3.42,0
2018,S04,Hillsborough,S04-2018-P3,12,84,Sanibel,30.4,22.03,6.1,3.42,1
2018,S04,Hillsborough,S04-2018-P4,1,7,Sebring,21.9,19.3,28.0,1.55,0
2018,S04,Hillsborough,S04-2018-P4,2,14,Sebring,27.3,22.65,14.9,1.55,0
2018,S04,Hillsborough,S04-2018-P4,3,21,Sebring,21.9,22.55,22.8,1.55,0
2018,S04,Hillsborough,S04-2018-P4,4,28,Sebring,16.7,19.7,20.8,1.55,0
2018,S04,Hillsborough,S04-2018-P4,5,35,Sebring,14.9,20.71,28.4,1.55,0
2018,S04,Hillsborough,S04-2018-P4,6,42,Sebring,29.2,21.73,34.1,1.55,0
2018,S04,Hillsborough,S04-2018-P4,7,49,Sebring,14.4,22.88,26.3,1.55,0
2018,S04,Hillsborough,S04-2018-P4,8,56,Sebring,21.3,19.53,5.8,1.55,0
2018,S04,Hillsborough,S04-2018-P4,9,63,Sebring,22.8,20.79,30.3,1.55,0
2018,S04,Hillsborough,S04-2018-P4,10,70,Sebring,25.6,20.31,42.1,1.55,0
2018,S04,Hillsborough,S04-2018-P4,11,77,Sebring,24.9,23.02,24.4,1.55,0
2018,S04,Hillsborough,S04-2018-P4,12,84,Sebring,22.0,21.39,23.1,1.55,0
2018,S04,Hillsborough,S04-2018-P5,1,7,FL-8000,26.1,22.4,33.0,2.35,0
2018,S04,Hillsborough,S04-2018-P5,2,14,FL-8000,35.1,21.36,5.2,2.35,0
2018,S04,Hillsborough,S04-2018-P5,3,21,FL-8000,22.6,20.32,20.2,2.35,0
2018,S04,Hillsborough,S04-2018-P5,4,28,FL-8000,20.4,21.47,11.6,2.35,0
2018,S04,Hillsborough,S04-2018-P5,5,35,FL-8000,35.2,21.36,34.9,2.35,0
2018,S04,Hillsborough,S04-2018-P5,6,42,FL-8000,26.6,21.32,21.5,2.35,0
2018,S04,Hillsborough,S04-2018-P5,7,49,FL-8000,23.5,22.63,35.6,2.35,0
2018,S04,Hillsborough,S04-2018-P5,8,56,FL-8000,17.5,22.37,27.0,2.35,0
2018,S04,Hillsborough,S04-2018-P5,9,63,FL-8000,21.4,20.5,13.7,2.35,0
2018,S04,Hillsborough,S04-2018-P5,10,70,FL-8000,15.1,19.61,8.8,2.35,0
2018,S04,Hillsborough,S04-2018-P5,11,77,FL-8000,12.3,20.18,17.5,2.35,0
2018,S04,Hillsborough,S04-2018-P5,12,84,FL-8000,12.5,22.85,12.9,2.35,0
2018,S04,Hillsborough,S04-2018-P6,1,7,Tygress,23.2,23.63,24.3,2.94,0
2018,S04,Hillsborough,S04-2018-P6,2,14,Tygress,31.1,20.42,14.4,2.94,0
2018,S04,Hillsborough,S04-2018-P6,3,21,Tygress,18.3,21.23,24.4,2.94,0
2018,S04,Hillsborough,S04-2018-P6,4,28,Tygress,24.3,21.71,28.7,2.94,0
2018,S04,Hillsborough,S04-2018-P6,5,35,Tygress,15.3,22.23,14.4,2.94,0
2018,S04,Hillsborough,S04-2018-P6,6,42,Tygress,28.9,21.98,20.3,2.94,0
2018,S04,Hillsborough,S04-2018-P6,7,49,Tygress,24.7,22.29,18.9,2.94,0
2018,S04,Hillsborough,S04-2018-P6,8,56,Tygress,26.1,21.03,21.0,2.94,0
2018,S04,Hillsborough,S04-2018-P6,9,63,Tygress,28.6,21.88,11.4,2.94,1
2018,S04,Hillsborough,S04-2018-P6,10,70,Tygress,13.4,21.77,9.7,2.94,0
2018,S04,Hillsborough,S04-2018-P6,11,77,Tygress,16.5,23.81,18.6,2.94,0
2018,S04,Hillsborough,S04-2018-P6,12,84,Tygress,20.1,20.55,16.5,2.94,0
2018,S05,Collier,S05-2018-P1,1,7,Tygress,21.1,20.91,17.0,3.22,0
2018,S05,Collier,S05-2018-P1,2,14,Tygress,26.3,21.34,21.3,3.22,0
2018,S05,Collier,S05-2018-P1,3,21,Tygress,16.8,21.29,10.0,3.22,0
2018,S05,Collier,S05-2018-P1,4,28,Tygress,22.0,22.11,35.8,3.22,0
2018,S05,Collier,S05-2018-P1,5,35,Tygress,31.9,20.77,36.6,3.22,0
2018,S05,Collier,S05-2018-P1,6,42,Tygress,30.0,22.5,19.7,3.22,0
2018,S05,Collier,S05-2018-P1,7,49,Tygress,16.4,18.95,19.6,3.22,0
2018,S05,Collier,S05-2018-P1,8,56,Tygress,21.0,21.57,10.1,3.22,0
2018,S05,Collier,S05-2018-P1,9,63,Tygress,13.6,19.63,30.2,3.22,0
2018,S05,Collier,S05-2018-P1,10,70,Tygress,20.6,23.78,28.2,3.22,1
2018,S05,Collier,S05-2018-P1,11,77,Tygress,29.4,23.0,24.6,3.22,0
2018,S05,Collier,S05-2018-P1,12,84,Tygress,16.8,22.13,30.1,3.22,0
2018,S05,Collier,S05-2018-P2,1,7,Sanibel,18.8,22.28,6.0,3.08,0
2018,S05,Collier,S05-2018-P2,2,14,Sanibel,19.1,20.92,21.9,3.08,0
2018,S05,Collier,S05-2018-P2,3,21,Sanibel,19.0,19.77,24.5,3.08,0
2018,S05,Collier,S05-2018-P2,4,28,Sanibel,19.7,22.86,26.7,3.08,0
2018,S05,Collier,S05-2018-P2,5,35,Sanibel,18.6,20.71,20.3,3.08,0
2018,S05,Collier,S05-2018-P2,6,42,Sanibel,27.3,21.88,20.8,3.08,0
2018,S05,Collier,S05-2018-P2,7,49,Sanibel,26.2,21.35,18.4,3.08,0
2018,S05,Collier,S05-2018-P2,8,56,Sanibel,34.3,20.94,18.9,3.08,0
2018,S05,Collier,S05-2018-P2,9,63,Sanibel,29.5,20.82,14.2,3.08,0
2018,S05,Collier,S05-2018-P2,10,70,Sanibel,27.4,23.76,14.2,3.08,0
2018,S05,Collier,S05-2018-P2,11,77,Sanibel,32.4,20.39,15.3,3.08,0
2018,S05,Collier,S05-2018-P2,12,84,Sanibel,21.2,20.94,32.3,3.08,0
2018,S05,Collier,S05-2018-P3,1,7,FL-8000,33.8,22.86,12.6,2.61,0
2018,S05,Collier,S05-2018-P3,2,14,FL-8000,25.0,21.66,29.3,2.61,0
2018,S05,Collier,S05-2018-P3,3,21,FL-8000,19.2,20.18,41.8,2.61,0
2018,S05,Collier,S05-2018-P3,4,28,FL-8000,18.5,20.82,24.6,2.61,0
2018,S05,Collier,S05-2018-P3,5,35,FL-8000,21.8,19.85,11.7,2.61,0
2018,S05,Collier,S05-2018-P3,6,42,FL-8000,25.3,22.29,12.3,2.61,0
2018,S05,Collier,S05-2018-P3,7,49,FL-8000,12.2,20.7,28.7,2.61,0
2018,S05,Collier,S05-2018-P3,8,56,FL-8000,23.0,19.92,23.8,2.61,0
2018,S05,Collier,S05-2018-P3,9,63,FL-8000,16.3,20.01,33.7,2.61,0
2018,S05,Collier,S05-2018-P3,10,70,FL-8000,27.6,19.56,33.4,2.61,0
2018,S05,Collier,S05-2018-P3,11,77,FL-8000,24.2,21.64,21.7,2.61,0
2018,S05,Collier,S05-2018-P3,12,84,FL-8000,22.0,22.37,20.0,2.61,0
2018,S05,Collier,S05-2018-P4,1,7,Tygress,14.8,21.03,22.6,2.62,0
2018,S05,Collier,S05-2018-P4,2,14,Tygress,27.8,19.04,12.9,2.62,0
2018,S05,Collier,S05-2018-P4,3,21,Tygress,15.4,20.36,0.0,2.62,0
2018,S05,Collier,S05-2018-P4,4,28,Tygress,22.0,21.2,0.0,2.62,0
2018,S05,Collier,S05-2018-P4,5,35,Tygress,19.9,20.09,27.7,2.62,0
2018,S05,Collier,S05-2018-P4,6,42,Tygress,29.2,21.71,33.8,2.62,0
2018,S05,Collier,S05-2018-P4,7,49,Tygress,27.9,22.07,36.3,2.62,0
2018,S05,Collier,S05-2018-P4,8,56,Tygress,29.3,21.32,17.6,2.62,0
2018,S05,Collier,S05-2018-P4,9,63,Tygress,25.5,20.23,14.8,2.62,1
2018,S05,Collier,S05-2018-P4,10,70,Tygress,30.0,21.26,37.9,2.62,0
2018,S05,Collier,S05-2018-P4,11,77,Tygress,32.7,19.94,30.1,2.62,0
2018,S05,Collier,S05-2018-P4,12,84,Tygress,18.2,19.99,31.8,2.62,0
2018,S05,Collier,S05-2018-P5,1,7,HM-1823,37.8,27.05,31.8,4.01,1
2018,S05,Collier,S05-2018-P5,2,14,HM-1823,25.6,21.93,19.4,4.01,0
2018,S05,Collier,S05-2018-P5,3,21,HM-1823,26.3,22.6,32.8,4.01,1
2018,S05,Collier,S05-2018-P5,4,28,HM-1823,21.0,21.91,38.7,4.01,1
2018,S05,Collier,S05-2018-P5,5,35,HM-1823,29.1,20.57,13.7,4.01,0
2018,S05,Collier,S05-2018-P5,6,42,HM-1823,21.9,21.55,26.3,4.01,0
2018,S05,Collier,S05-2018-P5,7,49,HM-1823,25.5,23.09,31.2,4.01,1
2018,S05,Collier,S05-2018-P5,8,56,HM-1823,18.0,22.29,41.5,4.01,1
2018,S05,Collier,S05-2018-P5,9,63,HM-1823,14.5,24.73,21.7,4.01,1
2018,S05,Collier,S05-2018-P5,10,70,HM-1823,22.4,21.59,28.8,4.01,1
2018,S05,Collier,S05-2018-P5,11,77,HM-1823,29.1,20.39,36.3,4.01,1
2018,S05,Collier,S05-2018-P5,12,84,HM-1823,16.8,19.41,30.0,4.01,0
2018,S05,Collier,S05-2018-P6,1,7,Sanibel,19.3,21.15,16.3,2.48,0
2018,S05,Collier,S05-2018-P6,2,14,Sanibel,11.8,20.13,24.1,2.48,0
2018,S05,Collier,S05-2018-P6,3,21,Sanibel,10.6,22.19,32.4,2.48,0
2018,S05,Collier,S05-2018-P6,4,28,Sanibel,17.2,21.09,0.0,2.48,0
2018,S05,Collier,S05-2018-P6,5,35,Sanibel,17.4,20.8,9.5,2.48,0
2018,S05,Collier,S05-2018-P6,6,42,Sanibel,19.1,22.18,11.2,2.48,0
2018,S05,Collier,S05-2018-P6,7,49,Sanibel,20.7,20.27,3.1,2.48,0
2018,S05,Collier,S05-2018-P6,8,56,Sanibel,27.1,22.88,8.0,2.48,0
2018,S05,Collier,S05-2018-P6,9,63,Sanibel,26.2,20.42,0.0,2.48,0
2018,S05,Collier,S05-2018-P6,10,70,Sanibel,29.3,21.13,9.7,2.48,0
2018,S05,Collier,S05-2018-P6,11,77,Sanibel,24.0,21.84,22.8,2.48,0
2018,S05,Collier,S05-2018-P6,12,84,Sanibel,22.2,22.73,0.3,2.48,0
2018,S06,Collier,S06-2018-P1,1,7,Sanibel,27.1,19.79,27.3,3.47,0
2018,S06,Collier,S06-2018-P1,2,14,Sanibel,30.6,21.95,13.4,3.47,1
2018,S06,Collier,S06-2018-P1,3,21,Sanibel,26.4,20.73,9.5,3.47,0
2018,S06,Collier,S06-2018-P1,4,28,Sanibel,18.2,20.13,29.7,3.47,1
2018,S06,Collier,S06-2018-P1,5,35,Sanibel,35.0,20.84,13.8,3.47,0
2018,S06,Collier,S06-2018-P1,6,42,Sanibel,20.5,22.82,5.5,3.47,0
2018,S06,Collier,S06-2018-P1,7,49,Sanibel,18.2,20.78,18.6,3.47,0
2018,S06,Collier,S06-2018-P1,8,56,Sanibel,29.1,20.48,0.0,3.47,0
2018,S06,Collier,S06-2018-P1,9,63,Sanibel,22.6,18.97,16.9,3.47,0
2018,S06,Collier,S06-2018-P1,10,70,Sanibel,24.2,19.22,0.0,3.47,0
2018,S06,Collier,S06-2018-P1,11,77,Sanibel,28.5,20.46,3.7,3.47,1
2018,S06,Collier,S06-2018-P1,12,84,Sanibel,30.8,21.26,16.9,3.47,1
2018,S06,Collier,S06-2018-P2,1,7,FL-8000,15.6,19.33,33.1,3.11,0
2018,S06,Collier,S06-2018-P2,2,14,FL-8000,39.8,23.39,32.0,3.11,1
2018,S06,Collier,S06-2018-P2,3,21,FL-8000,27.4,19.2,34.4,3.11,0
2018,S06,Collier,S06-2018-P2,4,28,FL-8000,29.1,18.78,32.7,3.11,0
2018,S06,Collier,S06-2018-P2,5,35,FL-8000,24.8,23.26,24.2,3.11,1
2018,S06,Collier,S06-2018-P2,6,42,FL-8000,33.7,21.24,29.5,3.11,1
2018,S06,Collier,S06-2018-P2,7,49,FL-8000,27.0,22.44,32.2,3.11,1
2018,S06,Collier,S06-2018-P2,8,56,FL-8000,20.8,20.95,28.3,3.11,0
2018,S06,Collier,S06-2018-P2,9,63,FL-8000,30.6,20.7,28.5,3.11,0
2018,S06,Collier,S06-2018-P2,10,70,FL-8000,30.5,19.08,30.0,3.11,0
2018,S06,Collier,S06-2018-P2,11,77,FL-8000,25.9,21.79,21.7,3.11,0
2018,S06,Collier,S06-2018-P2,12,84,FL-8000,37.1,23.89,24.1,3.11,0
2018,S06,Collier,S06-2018-P3,1,7,FL-8000,21.0,18.91,7.8,2.13,0
2018,S06,Collier,S06-2018-P3,2,14,FL-8000,30.8,20.2,0.0,2.13,0
2018,S06,Collier,S06-2018-P3,3,21,FL-8000,17.2,20.87,17.4,2.13,0
2018,S06,Collier,S06-2018-P3,4,28,FL-8000,23.3,21.55,19.9,2.13,0
2018,S06,Collier,S06-2018-P3,5,35,FL-8000,21.7,19.8,36.4,2.13,0
2018,S06,Collier,S06-2018-P3,6,42,FL-8000,24.7,19.53,28.9,2.13,0
2018,S06,Collier,S06-2018-P3,7,49,FL-8000,21.9,15.43,20.9,2.13,0
2018,S06,Collier,S06-2018-P3,8,56,FL-8000,11.9,19.96,24.1,2.13,0
2018,S06,Collier,S06-2018-P3,9,63,FL-8000,25.4,20.67,22.4,2.13,0
2018,S06,Collier,S06-2018-P3,10,70,FL-8000,30.1,20.69,14.0,2.13,0
2018,S06,Collier,S06-2018-P3,11,77,FL-8000,17.5,17.97,16.8,2.13,0
2018,S06,Collier,S06-2018-P3,12,84,FL-8000,24.1,22.07,18.9,2.13,1
2018,S06,Collier,S06-2018-P4,1,7,Sanibel,31.9,20.93,34.8,2.77,0
2018,S06,Collier,S06-2018-P4,2,14,Sanibel,27.3,17.82,33.4,2.77,0
2018,S06,Collier,S06-2018-P4,3,21,Sanibel,23.8,20.0,21.5,2.77,0
2018,S06,Collier,S06-2018-P4,4,28,Sanibel,28.6,17.55,16.1,2.77,0
2018,S06,Collier,S06-2018-P4,5,35,Sanibel,38.5,19.23,35.8,2.77,0
2018,S06,Collier,S06-2018-P4,6,42,Sanibel,34.0,20.31,34.8,2.77,0
2018,S06,Collier,S06-2018-P4,7,49,Sanibel,38.5,20.37,34.8,2.77,0
2018,S06,Collier,S06-2018-P4,8,56,Sanibel,34.2,19.12,46.2,2.77,0
2018,S06,Collier,S06-2018-P4,9,63,Sanibel,31.2,20.23,16.1,2.77,0
2018,S06,Collier,S06-2018-P4,10,70,Sanibel,27.2,19.72,32.7,2.77,1
2018,S06,Collier,S06-2018-P4,11,77,Sanibel,27.1,20.25,28.9,2.77,0
2018,S06,Collier,S06-2018-P4,12,84,Sanibel,25.8,18.15,38.7,2.77,0
2018,S06,Collier,S06-2018-P5,1,7,FL-8000,27.1,22.64,28.1,4.76,0
2018,S06,Collier,S06-2018-P5,2,14,FL-8000,25.8,18.6,11.4,4.76,1
2018,S06,Collier,S06-2018-P5,3,21,FL-8000,19.0,21.53,6.4,4.76,1
2018,S06,Collier,S06-2018-P5,4,28,FL-8000,31.0,21.56,5.6,4.76,0
2018,S06,Collier,S06-2018-P5,5,35,FL-8000,27.2,19.07,8.9,4.76,0
2018,S06,Collier,S06-2018-P5,6,42,FL-8000,29.1,22.26,3.0,4.76,0
2018,S06,Collier,S06-2018-P5,7,49,FL-8000,28.4,20.75,0.0,4.76,1
2018,S06,Collier,S06-2018-P5,8,56,FL-8000,34.2,19.39,12.1,4.76,0
2018,S06,Collier,S06-2018-P5,9,63,FL-8000,24.3,22.02,1.1,4.76,1
2018,S06,Collier,S06-2018-P5,10,70,FL-8000,30.2,20.36,7.7,4.76,0
2018,S06,Collier,S06-2018-P5,11,77,FL-8000,23.2,20.03,0.0,4.76,1
2018,S06,Collier,S06-2018-P5,12,84,FL-8000,22.1,20.75,18.9,4.76,0
2018,S06,Collier,S06-2018-P6,1,7,FL-8000,29.4,24.26,38.7,1.63,1
2018,S06,Collier,S06-2018-P6,2,14,FL-8000,26.6,21.77,29.6,1.63,0
2018,S06,Collier,S06-2018-P6,3,21,FL-8000,28.7,20.54,15.4,1.63,0
2018,S06,Collier,S06-2018-P6,4,28,FL-8000,23.8,20.69,36.1,1.63,0
2018,S06,Collier,S06-2018-P6,5,35,FL-8000,30.4,20.79,27.9,1.63,0
2018,S06,Collier,S06-2018-P6,6,42,FL-8000,22.8,23.65,42.5,1.63,0
2018,S06,Collier,S06-2018-P6,7,49,FL-8000,25.7,22.21,38.3,1.63,0
2018,S06,Collier,S06-2018-P6,8,56,FL-8000,30.8,19.26,35.7,1.63,0
2018,S06,Collier,S06-2018-P6,9,63,FL-8000,32.2,22.39,20.9,1.63,0
2018,S06,Collier,S06-2018-P6,10,70,FL-8000,24.4,20.7,29.7,1.63,0
2018,S06,Collier,S06-2018-P6,11,77,FL-8000,28.4,20.81,50.8,1.63,0
2018,S06,Collier,S06-2018-P6,12,84,FL-8000,35.0,22.71,32.8,1.63,0
2018,S07,Miami-Dade,S07-2018-P1,1,7,HM-1823,26.2,20.89,20.9,3.04,0
2018,S07,Miami-Dade,S07-2018-P1,2,14,HM-1823,26.1,23.41,10.3,3.04,1
2018,S07,Miami-Dade,S07-2018-P1,3,21,HM-1823,26.5,19.24,16.8,3.04,1
2018,S07,Miami-Dade,S07-2018-P1,4,28,HM-1823,16.6,21.09,29.4,3.04,0
2018,S07,Miami-Dade,S07-2018-P1,5,35,HM-1823,20.0,21.36,29.5,3.04,0
2018,S07,Miami-Dade,S07-2018-P1,6,42,HM-1823,21.9,20.29,24.7,3.04,0
2018,S07,Miami-Dade,S07-2018-P1,7,49,HM-1823,24.3,19.3,18.2,3.04,0
2018,S07,Miami-Dade,S07-2018-P1,8,56,HM-1823,16.5,21.78,20.5,3.04,0
2018,S07,Miami-Dade,S07-2018-P1,9,63,HM-1823,12.2,22.86,23.3,3.04,0
2018,S07,Miami-Dade,S07-2018-P1,10,70,HM-1823,28.9,19.44,20.8,3.04,0
2018,S07,Miami-Dade,S07-2018-P1,11,77,HM-1823,15.7,21.45,16.5,3.04,0
2018,S07,Miami-Dade,S07-2018-P1,12,84,HM-1823,19.2,19.97,27.0,3.04,1
2018,S07,Miami-Dade,S07-2018-P2,1,7,HM-1823,35.0,23.35,17.7,2.23,0
2018,S07,Miami-Dade,S07-2018-P2,2,14,HM-1823,33.5,21.14,16.4,2.23,0
2018,S07,Miami-Dade,S07-2018-P2,3,21,HM-1823,24.4,20.16,36.6,2.23,0
2018,S07,Miami-Dade,S07-2018-P2,4,28,HM-1823,31.3,23.0,32.4,2.23,0
2018,S07,Miami-Dade,S07-2018-P2,5,35,HM-1823,25.7,21.02,17.3,2.23,0
2018,S07,Miami-Dade,S07-2018-P2,6,42,HM-1823,20.2,21.81,24.6,2.23,0
2018,S07,Miami-Dade,S07-2018-P2,7,49,HM-1823,9.4,21.3,34.2,2.23,0
2018,S07,Miami-Dade,S07-2018-P2,8,56,HM-1823,26.9,21.03,21.8,2.23,0
2018,S07,Miami-Dade,S07-2018-P2,9,63,HM-1823,30.1,21.36,20.2,2.23,0
2018,S07,Miami-Dade,S07-2018-P2,10,70,HM-1823,14.3,22.07,35.7,2.23,0
2018,S07,Miami-Dade,S07-2018-P2,11,77,HM-1823,18.8,20.15,31.9,2.23,1
2018,S07,Miami-Dade,S07-2018-P2,12,84,HM-1823,15.4,19.76,28.9,2.23,1
2018,S07,Miami-Dade,S07-2018-P3,1,7,FL-8000,12.2,22.78,47.4,1.93,0
2018,S07,Miami-Dade,S07-2018-P3,2,14,FL-8000,12.4,22.82,41.2,1.93,0
2018,S07,Miami-Dade,S07-2018-P3,3,21,FL-8000,10.7,22.22,48.1,1.93,0
2018,S07,Miami-Dade,S07-2018-P3,4,28,FL-8000,22.3,23.09,34.5,1.93,0
2018,S07,Miami-Dade,S07-2018-P3,5,35,FL-8000,32.0,21.8,39.9,1.93,0
2018,S07,Miami-Dade,S07-2018-P3,6,42,FL-8000,11.1,23.1,26.3,1.93,0
2018,S07,Miami-Dade,S07-2018-P3,7,49,FL-8000,15.8,22.22,54.1,1.93,0
2018,S07,Miami-Dade,S07-2018-P3,8,56,FL-8000,19.8,21.24,46.5,1.93,0
2018,S07,Miami-Dade,S07-2018-P3,9,63,FL-8000,18.5,21.74,37.7,1.93,0
2018,S07,Miami-Dade,S07-2018-P3,10,70,FL-8000,29.3,22.36,49.1,1.93,0
2018,S07,Miami-Dade,S07-2018-P3,11,77,FL-8000,22.6,22.27,23.6,1.93,0
2018,S07,Miami-Dade,S07-2018-P3,12,84,FL-8000,22.3,21.49,39.2,1.93,0
2018,S07,Miami-Dade,S07-2018-P4,1,7,FL-8000,34.9,21.82,34.0,1.85,0
2018,S07,Miami-Dade,S07-2018-P4,2,14,FL-8000,32.2,19.76,36.4,1.85,0
2018,S07,Miami-Dade,S07-2018-P4,3,21,FL-8000,9.6,19.15,42.3,1.85,0
2018,S07,Miami-Dade,S07-2018-P4,4,28,FL-8000,25.3,19.77,34.6,1.85,0
2018,S07,Miami-Dade,S07-2018-P4,5,35,FL-8000,23.1,22.09,36.0,1.85,0
2018,S07,Miami-Dade,S07-2018-P4,6,42,FL-8000,17.0,22.03,34.2,1.85,0
2018,S07,Miami-Dade,S07-2018-P4,7,49,FL-8000,21.4,23.55,43.9,1.85,0
2018,S07,Miami-Dade,S07-2018-P4,8,56,FL-8000,19.6,19.57,46.5,1.85,0
2018,S07,Miami-Dade,S07-2018-P4,9,63,FL-8000,24.6,20.11,29.8,1.85,0
2018,S07,Miami-Dade,S07-2018-P4,10,70,FL-8000,20.0,19.35,52.8,1.85,0
2018,S07,Miami-Dade,S07-2018-P4,11,77,FL-8000,22.9,21.62,27.2,1.85,0
2018,S07,Miami-Dade,S07-2018-P4,12,84,FL-8000,26.2,18.61,44.0,1.85,0
2018,S07,Miami-Dade,S07-2018-P5,1,7,Tygress,32.5,19.23,24.4,2.95,0
2018,S07,Miami-Dade,S07-2018-P5,2,14,Tygress,17.6,20.28,16.2,2.95,0
2018,S07,Miami-Dade,S07-2018-P5,3,21,Tygress,30.1,21.44,27.7,2.95,0
2018,S07,Miami-Dade,S07-2018-P5,4,28,Tygress,22.9,17.97,20.0,2.95,0
2018,S07,Miami-Dade,S07-2018-P5,5,35,Tygress,22.7,19.72,28.3,2.95,0
2018,S07,Miami-Dade,S07-2018-P5,6,42,Tygress,14.2,21.21,42.9,2.95,0
2018,S07,Miami-Dade,S07-2018-P5,7,49,Tygress,22.2,19.95,28.7,2.95,0
2018,S07,Miami-Dade,S07-2018-P5,8,56,Tygress,27.3,20.8,38.2,2.95,0
2018,S07,Miami-Dade,S07-2018-P5,9,63,Tygress,25.7,20.92,30.2,2.95,0
2018,S07,Miami-Dade,S07-2018-P5,10,70,Tygress,23.3,20.53,30.9,2.95,0
2018,S07,Miami-Dade,S07-2018-P5,11,77,Tygress,20.1,19.77,35.7,2.95,1
2018,S07,Miami-Dade,S07-2018-P5,12,84,Tygress,24.7,18.06,19.9,2.95,1
2018,S07,Miami-Dade,S07-2018-P6,1,7,FL-8000,24.8,18.61,22.4,3.85,0
2018,S07,Miami-Dade,S07-2018-P6,2,14,FL-8000,30.7,18.26,8.9,3.85,0
2018,S07,Miami-Dade,S07-2018-P6,3,21,FL-8000,24.3,19.86,30.7,3.85,0
2018,S07,Miami-Dade,S07-2018-P6,4,28,FL-8000,22.2,19.42,28.2,3.85,0
2018,S07,Miami-Dade,S07-2018-P6,5,35,FL-8000,16.6,20.88,25.4,3.85,0
2018,S07,Miami-Dade,S07-2018-P6,6,42,FL-8000,19.4,19.95,27.6,3.85,0
2018,S07,Miami-Dade,S07-2018-P6,7,49,FL-8000,23.8,18.01,23.4,3.85,0
2018,S07,Miami-Dade,S07-2018-P6,8,56,FL-8000,22.8,21.03,8.7,3.85,0
2018,S07,Miami-Dade,S07-2018-P6,9,63,FL-8000,17.3,20.89,15.6,3.85,0
2018,S07,Miami-Dade,S07-2018-P6,10,70,FL-8000,19.0,20.36,25.7,3.85,0
2018,S07,Miami-Dade,S07-2018-P6,11,77,FL-8000,19.3,19.34,6.2,3.85,1
2018,S07,Miami-Dade,S07-2018-P6,12,84,FL-8000,23.4,19.12,18.6,3.85,0
2018,S08,Miami-Dade,S08-2018-P1,1,7,Sanibel,21.1,20.87,24.3,3.47,0
2018,S08,Miami-Dade,S08-2018-P1,2,14,Sanibel,13.9,18.51,19.4,3.47,0
2018,S08,Miami-Dade,S08-2018-P1,3,21,Sanibel,16.2,18.83,24.1,3.47,0
2018,S08,Miami-Dade,S08-2018-P1,4,28,Sanibel,26.3,19.82,29.9,3.47,0
2018,S08,Miami-Dade,S08-2018-P1,5,35,Sanibel,21.3,18.39,36.7,3.47,0
2018,S08,Miami-Dade,S08-2018-P1,6,42,Sanibel,16.7,18.66,11.4,3.47,0
2018,S08,Miami-Dade,S08-2018-P1,7,49,Sanibel,27.8,20.68,28.6,3.47,0
2018,S08,Miami-Dade,S08-2018-P1,8,56,Sanibel,16.7,17.57,22.7,3.47,0
2018,S08,Miami-Dade,S08-2018-P1,9,63,Sanibel,14.5,19.65,39.4,3.47,0
2018,S08,Miami-Dade,S08-2018-P1,10,70,Sanibel,17.3,19.45,17.1,3.47,0
2018,S08,Miami-Dade,S08-2018-P1,11,77,Sanibel,29.0,20.15,29.3,3.47,0
2018,S08,Miami-Dade,S08-2018-P1,12,84,Sanibel,23.3,18.28,35.9,3.47,0
2018,S08,Miami-Dade,S08-2018-P2,1,7,Sanibel,21.3,19.93,6.8,4.89,0
2018,S08,Miami-Dade,S08-2018-P2,2,14,Sanibel,35.3,20.27,0.3,4.89,0
2018,S08,Miami-Dade,S08-2018-P2,3,21,Sanibel,15.1,19.69,16.8,4.89,0
2018,S08,Miami-Dade,S08-2018-P2,4,28,Sanibel,20.3,20.47,9.2,4.89,0
2018,S08,Miami-Dade,S08-2018-P2,5,35,Sanibel,28.4,19.75,0.5,4.89,0
2018,S08,Miami-Dade,S08-2018-P2,6,42,Sanibel,18.3,19.05,14.9,4.89,0
2018,S08,Miami-Dade,S08-2018-P2,7,49,Sanibel,15.2,20.24,0.0,4.89,1
2018,S08,Miami-Dade,S08-2018-P2,8,56,Sanibel,20.0,21.31,7.8,4.89,1
2018,S08,Miami-Dade,S08-2018-P2,9,63,Sanibel,28.5,21.09,9.1,4.89,1
2018,S08,Miami-Dade,S08-2018-P2,10,70,Sanibel,15.0,20.07,27.5,4.89,0
2018,S08,Miami-Dade,S08-2018-P2,11,77,Sanibel,28.5,18.76,10.4,4.89,1
2018,S08,Miami-Dade,S08-2018-P2,12,84,Sanibel,33.5,20.26,31.3,4.89,0
2018,S08,Miami-Dade,S08-2018-P3,1,7,Sebring,33.2,18.21,12.4,4.69,0
2018,S08,Miami-Dade,S08-2018-P3,2,14,Sebring,30.5,20.25,24.6,4.69,0
2018,S08,Miami-Dade,S08-2018-P3,3,21,Sebring,25.4,20.48,27.7,4.69,0
2018,S08,Miami-Dade,S08-2018-P3,4,28,Sebring,21.8,20.51,8.7,4.69,0
2018,S08,Miami-Dade,S08-2018-P3,5,35,Sebring,26.8,17.9,14.8,4.69,0
2018,S08,Miami-Dade,S08-2018-P3,6,42,Sebring,32.6,21.31,6.2,4.69,1
2018,S08,Miami-Dade,S08-2018-P3,7,49,Sebring,25.1,22.23,0.0,4.69,0
2018,S08,Miami-Dade,S08-2018-P3,8,56,Sebring,18.3,23.5,43.2,4.69,0
2018,S08,Miami-Dade,S08-2018-P3,9,63,Sebring,27.6,20.36,24.2,4.69,1
2018,S08,Miami-Dade,S08-2018-P3,10,70,Sebring,24.1,21.34,11.7,4.69,0
2018,S08,Miami-Dade,S08-2018-P3,11,77,Sebring,31.4,18.67,17.1,4.69,1
2018,S08,Miami-Dade,S08-2018-P3,12,84,Sebring,27.4,21.65,21.7,4.69,0
2018,S08,Miami-Dade,S08-2018-P4,1,7,FL-8000,24.8,19.72,9.9,2.95,0
2018,S08,Miami-Dade,S08-2018-P4,2,14,FL-8000,27.0,20.45,15.9,2.95,0
2018,S08,Miami-Dade,S08-2018-P4,3,21,FL-8000,22.5,19.57,0.0,2.95,0
2018,S08,Miami-Dade,S08-2018-P4,4,28,FL-8000,33.6,17.42,0.9,2.95,0
2018,S08,Miami-Dade,S08-2018-P4,5,35,FL-8000,16.7,19.31,11.6,2.95,0
2018,S08,Miami-Dade,S08-2018-P4,6,42,FL-8000,26.2,19.15,0.0,2.95,0
2018,S08,Miami-Dade,S08-2018-P4,7,49,FL-8000,30.4,19.67,7.1,2.95,0
2018,S08,Miami-Dade,S08-2018-P4,8,56,FL-8000,11.1,18.7,9.7,2.95,0
2018,S08,Miami-Dade,S08-2018-P4,9,63,FL-8000,24.5,18.96,11.9,2.95,0
2018,S08,Miami-Dade,S08-2018-P4,10,70,FL-8000,16.9,18.8,18.6,2.95,0
2018,S08,Miami-Dade,S08-2018-P4,11,77,FL-8000,18.4,19.46,0.0,2.95,0
2018,S08,Miami-Dade,S08-2018-P4,12,84,FL-8000,25.8,16.88,19.0,2.95,0
2018,S08,Miami-Dade,S08-2018-P5,1,7,Sanibel,17.4,19.5,36.5,3.52,0
2018,S08,Miami-Dade,S08-2018-P5,2,14,Sanibel,17.0,21.37,19.0,3.52,0
2018,S08,Miami-Dade,S08-2018-P5,3,21,Sanibel,24.1,20.46,26.0,3.52,0
2018,S08,Miami-Dade,S08-2018-P5,4,28,Sanibel,19.1,20.0,32.9,3.52,1
2018,S08,Miami-Dade,S08-2018-P5,5,35,Sanibel,8.8,21.22,29.1,3.52,0
2018,S08,Miami-Dade,S08-2018-P5,6,42,Sanibel,18.4,18.48,43.2,3.52,0
2018,S08,Miami-Dade,S08-2018-P5,7,49,Sanibel,21.0,22.48,26.2,3.52,1
2018,S08,Miami-Dade,S08-2018-P5,8,56,Sanibel,42.0,21.38,43.8,3.52,1
2018,S08,Miami-Dade,S08-2018-P5,9,63,Sanibel,24.9,19.86,34.9,3.52,1
2018,S08,Miami-Dade,S08-2018-P5,10,70,Sanibel,28.3,18.56,26.0,3.52,1
2018,S08,Miami-Dade,S08-2018-P5,11,77,Sanibel,23.2,18.94,20.0,3.52,1
2018,S08,Miami-Dade,S08-2018-P5,12,84,Sanibel,23.7,18.36,29.8,3.52,0
2018,S08,Miami-Dade,S08-2018-P6,1,7,FL-8000,27.9,20.05,41.7,3.1,0
2018,S08,Miami-Dade,S08-2018-P6,2,14,FL-8000,24.8,19.58,37.0,3.1,0
2018,S08,Miami-Dade,S08-2018-P6,3,21,FL-8000,23.4,18.28,40.1,3.1,0
2018,S08,Miami-Dade,S08-2018-P6,4,28,FL-8000,22.0,19.56,53.8,3.1,0
2018,S08,Miami-Dade,S08-2018-P6,5,35,FL-8000,31.5,19.37,36.5,3.1,0
2018,S08,Miami-Dade,S08-2018-P6,6,42,FL-8000,29.7,18.16,33.1,3.1,0
2018,S08,Miami-Dade,S08-2018-P6,7,49,FL-8000,22.5,20.05,57.7,3.1,0
2018,S08,Miami-Dade,S08-2018-P6,8,56,FL-8000,27.7,19.24,36.0,3.1,1
2018,S08,Miami-Dade,S08-2018-P6,9,63,FL-8000,30.7,18.75,34.4,3.1,0
2018,S08,Miami-Dade,S08-2018-P6,10,70,FL-8000,41.7,22.21,40.8,3.1,0
2018,S08,Miami-Dade,S08-2018-P6,11,77,FL-8000,32.7,20.01,40.2,3.1,0
2018,S08,Miami-Dade,S08-2018-P6,12,84,FL-8000,9.9,18.83,54.7,3.1,1
2019,S01,Manatee,S01-2019-P1,1,7,FL-8000,33.5,18.36,55.4,2.41,0
2019,S01,Manatee,S01-2019-P1,2,14,FL-8000,29.4,21.42,60.2,2.41,0
2019,S01,Manatee,S01-2019-P1,3,21,FL-8000,36.3,22.61,35.8,2.41,1
2019,S01,Manatee,S01-2019-P1,4,28,FL-8000,33.7,18.91,40.2,2.41,0
2019,S01,Manatee,S01-2019-P1,5,35,FL-8000,37.3,22.05,49.8,2.41,0
2019,S01,Manatee,S01-2019-P1,6,42,FL-8000,12.7,17.54,55.2,2.41,0
2019,S01,Manatee,S01-2019-P1,7,49,FL-8000,31.8,21.19,50.0,2.41,0
2019,S01,Manatee,S01-2019-P1,8,56,FL-8000,28.8,20.06,44.3,2.41,1
2019,S01,Manatee,S01-2019-P1,9,63,FL-8000,28.4,20.4,48.2,2.41,0
2019,S01,Manatee,S01-2019-P1,10,70,FL-8000,31.9,20.34,63.7,2.41,1
2019,S01,Manatee,S01-2019-P1,11,77,FL-8000,41.4,19.97,34.2,2.41,0
2019,S01,Manatee,S01-2019-P1,12,84,FL-8000,23.4,20.16,49.8,2.41,0
2019,S01,Manatee,S01-2019-P2,1,7,FL-8000,41.3,19.65,18.0,3.34,0
2019,S01,Manatee,S01-2019-P2,2,14,FL-8000,25.4,19.77,20.7,3.34,0
2019,S01,Manatee,S01-2019-P2,3,21,FL-8000,26.4,22.29,6.2,3.34,0
2019,S01,Manatee,S01-2019-P2,4,28,FL-8000,34.5,18.73,8.6,3.34,0
2019,S01,Manatee,S01-2019-P2,5,35,FL-8000,38.1,20.22,41.8,3.34,0
2019,S01,Manatee,S01-2019-P2,6,42,FL-8000,41.5,21.57,20.0,3.34,0
2019,S01,Manatee,S01-2019-P2,7,49,FL-8000,41.8,20.85,6.4,3.34,0
2019,S01,Manatee,S01-2019-P2,8,56,FL-8000,35.8,18.3,33.0,3.34,0
2019,S01,Manatee,S01-2019-P2,9,63,FL-8000,27.1,20.91,18.6,3.34,0
2019,S01,Manatee,S01-2019-P2,10,70,FL-8000,35.2,21.55,26.2,3.34,0
2019,S01,Manatee,S01-2019-P2,11,77,FL-8000,37.4,20.96,16.4,3.34,1
2019,S01,Manatee,S01-2019-P2,12,84,FL-8000,22.5,17.98,23.9,3.34,0
2019,S01,Manatee,S01-2019-P3,1,7,FL-8000,32.3,21.47,37.5,2.3,0
2019,S01,Manatee,S01-2019-P3,2,14,FL-8000,29.8,21.99,32.9,2.3,0
2019,S01,Manatee,S01-2019-P3,3,21,FL-8000,24.6,22.07,46.5,2.3,0
2019,S01,Manatee,S01-2019-P3,4,28,FL-8000,40.3,21.41,27.2,2.3,0
2019,S01,Manatee,S01-2019-P3,5,35,FL-8000,27.0,19.42,25.1,2.3,0
2019,S01,Manatee,S01-2019-P3,6,42,FL-8000,26.1,21.07,33.8,2.3,0
2019,S01,Manatee,S01-2019-P3,7,49,FL-8000,32.0,20.56,24.5,2.3,0
2019,S01,Manatee,S01-2019-P3,8,56,FL-8000,43.7,21.77,39.3,2.3,0
2019,S01,Manatee,S01-2019-P3,9,63,FL-8000,27.6,19.81,39.5,2.3,0
2019,S01,Manatee,S01-2019-P3,10,70,FL-8000,31.1,17.84,28.0,2.3,0
2019,S01,Manatee,S01-2019-P3,11,77,FL-8000,41.9,20.26,24.3,2.3,0
2019,S01,Manatee,S01-2019-P3,12,84,FL-8000,29.4,22.79,34.6,2.3,0
2019,S01,Manatee,S01-2019-P4,1,7,Sanibel,46.8,21.32,42.0,2.97,0
2019,S01,Manatee,S01-2019-P4,2,14,Sanibel,30.7,21.6,47.6,2.97,0
2019,S01,Manatee,S01-2019-P4,3,21,Sanibel,22.0,20.32,31.9,2.97,0
2019,S01,Manatee,S01-2019-P4,4,28,Sanibel,34.5,19.37,29.0,2.97,1
2019,S01,Manatee,S01-2019-P4,5,35,Sanibel,31.9,20.7,42.8,2.97,0
2019,S01,Manatee,S01-2019-P4,6,42,Sanibel,34.3,21.0,53.7,2.97,0
2019,S01,Manatee,S01-2019-P4,7,49,Sanibel,30.5,17.9,22.5,2.97,0
2019,S01,Manatee,S01-2019-P4,8,56,Sanibel,32.1,20.03,39.6,2.97,0
2019,S01,Manatee,S01-2019-P4,9,63,Sanibel,27.1,19.46,23.5,2.97,0
2019,S01,Manatee,S01-2019-P4,10,70,Sanibel,32.0,17.53,37.3,2.97,1
2019,S01,Manatee,S01-2019-P4,11,77,Sanibel,39.2,20.99,46.3,2.97,0
2019,S01,Manatee,S01-2019-P4,12,84,Sanibel,27.0,20.16,39.0,2.97,0
2019,S01,Manatee,S01-2019-P5,1,7,Sanibel,37.0,17.28,16.8,3.1,0
2019,S01,Manatee,S01-2019-P5,2,14,Sanibel,29.3,19.71,14.8,3.1,0
2019,S01,Manatee,S01-2019-P5,3,21,Sanibel,29.0,18.16,20.2,3.1,0
2019,S01,Manatee,S01-2019-P5,4,28,Sanibel,19.9,20.75,13.7,3.1,0
2019,S01,Manatee,S01-2019-P5,5,35,Sanibel,34.5,22.06,9.3,3.1,0
2019,S01,Manatee,S01-2019-P5,6,42,Sanibel,26.3,18.98,27.9,3.1,0
2019,S01,Manatee,S01-2019-P5,7,49,Sanibel,29.1,18.83,11.0,3.1,0
2019,S01,Manatee,S01-2019-P5,8,56,Sanibel,21.7,19.23,14.8,3.1,0
2019,S01,Manatee,S01-2019-P5,9,63,Sanibel,28.8,18.99,4.1,3.1,0
2019,S01,Manatee,S01-2019-P5,10,70,Sanibel,35.8,19.33,17.7,3.1,1
2019,S01,Manatee,S01-2019-P5,11,77,Sanibel,26.5,19.67,32.7,3.1,1
2019,S01,Manatee,S01-2019-P5,12,84,Sanibel,26.8,22.43,21.1,3.1,0
2019,S01,Manatee,S01-2019-P6,1,7,Sanibel,36.7,19.98,11.6,2.96,0
2019,S01,Manatee,S01-2019-P6,2,14,Sanibel,37.7,18.36,18.4,2.96,0
2019,S01,Manatee,S01-2019-P6,3,21,Sanibel,34.1,20.5,15.2,2.96,0
2019,S01,Manatee,S01-2019-P6,4,28,Sanibel,34.7,15.91,43.7,2.96,0
2019,S01,Manatee,S01-2019-P6,5,35,Sanibel,37.0,19.79,18.7,2.96,0
2019,S01,Manatee,S01-2019-P6,6,42,Sanibel,30.7,18.86,26.7,2.96,0
2019,S01,Manatee,S01-2019-P6,7,49,Sanibel,36.6,20.89,21.2,2.96,0
2019,S01,Manatee,S01-2019-P6,8,56,Sanibel,22.7,20.62,25.5,2.96,0
2019,S01,Manatee,S01-2019-P6,9,63,Sanibel,32.1,17.92,18.6,2.96,0
2019,S01,Manatee,S01-2019-P6,10,70,Sanibel,28.3,22.31,24.7,2.96,0
2019,S01,Manatee,S01-2019-P6,11,77,Sanibel,37.0,19.49,16.2,2.96,0
2019,S01,Manatee,S01-2019-P6,12,84,Sanibel,31.2,17.22,30.9,2.96,0
2019,S02,Manatee,S02-2019-P1,1,7,FL-8000,42.2,23.22,39.1,3.79,0
2019,S02,Manatee,S02-2019-P1,2,14,FL-8000,47.1,21.23,65.8,3.79,1
2019,S02,Manatee,S02-2019-P1,3,21,FL-8000,47.6,22.69,55.1,3.79,0
2019,S02,Manatee,S02-2019-P1,4,28,FL-8000,45.0,20.03,60.3,3.79,0
2019,S02,Manatee,S02-2019-P1,5,35,FL-8000,32.7,23.03,64.5,3.79,0
2019,S02,Manatee,S02-2019-P1,6,42,FL-8000,34.4,22.75,59.6,3.79,1
2019,S02,Manatee,S02-2019-P1,7,49,FL-8000,45.5,21.51,37.8,3.79,0
2019,S02,Manatee,S02-2019-P1,8,56,FL-8000,40.7,22.81,58.5,3.79,1
2019,S02,Manatee,S02-2019-P1,9,63,FL-8000,49.7,22.44,49.5,3.79,1
2019,S02,Manatee,S02-2019-P1,10,70,FL-8000,35.3,21.7,42.4,3.79,1
2019,S02,Manatee,S02-2019-P1,11,77,FL-8000,46.0,22.53,59.4,3.79,1
2019,S02,Manatee,S02-2019-P1,12,84,FL-8000,43.2,23.61,59.0,3.79,0
2019,S02,Manatee,S02-2019-P2,1,7,FL-8000,41.5,19.95,19.6,3.76,0
2019,S02,Manatee,S02-2019-P2,2,14,FL-8000,38.7,20.86,54.3,3.76,1
2019,S02,Manatee,S02-2019-P2,3,21,FL-8000,41.8,21.09,25.6,3.76,0
2019,S02,Manatee,S02-2019-P2,4,28,FL-8000,43.3,20.11,23.0,3.76,1
2019,S02,Manatee,S02-2019-P2,5,35,FL-8000,32.1,21.99,28.5,3.76,1
2019,S02,Manatee,S02-2019-P2,6,42,FL-8000,36.1,23.38,49.2,3.76,1
2019,S02,Manatee,S02-2019-P2,7,49,FL-8000,38.1,20.79,37.1,3.76,1
2019,S02,Manatee,S02-2019-P2,8,56,FL-8000,33.2,22.09,37.8,3.76,1
2019,S02,Manatee,S02-2019-P2,9,63,FL-8000,32.1,23.59,21.9,3.76,0
2019,S02,Manatee,S02-2019-P2,10,70,FL-8000,43.3,22.51,43.7,3.76,1
2019,S02,Manatee,S02-2019-P2,11,77,FL-8000,37.7,21.87,40.0,3.76,1
2019,S02,Manatee,S02-2019-P2,12,84,FL-8000,37.1,21.74,40.7,3.76,0
2019,S02,Manatee,S02-2019-P3,1,7,HM-1823,31.4,19.69,29.3,2.85,0
2019,S02,Manatee,S02-2019-P3,2,14,HM-1823,35.3,24.53,25.7,2.85,1
2019,S02,Manatee,S02-2019-P3,3,21,HM-1823,36.4,21.59,16.8,2.85,1
2019,S02,Manatee,S02-2019-P3,4,28,HM-1823,39.1,22.42,23.3,2.85,0
2019,S02,Manatee,S02-2019-P3,5,35,HM-1823,42.1,21.75,24.1,2.85,0
2019,S02,Manatee,S02-2019-P3,6,42,HM-1823,39.7,22.52,39.9,2.85,1
2019,S02,Manatee,S02-2019-P3,7,49,HM-1823,39.4,24.21,25.1,2.85,0
2019,S02,Manatee,S02-2019-P3,8,56,HM-1823,40.3,21.67,29.1,2.85,0
2019,S02,Manatee,S02-2019-P3,9,63,HM-1823,40.4,20.11,29.4,2.85,1
2019,S02,Manatee,S02-2019-P3,10,70,HM-1823,44.7,22.7,36.9,2.85,1
2019,S02,Manatee,S02-2019-P3,11,77,HM-1823,40.7,22.89,17.7,2.85,1
2019,S02,Manatee,S02-2019-P3,12,84,HM-1823,36.2,21.29,24.8,2.85,0
2019,S02,Manatee,S02-2019-P4,1,7,Sebring,34.6,19.54,42.8,3.99,1
2019,S02,Manatee,S02-2019-P4,2,14,Sebring,41.9,21.6,41.3,3.99,1
2019,S02,Manatee,S02-2019-P4,3,21,Sebring,36.4,21.24,48.7,3.99,0
2019,S02,Manatee,S02-2019-P4,4,28,Sebring,36.5,22.26,36.6,3.99,0
2019,S02,Manatee,S02-2019-P4,5,35,Sebring,39.9,21.44,44.6,3.99,0
2019,S02,Manatee,S02-2019-P4,6,42,Sebring,32.9,21.44,34.2,3.99,0
2019,S02,Manatee,S02-2019-P4,7,49,Sebring,26.5,21.72,28.4,3.99,0
2019,S02,Manatee,S02-2019-P4,8,56,Sebring,46.1,22.7,30.5,3.99,1
2019,S02,Manatee,S02-2019-P4,9,63,Sebring,32.0,20.42,47.2,3.99,0
2019,S02,Manatee,S02-2019-P4,10,70,Sebring,42.5,22.23,48.6,3.99,0
2019,S02,Manatee,S02-2019-P4,11,77,Sebring,28.0,21.45,44.0,3.99,1
2019,S02,Manatee,S02-2019-P4,12,84,Sebring,40.4,20.72,24.2,3.99,1
2019,S02,Manatee,S02-2019-P5,1,7,Sanibel,38.0,21.77,59.5,2.35,0
2019,S02,Manatee,S02-2019-P5,2,14,Sanibel,48.3,22.82,49.9,2.35,0
2019,S02,Manatee,S02-2019-P5,3,21,Sanibel,39.2,22.32,42.0,2.35,0
2019,S02,Manatee,S02-2019-P5,4,28,Sanibel,46.8,23.05,52.2,2.35,1
2019,S02,Manatee,S02-2019-P5,5,35,Sanibel,33.0,20.98,57.7,2.35,0
2019,S02,Manatee,S02-2019-P5,6,42,Sanibel,38.7,19.75,51.4,2.35,0
2019,S02,Manatee,S02-2019-P5,7,49,Sanibel,46.1,22.14,64.8,2.35,0
2019,S02,Manatee,S02-2019-P5,8,56,Sanibel,38.6,21.85,42.5,2.35,0
2019,S02,Manatee,S02-2019-P5,9,63,Sanibel,33.0,23.03,51.8,2.35,0
2019,S02,Manatee,S02-2019-P5,10,70,Sanibel,45.5,23.71,65.4,2.35,1
2019,S02,Manatee,S02-2019-P5,11,77,Sanibel,41.9,19.72,44.0,2.35,0
2019,S02,Manatee,S02-2019-P5,12,84,Sanibel,41.3,21.46,56.2,2.35,1
2019,S02,Manatee,S02-2019-P6,1,7,Sanibel,40.8,22.49,17.5,2.5,0
2019,S02,Manatee,S02-2019-P6,2,14,Sanibel,36.6,20.84,21.3,2.5,0
2019,S02,Manatee,S02-2019-P6,3,21,Sanibel,26.7,20.82,3.9,2.5,1
2019,S02,Manatee,S02-2019-P6,4,28,Sanibel,33.9,19.98,16.9,2.5,0
2019,S02,Manatee,S02-2019-P6,5,35,Sanibel,35.4,21.06,9.7,2.5,0
2019,S02,Manatee,S02-2019-P6,6,42,Sanibel,32.9,20.73,36.1,2.5,0
2019,S02,Manatee,S02-2019-P6,7,49,Sanibel,33.1,21.7,10.9,2.5,0
2019,S02,Manatee,S02-2019-P6,8,56,Sanibel,40.4,21.69,4.7,2.5,1
2019,S02,Manatee,S02-2019-P6,9,63,Sanibel,45.5,22.81,3.1,2.5,1
2019,S02,Manatee,S02-2019-P6,10,70,Sanibel,37.9,23.01,23.3,2.5,0
2019,S02,Manatee,S02-2019-P6,11,77,Sanibel,41.7,22.48,6.7,2.5,0
2019,S02,Manatee,S02-2019-P6,12,84,Sanibel,28.8,21.49,36.0,2.5,0
2019,S03,Hillsborough,S03-2019-P1,1,7,HM-1823,30.5,21.71,28.5,3.36,0
2019,S03,Hillsborough,S03-2019-P1,2,14,HM-1823,18.0,21.5,0.0,3.36,0
2019,S03,Hillsborough,S03-2019-P1,3,21,HM-1823,35.6,20.24,5.5,3.36,0
2019,S03,Hillsborough,S03-2019-P1,4,28,HM-1823,37.1,20.48,14.6,3.36,0
2019,S03,Hillsborough,S03-2019-P1,5,35,HM-1823,27.9,23.17,23.0,3.36,1
2019,S03,Hillsborough,S03-2019-P1,6,42,HM-1823,31.7,22.1,16.4,3.36,1
2019,S03,Hillsborough,S03-2019-P1,7,49,HM-1823,30.7,20.9,20.0,3.36,0
2019,S03,Hillsborough,S03-2019-P1,8,56,HM-1823,37.1,23.86,20.4,3.36,1
2019,S03,Hillsborough,S03-2019-P1,9,63,HM-1823,21.2,21.55,26.1,3.36,0
2019,S03,Hillsborough,S03-2019-P1,10,70,HM-1823,19.0,22.01,19.1,3.36,1
2019,S03,Hillsborough,S03-2019-P1,11,77,HM-1823,38.0,21.53,30.4,3.36,0
2019,S03,Hillsborough,S03-2019-P1,12,84,HM-1823,29.8,21.6,32.8,3.36,0
2019,S03,Hillsborough,S03-2019-P2,1,7,Sanibel,28.2,18.18,40.2,2.88,0
2019,S03,Hillsborough,S03-2019-P2,2,14,Sanibel,27.8,20.92,43.4,2.88,0
2019,S03,Hillsborough,S03-2019-P2,3,21,Sanibel,39.6,20.61,29.1,2.88,0
2019,S03,Hillsborough,S03-2019-P2,4,28,Sanibel,27.9,19.96,47.5,2.88,0
2019,S03,Hillsborough,S03-2019-P2,5,35,Sanibel,31.5,19.93,37.3,2.88,0
2019,S03,Hillsborough,S03-2019-P2,6,42,Sanibel,30.0,21.68,49.0,2.88,1
2019,S03,Hillsborough,S03-2019-P2,7,49,Sanibel,29.0,21.23,40.1,2.88,0
2019,S03,Hillsborough,S03-2019-P2,8,56,Sanibel,32.4,21.51,45.2,2.88,1
2019,S03,Hillsborough,S03-2019-P2,9,63,Sanibel,29.7,20.56,40.5,2.88,0
2019,S03,Hillsborough,S03-2019-P2,10,70,Sanibel,20.9,22.33,53.5,2.88,0
2019,S03,Hillsborough,S03-2019-P2,11,77,Sanibel,37.6,20.5,39.9,2.88,0
2019,S03,Hillsborough,S03-2019-P2,12,84,Sanibel,27.9,21.98,44.0,2.88,1
2019,S03,Hillsborough,S03-2019-P3,1,7,FL-8000,36.2,19.76,28.8,4.94,1
2019,S03,Hillsborough,S03-2019-P3,2,14,FL-8000,31.0,19.47,29.9,4.94,0
2019,S03,Hillsborough,S03-2019-P3,3,21,FL-8000,32.3,21.62,39.2,4.94,1
2019,S03,Hillsborough,S03-2019-P3,4,28,FL-8000,26.2,21.46,18.6,4.94,1
2019,S03,Hillsborough,S03-2019-P3,5,35,FL-8000,33.9,22.02,33.7,4.94,0
2019,S03,Hillsborough,S03-2019-P3,6,42,FL-8000,37.4,21.57,14.1,4.94,1
2019,S03,Hillsborough,S03-2019-P3,7,49,FL-8000,37.9,18.24,39.6,4.94,0
2019,S03,Hillsborough,S03-2019-P3,8,56,FL-8000,37.4,20.14,11.4,4.94,1
2019,S03,Hillsborough,S03-2019-P3,9,63,FL-8000,32.8,21.56,29.3,4.94,0
2019,S03,Hillsborough,S03-2019-P3,10,70,FL-8000,27.2,22.5,40.1,4.94,0
2019,S03,Hillsborough,S03-2019-P3,11,77,FL-8000,27.6,22.12,28.3,4.94,1
2019,S03,Hillsborough,S03-2019-P3,12,84,FL-8000,40.8,21.44,25.2,4.94,1
2019,S03,Hillsborough,S03-2019-P4,1,7,Sanibel,26.2,19.11,18.1,2.93,0
2019,S03,Hillsborough,S03-2019-P4,2,14,Sanibel,30.2,21.12,31.6,2.93,0
2019,S03,Hillsborough,S03-2019-P4,3,21,Sanibel,25.2,19.34,11.5,2.93,0
2019,S03,Hillsborough,S03-2019-P4,4,28,Sanibel,30.4,21.22,40.0,2.93,0
2019,S03,Hillsborough,S03-2019-P4,5,35,Sanibel,24.1,20.72,26.0,2.93,0
2019,S03,Hillsborough,S03-2019-P4,6,42,Sanibel,40.2,20.86,32.6,2.93,1
2019,S03,Hillsborough,S03-2019-P4,7,49,Sanibel,26.9,21.24,28.4,2.93,0
2019,S03,Hillsborough,S03-2019-P4,8,56,Sanibel,20.6,20.51,25.0,2.93,1
2019,S03,Hillsborough,S03-2019-P4,9,63,Sanibel,32.1,21.66,32.5,2.93,0
2019,S03,Hillsborough,S03-2019-P4,10,70,Sanibel,24.8,21.21,29.2,2.93,0
2019,S03,Hillsborough,S03-2019-P4,11,77,Sanibel,34.9,18.36,45.5,2.93,1
2019,S03,Hillsborough,S03-2019-P4,12,84,Sanibel,22.3,22.92,19.3,2.93,1
2019,S03,Hillsborough,S03-2019-P5,1,7,FL-8000,18.8,22.08,51.8,3.41,0
2019,S03,Hillsborough,S03-2019-P5,2,14,FL-8000,26.9,21.98,34.8,3.41,0
2019,S03,Hillsborough,S03-2019-P5,3,21,FL-8000,30.0,22.04,34.2,3.41,0
2019,S03,Hillsborough,S03-2019-P5,4,28,FL-8000,41.7,23.18,16.7,3.41,0
2019,S03,Hillsborough,S03-2019-P5,5,35,FL-8000,35.3,22.47,20.5,3.41,0
2019,S03,Hillsborough,S03-2019-P5,6,42,FL-8000,37.3,22.83,6.4,3.41,0
2019,S03,Hillsborough,S03-2019-P5,7,49,FL-8000,32.4,21.98,20.4,3.41,0
2019,S03,Hillsborough,S03-2019-P5,8,56,FL-8000,28.7,22.63,32.0,3.41,0
2019,S03,Hillsborough,S03-2019-P5,9,63,FL-8000,31.6,20.95,16.6,3.41,0
2019,S03,Hillsborough,S03-2019-P5,10,70,FL-8000,15.5,22.03,17.4,3.41,0
2019,S03,Hillsborough,S03-2019-P5,11,77,FL-8000,34.0,22.16,35.7,3.41,1
2019,S03,Hillsborough,S03-2019-P5,12,84,FL-8000,34.6,22.68,39.7,3.41,1
2019,S03,Hillsborough,S03-2019-P6,1,7,Sebring,32.6,20.42,24.6,2.89,0
2019,S03,Hillsborough,S03-2019-P6,2,14,Sebring,36.1,20.36,9.4,2.89,0
2019,S03,Hillsborough,S03-2019-P6,3,21,Sebring,34.4,22.0,37.5,2.89,0
2019,S03,Hillsborough,S03-2019-P6,4,28,Sebring,33.1,22.91,25.1,2.89,0
2019,S03,Hillsborough,S03-2019-P6,5,35,Sebring,27.3,21.38,24.0,2.89,0
2019,S03,Hillsborough,S03-2019-P6,6,42,Sebring,13.9,21.38,30.2,2.89,0
2019,S03,Hillsborough,S03-2019-P6,7,49,Sebring,32.9,18.02,29.5,2.89,0
2019,S03,Hillsborough,S03-2019-P6,8,56,Sebring,21.4,19.5,21.0,2.89,0
2019,S03,Hillsborough,S03-2019-P6,9,63,Sebring,25.0,21.23,19.2,2.89,0
2019,S03,Hillsborough,S03-2019-P6,10,70,Sebring,23.7,20.84,8.6,2.89,0
2019,S03,Hillsborough,S03-2019-P6,11,77,Sebring,27.4,20.48,16.0,2.89,0
2019,S03,Hillsborough,S03-2019-P6,12,84,Sebring,18.3,21.58,21.9,2.89,1
2019,S04,Hillsborough,S04-2019-P1,1,7,FL-8000,31.1,23.07,39.4,2.03,1
2019,S04,Hillsborough,S04-2019-P1,2,14,FL-8000,36.6,21.43,24.6,2.03,0
2019,S04,Hillsborough,S04-2019-P1,3,21,FL-8000,30.3,23.45,40.3,2.03,0
2019,S04,Hillsborough,S04-2019-P1,4,28,FL-8000,42.2,22.51,23.7,2.03,0
2019,S04,Hillsborough,S04-2019-P1,5,35,FL-8000,38.7,20.91,43.0,2.03,0
2019,S04,Hillsborough,S04-2019-P1,6,42,FL-8000,35.2,21.8,39.2,2.03,0
2019,S04,Hillsborough,S04-2019-P1,7,49,FL-8000,33.1,20.52,45.2,2.03,0
2019,S04,Hillsborough,S04-2019-P1,8,56,FL-8000,25.9,20.9,33.7,2.03,0
2019,S04,Hillsborough,S04-2019-P1,9,63,FL-8000,41.1,21.03,36.6,2.03,0
2019,S04,Hillsborough,S04-2019-P1,10,70,FL-8000,27.0,22.74,37.7,2.03,1
2019,S04,Hillsborough,S04-2019-P1,11,77,FL-8000,31.3,21.02,43.0,2.03,0
2019,S04,Hillsborough,S04-2019-P1,12,84,FL-8000,37.2,21.27,18.0,2.03,0
2019,S04,Hillsborough,S04-2019-P2,1,7,Sanibel,42.9,20.57,22.3,4.16,0
2019,S04,Hillsborough,S04-2019-P2,2,14,Sanibel,27.6,21.44,10.1,4.16,0
2019,S04,Hillsborough,S04-2019-P2,3,21,Sanibel,49.1,19.68,31.7,4.16,0
2019,S04,Hillsborough,S04-2019-P2,4,28,Sanibel,29.2,20.3,16.8,4.16,0
2019,S04,Hillsborough,S04-2019-P2,5,35,Sanibel,27.3,20.21,37.2,4.16,0
2019,S04,Hillsborough,S04-2019-P2,6,42,Sanibel,35.2,19.36,31.4,4.16,0
2019,S04,Hillsborough,S04-2019-P2,7,49,Sanibel,32.0,19.99,28.3,4.16,0
2019,S04,Hillsborough,S04-2019-P2,8,56,Sanibel,44.2,22.09,16.6,4.16,1
2019,S04,Hillsborough,S04-2019-P2,9,63,Sanibel,34.9,20.15,18.6,4.16,1
2019,S04,Hillsborough,S04-2019-P2,10,70,Sanibel,44.6,18.79,40.6,4.16,1
2019,S04,Hillsborough,S04-2019-P2,11,77,Sanibel,43.0,20.26,22.8,4.16,1
2019,S04,Hillsborough,S04-2019-P2,12,84,Sanibel,37.2,20.96,5.1,4.16,0
2019,S04,Hillsborough,S04-2019-P3,1,7,Tygress,36.4,20.74,68.7,2.79,0
2019,S04,Hillsborough,S04-2019-P3,2,14,Tygress,39.2,22.8,59.8,2.79,0
2019,S04,Hillsborough,S04-2019-P3,3,21,Tygress,29.5,21.89,32.1,2.79,0
2019,S04,Hillsborough,S04-2019-P3,4,28,Tygress,41.5,21.8,61.5,2.79,0
2019,S04,Hillsborough,S04-2019-P3,5,35,Tygress,36.6,21.62,48.1,2.79,0
2019,S04,Hillsborough,S04-2019-P3,6,42,Tygress,42.8,22.58,44.3,2.79,0
2019,S04,Hillsborough,S04-2019-P3,7,49,Tygress,35.4,24.25,31.1,2.79,0
2019,S04,Hillsborough,S04-2019-P3,8,56,Tygress,31.5,20.4,48.9,2.79,0
2019,S04,Hillsborough,S04-2019-P3,9,63,Tygress,30.3,21.68,46.4,2.79,0
2019,S04,Hillsborough,S04-2019-P3,10,70,Tygress,30.3,20.96,54.2,2.79,0
2019,S04,Hillsborough,S04-2019-P3,11,77,Tygress,33.1,18.87,37.9,2.79,0
2019,S04,Hillsborough,S04-2019-P3,12,84,Tygress,46.2,20.0,58.2,2.79,0
2019,S04,Hillsborough,S04-2019-P4,1,7,Sanibel,28.8,19.02,70.7,3.26,1
2019,S04,Hillsborough,S04-2019-P4,2,14,Sanibel,29.6,20.03,61.6,3.26,0
2019,S04,Hillsborough,S04-2019-P4,3,21,Sanibel,44.6,21.91,58.6,3.26,0
2019,S04,Hillsborough,S04-2019-P4,4,28,Sanibel,36.7,19.1,58.3,3.26,0
2019,S04,Hillsborough,S04-2019-P4,5,35,Sanibel,33.8,20.43,63.5,3.26,0
2019,S04,Hillsborough,S04-2019-P4,6,42,Sanibel,41.7,19.83,57.4,3.26,0
2019,S04,Hillsborough,S04-2019-P4,7,49,Sanibel,43.2,21.96,57.7,3.26,0
2019,S04,Hillsborough,S04-2019-P4,8,56,Sanibel,41.5,18.25,57.0,3.26,0
2019,S04,Hillsborough,S04-2019-P4,9,63,Sanibel,47.0,21.26,49.4,3.26,1
2019,S04,Hillsborough,S04-2019-P4,10,70,Sanibel,34.8,19.81,63.2,3.26,0
2019,S04,Hillsborough,S04-2019-P4,11,77,Sanibel,38.8,19.63,71.1,3.26,0
2019,S04,Hillsborough,S04-2019-P4,12,84,Sanibel,47.4,22.31,65.6,3.26,1
2019,S04,Hillsborough,S04-2019-P5,1,7,FL-8000,27.2,19.48,46.3,2.55,0
2019,S04,Hillsborough,S04-2019-P5,2,14,FL-8000,38.7,23.33,58.0,2.55,0
2019,S04,Hillsborough,S04-2019-P5,3,21,FL-8000,42.5,22.66,63.3,2.55,0
2019,S04,Hillsborough,S04-2019-P5,4,28,FL-8000,37.6,21.63,44.1,2.55,1
2019,S04,Hillsborough,S04-2019-P5,5,35,FL-8000,40.4,23.07,41.5,2.55,0
2019,S04,Hillsborough,S04-2019-P5,6,42,FL-8000,22.3,21.85,48.4,2.55,0
2019,S04,Hillsborough,S04-2019-P5,7,49,FL-8000,28.6,21.43,42.0,2.55,0
2019,S04,Hillsborough,S04-2019-P5,8,56,FL-8000,42.9,19.55,38.6,2.55,0
2019,S04,Hillsborough,S04-2019-P5,9,63,FL-8000,37.1,22.77,38.2,2.55,0
2019,S04,Hillsborough,S04-2019-P5,10,70,FL-8000,37.4,19.29,38.0,2.55,0
2019,S04,Hillsborough,S04-2019-P5,11,77,FL-8000,28.5,21.96,42.6,2.55,1
2019,S04,Hillsborough,S04-2019-P5,12,84,FL-8000,33.6,22.64,49.0,2.55,0
2019,S04,Hillsborough,S04-2019-P6,1,7,Sanibel,26.3,21.74,63.5,3.29,0
2019,S04,Hillsborough,S04-2019-P6,2,14,Sanibel,27.9,22.03,63.4,3.29,0
2019,S04,Hillsborough,S04-2019-P6,3,21,Sanibel,26.8,20.29,48.3,3.29,0
2019,S04,Hillsborough,S04-2019-P6,4,28,Sanibel,48.7,21.27,49.0,3.29,0
2019,S04,Hillsborough,S04-2019-P6,5,35,Sanibel,45.8,21.11,46.8,3.29,1
2019,S04,Hillsborough,S04-2019-P6,6,42,Sanibel,31.3,20.02,69.1,3.29,0
2019,S04,Hillsborough,S04-2019-P6,7,49,Sanibel,34.8,22.28,51.6,3.29,1
2019,S04,Hillsborough,S04-2019-P6,8,56,Sanibel,35.9,21.37,55.0,3.29,0
2019,S04,Hillsborough,S04-2019-P6,9,63,Sanibel,36.9,20.06,48.0,3.29,0
2019,S04,Hillsborough,S04-2019-P6,10,70,Sanibel,35.3,22.98,47.2,3.29,0
2019,S04,Hillsborough,S04-2019-P6,11,77,Sanibel,37.8,19.22,33.3,3.29,0
2019,S04,Hillsborough,S04-2019-P6,12,84,Sanibel,25.2,21.85,51.6,3.29,0
2019,S05,Collier,S05-2019-P1,1,7,HM-1823,24.3,22.18,15.6,2.99,0
2019,S05,Collier,S05-2019-P1,2,14,HM-1823,26.7,21.39,17.7,2.99,0
2019,S05,Collier,S05-2019-P1,3,21,HM-1823,35.6,22.1,14.8,2.99,0
2019,S05,Collier,S05-2019-P1,4,28,HM-1823,42.7,19.8,16.5,2.99,0
2019,S05,Collier,S05-2019-P1,5,35,HM-1823,41.0,20.66,23.0,2.99,0
2019,S05,Collier,S05-2019-P1,6,42,HM-1823,24.2,20.62,2.8,2.99,0
2019,S05,Collier,S05-2019-P1,7,49,HM-1823,40.1,21.13,15.3,2.99,1
2019,S05,Collier,S05-2019-P1,8,56,HM-1823,33.3,21.11,44.9,2.99,0
2019,S05,Collier,S05-2019-P1,9,63,HM-1823,27.2,21.45,24.8,2.99,0
2019,S05,Collier,S05-2019-P1,10,70,HM-1823,25.1,18.46,9.0,2.99,0
2019,S05,Collier,S05-2019-P1,11,77,HM-1823,34.9,18.37,0.0,2.99,0
2019,S05,Collier,S05-2019-P1,12,84,HM-1823,34.9,20.49,14.0,2.99,1
2019,S05,Collier,S05-2019-P2,1,7,Sanibel,39.8,20.17,41.8,3.72,0
2019,S05,Collier,S05-2019-P2,2,14,Sanibel,28.6,21.0,19.2,3.72,0
2019,S05,Collier,S05-2019-P2,3,21,Sanibel,27.1,22.12,23.2,3.72,0
2019,S05,Collier,S05-2019-P2,4,28,Sanibel,34.8,21.57,29.5,3.72,1
2019,S05,Collier,S05-2019-P2,5,35,Sanibel,32.5,20.12,28.2,3.72,0
2019,S05,Collier,S05-2019-P2,6,42,Sanibel,35.9,19.25,29.8,3.72,1
2019,S05,Collier,S05-2019-P2,7,49,Sanibel,44.9,20.44,40.5,3.72,0
2019,S05,Collier,S05-2019-P2,8,56,Sanibel,31.7,22.73,15.2,3.72,0
2019,S05,Collier,S05-2019-P2,9,63,Sanibel,34.3,23.01,27.3,3.72,0
2019,S05,Collier,S05-2019-P2,10,70,Sanibel,37.0,22.34,54.4,3.72,0
2019,S05,Collier,S05-2019-P2,11,77,Sanibel,26.9,19.23,41.6,3.72,1
2019,S05,Collier,S05-2019-P2,12,84,Sanibel,34.8,19.92,10.8,3.72,0
2019,S05,Collier,S05-2019-P3,1,7,Sanibel,29.1,21.13,18.6,2.42,0
2019,S05,Collier,S05-2019-P3,2,14,Sanibel,39.5,18.51,36.8,2.42,0
2019,S05,Collier,S05-2019-P3,3,21,Sanibel,34.3,21.66,19.4,2.42,0
2019,S05,Collier,S05-2019-P3,4,28,Sanibel,23.7,19.51,29.4,2.42,0
2019,S05,Collier,S05-2019-P3,5,35,Sanibel,36.1,22.3,23.7,2.42,0
2019,S05,Collier,S05-2019-P3,6,42,Sanibel,36.3,21.25,35.3,2.42,0
2019,S05,Collier,S05-2019-P3,7,49,Sanibel,28.7,21.71,25.6,2.42,0
2019,S05,Collier,S05-2019-P3,8,56,Sanibel,34.9,23.06,29.0,2.42,0
2019,S05,Collier,S05-2019-P3,9,63,Sanibel,20.8,19.47,31.3,2.42,0
2019,S05,Collier,S05-2019-P3,10,70,Sanibel,42.2,21.09,46.8,2.42,0
2019,S05,Collier,S05-2019-P3,11,77,Sanibel,35.1,21.79,37.0,2.42,0
2019,S05,Collier,S05-2019-P3,12,84,Sanibel,34.6,21.01,36.0,2.42,0
2019,S05,Collier,S05-2019-P4,1,7,Sanibel,28.0,21.45,27.1,1.94,0
2019,S05,Collier,S05-2019-P4,2,14,Sanibel,32.5,21.93,29.7,1.94,0
2019,S05,Collier,S05-2019-P4,3,21,Sanibel,37.2,21.37,40.7,1.94,0
2019,S05,Collier,S05-2019-P4,4,28,Sanibel,26.8,23.01,26.3,1.94,0
2019,S05,Collier,S05-2019-P4,5,35,Sanibel,30.5,21.44,46.3,1.94,0
2019,S05,Collier,S05-2019-P4,6,42,Sanibel,40.3,21.9,29.3,1.94,0
2019,S05,Collier,S05-2019-P4,7,49,Sanibel,29.8,23.47,38.5,1.94,0
2019,S05,Collier,S05-2019-P4,8,56,Sanibel,26.6,19.08,27.1,1.94,0
2019,S05,Collier,S05-2019-P4,9,63,Sanibel,27.9,22.69,39.6,1.94,0
2019,S05,Collier,S05-2019-P4,10,70,Sanibel,27.1,22.44,24.4,1.94,0
2019,S05,Collier,S05-2019-P4,11,77,Sanibel,26.5,22.95,27.9,1.94,0
2019,S05,Collier,S05-2019-P4,12,84,Sanibel,26.7,20.49,26.3,1.94,0
2019,S05,Collier,S05-2019-P5,1,7,Tygress,31.8,20.7,42.4,3.05,0
2019,S05,Collier,S05-2019-P5,2,14,Tygress,33.0,21.93,56.4,3.05,0
2019,S05,Collier,S05-2019-P5,3,21,Tygress,26.8,20.56,60.6,3.05,0
2019,S05,Collier,S05-2019-P5,4,28,Tygress,33.2,22.21,22.8,3.05,0
2019,S05,Collier,S05-2019-P5,5,35,Tygress,24.9,21.8,52.6,3.05,0
2019,S05,Collier,S05-2019-P5,6,42,Tygress,30.9,19.8,49.9,3.05,0
2019,S05,Collier,S05-2019-P5,7,49,Tygress,27.1,20.61,32.5,3.05,0
2019,S05,Collier,S05-2019-P5,8,56,Tygress,26.5,22.48,48.2,3.05,0
2019,S05,Collier,S05-2019-P5,9,63,Tygress,44.8,20.17,53.8,3.05,0
2019,S05,Collier,S05-2019-P5,10,70,Tygress,26.3,20.79,35.1,3.05,0
2019,S05,Collier,S05-2019-P5,11,77,Tygress,32.5,19.64,32.7,3.05,0
2019,S05,Collier,S05-2019-P5,12,84,Tygress,28.1,20.89,43.4,3.05,0
2019,S05,Collier,S05-2019-P6,1,7,HM-1823,25.3,21.07,18.0,3.52,0
2019,S05,Collier,S05-2019-P6,2,14,HM-1823,24.7,21.13,13.3,3.52,0
2019,S05,Collier,S05-2019-P6,3,21,HM-1823,28.5,20.41,0.0,3.52,0
2019,S05,Collier,S05-2019-P6,4,28,HM-1823,37.4,23.2,7.7,3.52,0
2019,S05,Collier,S05-2019-P6,5,35,HM-1823,35.3,23.78,13.4,3.52,0
2019,S05,Collier,S05-2019-P6,6,42,HM-1823,30.5,21.16,4.8,3.52,0
2019,S05,Collier,S05-2019-P6,7,49,HM-1823,18.6,21.57,8.1,3.52,0
2019,S05,Collier,S05-2019-P6,8,56,HM-1823,27.0,21.31,7.0,3.52,0
2019,S05,Collier,S05-2019-P6,9,63,HM-1823,35.1,21.86,17.2,3.52,0
2019,S05,Collier,S05-2019-P6,10,70,HM-1823,26.3,21.65,0.0,3.52,0
2019,S05,Collier,S05-2019-P6,11,77,HM-1823,26.9,20.27,9.4,3.52,0
2019,S05,Collier,S05-2019-P6,12,84,HM-1823,30.0,19.43,21.7,3.52,0
2019,S06,Collier,S06-2019-P1,1,7,Tygress,38.9,19.85,39.7,3.18,0
2019,S06,Collier,S06-2019-P1,2,14,Tygress,33.2,19.98,55.0,3.18,0
2019,S06,Collier,S06-2019-P1,3,21,Tygress,32.1,19.11,49.2,3.18,0
2019,S06,Collier,S06-2019-P1,4,28,Tygress,40.7,18.97,52.3,3.18,0
2019,S06,Collier,S06-2019-P1,5,35,Tygress,37.5,22.09,43.6,3.18,0
2019,S06,Collier,S06-2019-P1,6,42,Tygress,25.4,20.08,50.3,3.18,0
2019,S06,Collier,S06-2019-P1,7,49,Tygress,40.7,18.94,50.8,3.18,0
2019,S06,Collier,S06-2019-P1,8,56,Tygress,34.2,21.57,63.8,3.18,0
2019,S06,Collier,S06-2019-P1,9,63,Tygress,28.5,19.87,40.3,3.18,0
2019,S06,Collier,S06-2019-P1,10,70,Tygress,33.1,19.92,29.7,3.18,0
2019,S06,Collier,S06-2019-P1,11,77,Tygress,35.2,22.16,48.9,3.18,0
2019,S06,Collier,S06-2019-P1,12,84,Tygress,28.7,19.95,49.8,3.18,0
2019,S06,Collier,S06-2019-P2,1,7,HM-1823,34.0,21.22,48.0,3.58,0
2019,S06,Collier,S06-2019-P2,2,14,HM-1823,26.5,21.21,57.0,3.58,0
2019,S06,Collier,S06-2019-P2,3,21,HM-1823,37.4,21.68,46.1,3.58,0
2019,S06,Collier,S06-2019-P2,4,28,HM-1823,43.9,20.21,47.9,3.58,0
2019,S06,Collier,S06-2019-P2,5,35,HM-1823,22.9,21.02,47.3,3.58,0
2019,S06,Collier,S06-2019-P2,6,42,HM-1823,38.1,18.92,57.7,3.58,0
2019,S06,Collier,S06-2019-P2,7,49,HM-1823,35.2,22.29,35.0,3.58,0
2019,S06,Collier,S06-2019-P2,8,56,HM-1823,20.0,18.4,47.0,3.58,0
2019,S06,Collier,S06-2019-P2,9,63,HM-1823,27.6,19.68,41.1,3.58,0
2019,S06,Collier,S06-2019-P2,10,70,HM-1823,44.3,21.46,46.2,3.58,0
2019,S06,Collier,S06-2019-P2,11,77,HM-1823,28.8,20.66,53.1,3.58,0
2019,S06,Collier,S06-2019-P2,12,84,HM-1823,28.5,20.78,51.7,3.58,0
2019,S06,Collier,S06-2019-P3,1,7,HM-1823,35.7,18.75,36.2,2.24,0
2019,S06,Collier,S06-2019-P3,2,14,HM-1823,26.3,22.06,39.5,2.24,1
2019,S06,Collier,S06-2019-P3,3,21,HM-1823,42.1,19.35,26.9,2.24,0
2019,S06,Collier,S06-2019-P3,4,28,HM-1823,39.0,20.77,18.0,2.24,1
2019,S06,Collier,S06-2019-P3,5,35,HM-1823,37.7,19.19,13.0,2.24,1
2019,S06,Collier,S06-2019-P3,6,42,HM-1823,36.3,19.03,42.4,2.24,0
2019,S06,Collier,S06-2019-P3,7,49,HM-1823,33.8,17.34,25.7,2.24,0
2019,S06,Collier,S06-2019-P3,8,56,HM-1823,42.6,20.54,26.6,2.24,0
2019,S06,Collier,S06-2019-P3,9,63,HM-1823,42.2,21.34,24.9,2.24,1
2019,S06,Collier,S06-2019-P3,10,70,HM-1823,36.4,19.42,25.5,2.24,0
2019,S06,Collier,S06-2019-P3,11,77,HM-1823,26.7,18.88,42.5,2.24,0
2019,S06,Collier,S06-2019-P3,12,84,HM-1823,37.9,17.64,35.8,2.24,1
2019,S06,Collier,S06-2019-P4,1,7,Sebring,33.4,20.55,35.6,2.39,0
2019,S06,Collier,S06-2019-P4,2,14,Sebring,30.7,21.36,43.4,2.39,0
2019,S06,Collier,S06-2019-P4,3,21,Sebring,38.4,20.49,24.8,2.39,0
2019,S06,Collier,S06-2019-P4,4,28,Sebring,18.0,21.56,22.1,2.39,0
2019,S06,Collier,S06-2019-P4,5,35,Sebring,32.4,20.82,36.3,2.39,0
2019,S06,Collier,S06-2019-P4,6,42,Sebring,30.8,18.75,23.5,2.39,0
2019,S06,Collier,S06-2019-P4,7,49,Sebring,39.2,20.36,16.0,2.39,0
2019,S06,Collier,S06-2019-P4,8,56,Sebring,31.3,19.79,27.3,2.39,0
2019,S06,Collier,S06-2019-P4,9,63,Sebring,40.8,21.74,31.4,2.39,0
2019,S06,Collier,S06-2019-P4,10,70,Sebring,34.7,20.18,41.5,2.39,0
2019,S06,Collier,S06-2019-P4,11,77,Sebring,32.6,23.46,13.7,2.39,0
2019,S06,Collier,S06-2019-P4,12,84,Sebring,29.5,19.41,26.2,2.39,0
2019,S06,Collier,S06-2019-P5,1,7,Tygress,40.5,21.32,18.7,2.78,0
2019,S06,Collier,S06-2019-P5,2,14,Tygress,43.4,20.95,20.4,2.78,0
2019,S06,Collier,S06-2019-P5,3,21,Tygress,38.0,18.85,19.1,2.78,0
2019,S06,Collier,S06-2019-P5,4,28,Tygress,26.2,21.7,27.4,2.78,0
2019,S06,Collier,S06-2019-P5,5,35,Tygress,34.8,19.8,20.3,2.78,0
2019,S06,Collier,S06-2019-P5,6,42,Tygress,36.2,21.5,24.0,2.78,0
2019,S06,Collier,S06-2019-P5,7,49,Tygress,33.4,20.27,33.8,2.78,0
2019,S06,Collier,S06-2019-P5,8,56,Tygress,40.6,22.08,38.6,2.78,0
2019,S06,Collier,S06-2019-P5,9,63,Tygress,33.2,19.87,33.6,2.78,0
2019,S06,Collier,S06-2019-P5,10,70,Tygress,35.9,20.45,9.3,2.78,0
2019,S06,Collier,S06-2019-P5,11,77,Tygress,32.1,21.85,27.0,2.78,0
2019,S06,Collier,S06-2019-P5,12,84,Tygress,32.8,20.11,20.7,2.78,0
2019,S06,Collier,S06-2019-P6,1,7,FL-8000,43.5,22.42,48.8,3.05,0
2019,S06,Collier,S06-2019-P6,2,14,FL-8000,26.5,20.21,21.1,3.05,0
2019,S06,Collier,S06-2019-P6,3,21,FL-8000,23.0,19.09,45.1,3.05,0
2019,S06,Collier,S06-2019-P6,4,28,FL-8000,38.5,23.45,59.2,3.05,1
2019,S06,Collier,S06-2019-P6,5,35,FL-8000,29.3,21.91,33.5,3.05,0
2019,S06,Collier,S06-2019-P6,6,42,FL-8000,40.0,22.14,46.5,3.05,1
2019,S06,Collier,S06-2019-P6,7,49,FL-8000,38.1,20.71,36.7,3.05,0
2019,S06,Collier,S06-2019-P6,8,56,FL-8000,38.9,17.46,34.6,3.05,0
2019,S06,Collier,S06-2019-P6,9,63,FL-8000,34.6,20.4,43.7,3.05,1
2019,S06,Collier,S06-2019-P6,10,70,FL-8000,31.2,20.6,47.2,3.05,0
2019,S06,Collier,S06-2019-P6,11,77,FL-8000,33.9,18.34,55.1,3.05,0
2019,S06,Collier,S06-2019-P6,12,84,FL-8000,35.5,21.91,26.1,3.05,0
2019,S07,Miami-Dade,S07-2019-P1,1,7,FL-8000,29.5,20.31,35.2,2.31,0
2019,S07,Miami-Dade,S07-2019-P1,2,14,FL-8000,18.8,20.12,31.0,2.31,0
2019,S07,Miami-Dade,S07-2019-P1,3,21,FL-8000,20.8,21.27,47.3,2.31,0
2019,S07,Miami-Dade,S07-2019-P1,4,28,FL-8000,29.9,20.49,46.0,2.31,0
2019,S07,Miami-Dade,S07-2019-P1,5,35,FL-8000,24.5,22.22,48.6,2.31,0
2019,S07,Miami-Dade,S07-2019-P1,6,42,FL-8000,31.8,21.08,40.1,2.31,0
2019,S07,Miami-Dade,S07-2019-P1,7,49,FL-8000,38.2,22.48,48.0,2.31,0
2019,S07,Miami-Dade,S07-2019-P1,8,56,FL-8000,35.0,19.15,47.8,2.31,0
2019,S07,Miami-Dade,S07-2019-P1,9,63,FL-8000,24.6,20.76,48.1,2.31,0
2019,S07,Miami-Dade,S07-2019-P1,10,70,FL-8000,29.5,19.82,59.8,2.31,0
2019,S07,Miami-Dade,S07-2019-P1,11,77,FL-8000,33.7,23.04,44.8,2.31,0
2019,S07,Miami-Dade,S07-2019-P1,12,84,FL-8000,24.6,20.94,44.1,2.31,1
2019,S07,Miami-Dade,S07-2019-P2,1,7,Sanibel,30.2,21.65,52.9,1.97,0
2019,S07,Miami-Dade,S07-2019-P2,2,14,Sanibel,28.1,22.28,46.8,1.97,0
2019,S07,Miami-Dade,S07-2019-P2,3,21,Sanibel,29.2,19.25,42.3,1.97,0
2019,S07,Miami-Dade,S07-2019-P2,4,28,Sanibel,23.3,19.47,58.2,1.97,0
2019,S07,Miami-Dade,S07-2019-P2,5,35,Sanibel,32.1,20.35,54.8,1.97,0
2019,S07,Miami-Dade,S07-2019-P2,6,42,Sanibel,13.6,20.76,51.1,1.97,0
2019,S07,Miami-Dade,S07-2019-P2,7,49,Sanibel,31.7,23.34,49.6,1.97,0
2019,S07,Miami-Dade,S07-2019-P2,8,56,Sanibel,37.0,19.21,66.0,1.97,0
2019,S07,Miami-Dade,S07-2019-P2,9,63,Sanibel,35.6,21.86,47.6,1.97,0
2019,S07,Miami-Dade,S07-2019-P2,10,70,Sanibel,30.5,19.8,63.9,1.97,0
2019,S07,Miami-Dade,S07-2019-P2,11,77,Sanibel,28.3,19.49,54.2,1.97,0
2019,S07,Miami-Dade,S07-2019-P2,12,84,Sanibel,28.8,20.33,61.4,1.97,0
2019,S07,Miami-Dade,S07-2019-P3,1,7,HM-1823,25.2,21.82,26.7,4.92,0
2019,S07,Miami-Dade,S07-2019-P3,2,14,HM-1823,31.8,20.36,15.7,4.92,0
2019,S07,Miami-Dade,S07-2019-P3,3,21,HM-1823,34.7,22.41,10.3,4.92,1
2019,S07,Miami-Dade,S07-2019-P3,4,28,HM-1823,21.8,22.88,12.3,4.92,0
2019,S07,Miami-Dade,S07-2019-P3,5,35,HM-1823,30.5,21.06,16.5,4.92,1
2019,S07,Miami-Dade,S07-2019-P3,6,42,HM-1823,27.9,22.72,11.6,4.92,1
2019,S07,Miami-Dade,S07-2019-P3,7,49,HM-1823,26.6,22.29,24.8,4.92,1
2019,S07,Miami-Dade,S07-2019-P3,8,56,HM-1823,31.6,20.26,27.3,4.92,1
2019,S07,Miami-Dade,S07-2019-P3,9,63,HM-1823,27.0,21.94,20.2,4.92,0
2019,S07,Miami-Dade,S07-2019-P3,10,70,HM-1823,32.6,20.4,7.6,4.92,1
2019,S07,Miami-Dade,S07-2019-P3,11,77,HM-1823,28.6,20.17,17.2,4.92,0
2019,S07,Miami-Dade,S07-2019-P3,12,84,HM-1823,39.0,21.54,29.3,4.92,0
2019,S07,Miami-Dade,S07-2019-P4,1,7,Sanibel,36.5,19.96,1.8,3.14,0
2019,S07,Miami-Dade,S07-2019-P4,2,14,Sanibel,24.4,22.35,0.0,3.14,0
2019,S07,Miami-Dade,S07-2019-P4,3,21,Sanibel,30.1,22.05,8.9,3.14,0
2019,S07,Miami-Dade,S07-2019-P4,4,28,Sanibel,24.9,20.46,6.0,3.14,0
2019,S07,Miami-Dade,S07-2019-P4,5,35,Sanibel,35.8,23.92,16.1,3.14,0
2019,S07,Miami-Dade,S07-2019-P4,6,42,Sanibel,37.1,19.66,7.9,3.14,0
2019,S07,Miami-Dade,S07-2019-P4,7,49,Sanibel,40.1,21.87,5.0,3.14,0
2019,S07,Miami-Dade,S07-2019-P4,8,56,Sanibel,47.4,22.3,17.9,3.14,0
2019,S07,Miami-Dade,S07-2019-P4,9,63,Sanibel,24.4,20.4,3.2,3.14,0
2019,S07,Miami-Dade,S07-2019-P4,10,70,Sanibel,33.2,19.89,7.3,3.14,0
2019,S07,Miami-Dade,S07-2019-P4,11,77,Sanibel,21.2,19.66,7.8,3.14,0
2019,S07,Miami-Dade,S07-2019-P4,12,84,Sanibel,17.7,21.4,13.8,3.14,0
2019,S07,Miami-Dade,S07-2019-P5,1,7,Sanibel,34.0,18.97,56.7,3.03,0
2019,S07,Miami-Dade,S07-2019-P5,2,14,Sanibel,22.6,21.47,54.6,3.03,0
2019,S07,Miami-Dade,S07-2019-P5,3,21,Sanibel,29.6,20.46,65.9,3.03,0
2019,S07,Miami-Dade,S07-2019-P5,4,28,Sanibel,30.2,20.01,47.5,3.03,0
2019,S07,Miami-Dade,S07-2019-P5,5,35,Sanibel,28.1,19.49,57.0,3.03,0
2019,S07,Miami-Dade,S07-2019-P5,6,42,Sanibel,24.5,21.17,41.6,3.03,0
2019,S07,Miami-Dade,S07-2019-P5,7,49,Sanibel,30.0,20.89,48.5,3.03,0
2019,S07,Miami-Dade,S07-2019-P5,8,56,Sanibel,30.8,21.69,24.1,3.03,0
2019,S07,Miami-Dade,S07-2019-P5,9,63,Sanibel,22.5,22.9,56.1,3.03,0
2019,S07,Miami-Dade,S07-2019-P5,10,70,Sanibel,33.1,19.54,65.9,3.03,0
2019,S07,Miami-Dade,S07-2019-P5,11,77,Sanibel,28.5,24.55,68.8,3.03,0
2019,S07,Miami-Dade,S07-2019-P5,12,84,Sanibel,23.6,21.73,49.8,3.03,0
2019,S07,Miami-Dade,S07-2019-P6,1,7,FL-8000,29.1,17.42,33.1,4.23,0
2019,S07,Miami-Dade,S07-2019-P6,2,14,FL-8000,29.8,19.9,33.0,4.23,0
2019,S07,Miami-Dade,S07-2019-P6,3,21,FL-8000,18.5,20.94,20.9,4.23,0
2019,S07,Miami-Dade,S07-2019-P6,4,28,FL-8000,26.9,20.96,37.7,4.23,0
2019,S07,Miami-Dade,S07-2019-P6,5,35,FL-8000,28.9,19.82,35.9,4.23,0
2019,S07,Miami-Dade,S07-2019-P6,6,42,FL-8000,30.8,20.76,28.5,4.23,1
2019,S07,Miami-Dade,S07-2019-P6,7,49,FL-8000,26.6,20.66,21.2,4.23,0
2019,S07,Miami-Dade,S07-2019-P6,8,56,FL-8000,24.5,23.63,37.6,4.23,0
2019,S07,Miami-Dade,S07-2019-P6,9,63,FL-8000,33.1,18.89,10.4,4.23,0
2019,S07,Miami-Dade,S07-2019-P6,10,70,FL-8000,25.6,18.41,28.2,4.23,0
2019,S07,Miami-Dade,S07-2019-P6,11,77,FL-8000,38.1,22.41,21.0,4.23,1
2019,S07,Miami-Dade,S07-2019-P6,12,84,FL-8000,27.1,20.7,7.9,4.23,0
2019,S08,Miami-Dade,S08-2019-P1,1,7,Sanibel,33.5,23.28,18.1,3.03,0
2019,S08,Miami-Dade,S08-2019-P1,2,14,Sanibel,25.6,22.3,18.1,3.03,0
2019,S08,Miami-Dade,S08-2019-P1,3,21,Sanibel,27.8,18.97,10.7,3.03,0
2019,S08,Miami-Dade,S08-2019-P1,4,28,Sanibel,34.1,21.69,20.5,3.03,0
2019,S08,Miami-Dade,S08-2019-P1,5,35,Sanibel,26.8,20.07,1.5,3.03,0
2019,S08,Miami-Dade,S08-2019-P1,6,42,Sanibel,29.5,20.69,15.3,3.03,0
2019,S08,Miami-Dade,S08-2019-P1,7,49,Sanibel,32.2,20.81,19.9,3.03,0
2019,S08,Miami-Dade,S08-2019-P1,8,56,Sanibel,33.5,24.33,16.0,3.03,1
2019,S08,Miami-Dade,S08-2019-P1,9,63,Sanibel,33.0,20.74,24.5,3.03,0
2019,S08,Miami-Dade,S08-2019-P1,10,70,Sanibel,25.2,20.65,8.5,3.03,0
2019,S08,Miami-Dade,S08-2019-P1,11,77,Sanibel,23.9,20.48,20.0,3.03,0
2019,S08,Miami-Dade,S08-2019-P1,12,84,Sanibel,29.6,20.78,28.5,3.03,0
2019,S08,Miami-Dade,S08-2019-P2,1,7,Sanibel,33.7,18.14,34.4,4.03,0
2019,S08,Miami-Dade,S08-2019-P2,2,14,Sanibel,31.2,20.93,40.8,4.03,1
2019,S08,Miami-Dade,S08-2019-P2,3,21,Sanibel,24.9,19.83,32.5,4.03,0
2019,S08,Miami-Dade,S08-2019-P2,4,28,Sanibel,38.1,21.22,40.3,4.03,0
2019,S08,Miami-Dade,S08-2019-P2,5,35,Sanibel,36.2,19.08,44.8,4.03,1
2019,S08,Miami-Dade,S08-2019-P2,6,42,Sanibel,34.8,19.26,34.1,4.03,1
2019,S08,Miami-Dade,S08-2019-P2,7,49,Sanibel,37.0,19.95,42.8,4.03,1
2019,S08,Miami-Dade,S08-2019-P2,8,56,Sanibel,29.6,19.15,48.8,4.03,0
2019,S08,Miami-Dade,S08-2019-P2,9,63,Sanibel,25.4,18.35,35.3,4.03,0
2019,S08,Miami-Dade,S08-2019-P2,10,70,Sanibel,25.1,22.05,60.8,4.03,1
2019,S08,Miami-Dade,S08-2019-P2,11,77,Sanibel,34.5,20.87,24.5,4.03,0
2019,S08,Miami-Dade,S08-2019-P2,12,84,Sanibel,37.6,19.8,53.5,4.03,1
2019,S08,Miami-Dade,S08-2019-P3,1,7,Tygress,24.0,21.68,18.3,1.04,0
2019,S08,Miami-Dade,S08-2019-P3,2,14,Tygress,30.5,18.89,30.7,1.04,0
2019,S08,Miami-Dade,S08-2019-P3,3,21,Tygress,35.0,20.66,22.1,1.04,0
2019,S08,Miami-Dade,S08-2019-P3,4,28,Tygress,34.9,18.65,39.6,1.04,0
2019,S08,Miami-Dade,S08-2019-P3,5,35,Tygress,35.6,19.58,24.1,1.04,0
2019,S08,Miami-Dade,S08-2019-P3,6,42,Tygress,29.1,19.11,22.4,1.04,0
2019,S08,Miami-Dade,S08-2019-P3,7,49,Tygress,24.6,19.13,30.9,1.04,0
2019,S08,Miami-Dade,S08-2019-P3,8,56,Tygress,30.9,21.23,23.1,1.04,0
2019,S08,Miami-Dade,S08-2019-P3,9,63,Tygress,30.6,19.56,31.4,1.04,0
2019,S08,Miami-Dade,S08-2019-P3,10,70,Tygress,44.6,23.06,41.7,1.04,0
2019,S08,Miami-Dade,S08-2019-P3,11,77,Tygress,35.0,20.59,20.3,1.04,0
2019,S08,Miami-Dade,S08-2019-P3,12,84,Tygress,37.4,18.31,45.1,1.04,0
2019,S08,Miami-Dade,S08-2019-P4,1,7,Tygress,32.3,21.3,15.8,3.09,0
2019,S08,Miami-Dade,S08-2019-P4,2,14,Tygress,28.1,19.8,40.7,3.09,0
2019,S08,Miami-Dade,S08-2019-P4,3,21,Tygress,26.5,18.64,28.9,3.09,0
2019,S08,Miami-Dade,S08-2019-P4,4,28,Tygress,27.8,23.27,17.1,3.09,0
2019,S08,Miami-Dade,S08-2019-P4,5,35,Tygress,36.3,21.37,27.4,3.09,0
2019,S08,Miami-Dade,S08-2019-P4,6,42,Tygress,19.7,22.5,17.5,3.09,0
2019,S08,Miami-Dade,S08-2019-P4,7,49,Tygress,25.4,18.53,28.6,3.09,0
2019,S08,Miami-Dade,S08-2019-P4,8,56,Tygress,18.2,20.64,14.1,3.09,0
2019,S08,Miami-Dade,S08-2019-P4,9,63,Tygress,45.0,18.89,32.0,3.09,1
2019,S08,Miami-Dade,S08-2019-P4,10,70,Tygress,29.8,21.72,16.9,3.09,0
2019,S08,Miami-Dade,S08-2019-P4,11,77,Tygress,30.9,19.76,29.1,3.09,0
2019,S08,Miami-Dade,S08-2019-P4,12,84,Tygress,27.8,20.43,36.0,3.09,1
2019,S08,Miami-Dade,S08-2019-P5,1,7,Tygress,32.0,20.72,45.8,3.25,0
2019,S08,Miami-Dade,S08-2019-P5,2,14,Tygress,29.6,19.32,58.7,3.25,0
2019,S08,Miami-Dade,S08-2019-P5,3,21,Tygress,35.9,19.51,62.1,3.25,0
2019,S08,Miami-Dade,S08-2019-P5,4,28,Tygress,28.1,20.14,60.4,3.25,0
2019,S08,Miami-Dade,S08-2019-P5,5,35,Tygress,28.9,20.81,42.3,3.25,0
2019,S08,Miami-Dade,S08-2019-P5,6,42,Tygress,30.5,19.71,58.8,3.25,0
2019,S08,Miami-Dade,S08-2019-P5,7,49,Tygress,37.1,19.12,49.7,3.25,0
2019,S08,Miami-Dade,S08-2019-P5,8,56,Tygress,30.3,19.73,54.6,3.25,0
2019,S08,Miami-Dade,S08-2019-P5,9,63,Tygress,39.6,18.38,55.2,3.25,0
2019,S08,Miami-Dade,S08-2019-P5,10,70,Tygress,42.0,17.92,70.2,3.25,0
2019,S08,Miami-Dade,S08-2019-P5,11,77,Tygress,28.4,22.0,67.5,3.25,0
2019,S08,Miami-Dade,S08-2019-P5,12,84,Tygress,32.3,22.07,70.7,3.25,0
2019,S08,Miami-Dade,S08-2019-P6,1,7,HM-1823,43.6,19.65,12.3,2.11,0
2019,S08,Miami-Dade,S08-2019-P6,2,14,HM-1823,22.2,21.45,0.0,2.11,0
2019,S08,Miami-Dade,S08-2019-P6,3,21,HM-1823,39.9,19.83,20.4,2.11,0
2019,S08,Miami-Dade,S08-2019-P6,4,28,HM-1823,27.4,20.48,5.6,2.11,0
2019,S08,Miami-Dade,S08-2019-P6,5,35,HM-1823,32.2,21.71,39.2,2.11,1
2019,S08,Miami-Dade,S08-2019-P6,6,42,HM-1823,33.5,21.42,10.5,2.11,0
2019,S08,Miami-Dade,S08-2019-P6,7,49,HM-1823,39.9,19.29,16.9,2.11,0
2019,S08,Miami-Dade,S08-2019-P6,8,56,HM-1823,38.2,21.42,29.2,2.11,0
2019,S08,Miami-Dade,S08-2019-P6,9,63,HM-1823,31.8,22.06,34.6,2.11,0
2019,S08,Miami-Dade,S08-2019-P6,10,70,HM-1823,31.7,19.54,20.8,2.11,0
2019,S08,Miami-Dade,S08-2019-P6,11,77,HM-1823,33.7,19.36,19.7,2.11,0
2019,S08,Miami-Dade,S08-2019-P6,12,84,HM-1823,38.5,20.58,21.1,2.11,0
2020,S01,Manatee,S01-2020-P1,1,7,FL-8000,20.4,22.14,29.4,2.84,0
2020,S01,Manatee,S01-2020-P1,2,14,FL-8000,25.0,21.29,29.5,2.84,0
2020,S01,Manatee,S01-2020-P1,3,21,FL-8000,28.5,22.14,20.3,2.84,0
2020,S01,Manatee,S01-2020-P1,4,28,FL-8000,18.9,19.65,22.3,2.84,0
2020,S01,Manatee,S01-2020-P1,5,35,FL-8000,19.1,21.09,23.5,2.84,0
2020,S01,Manatee,S01-2020-P1,6,42,FL-8000,31.6,20.94,30.2,2.84,0
2020,S01,Manatee,S01-2020-P1,7,49,FL-8000,17.1,23.12,16.0,2.84,0
2020,S01,Manatee,S01-2020-P1,8,56,FL-8000,19.1,19.38,24.9,2.84,0
2020,S01,Manatee,S01-2020-P1,9,63,FL-8000,21.5,22.25,21.9,2.84,0
2020,S01,Manatee,S01-2020-P1,10,70,FL-8000,26.3,21.04,25.9,2.84,0
2020,S01,Manatee,S01-2020-P1,11,77,FL-8000,20.0,20.5,7.8,2.84,0
2020,S01,Manatee,S01-2020-P1,12,84,FL-8000,16.2,22.24,30.0,2.84,0
2020,S01,Manatee,S01-2020-P2,1,7,Tygress,25.5,17.8,34.9,4.28,0
2020,S01,Manatee,S01-2020-P2,2,14,Tygress,34.2,20.36,33.4,4.28,0
2020,S01,Manatee,S01-2020-P2,3,21,Tygress,29.4,18.46,31.3,4.28,0
2020,S01,Manatee,S01-2020-P2,4,28,Tygress,23.8,19.86,51.2,4.28,0
2020,S01,Manatee,S01-2020-P2,5,35,Tygress,17.3,18.39,25.2,4.28,0
2020,S01,Manatee,S01-2020-P2,6,42,Tygress,21.2,17.95,25.3,4.28,0
2020,S01,Manatee,S01-2020-P2,7,49,Tygress,26.0,21.69,24.7,4.28,0
2020,S01,Manatee,S01-2020-P2,8,56,Tygress,25.4,20.33,29.5,4.28,0
2020,S01,Manatee,S01-2020-P2,9,63,Tygress,26.4,20.52,30.3,4.28,0
2020,S01,Manatee,S01-2020-P2,10,70,Tygress,20.1,18.3,32.9,4.28,0
2020,S01,Manatee,S01-2020-P2,11,77,Tygress,21.0,21.96,28.7,4.28,0
2020,S01,Manatee,S01-2020-P2,12,84,Tygress,23.7,19.88,44.0,4.28,1
2020,S01,Manatee,S01-2020-P3,1,7,Sanibel,24.5,21.91,0.0,5.65,0
2020,S01,Manatee,S01-2020-P3,2,14,Sanibel,28.4,22.57,17.2,5.65,0
2020,S01,Manatee,S01-2020-P3,3,21,Sanibel,24.0,21.54,27.7,5.65,0
2020,S01,Manatee,S01-2020-P3,4,28,Sanibel,25.0,20.42,0.0,5.65,0
2020,S01,Manatee,S01-2020-P3,5,35,Sanibel,13.7,21.68,14.7,5.65,0
2020,S01,Manatee,S01-2020-P3,6,42,Sanibel,23.2,22.92,24.1,5.65,1
2020,S01,Manatee,S01-2020-P3,7,49,Sanibel,22.8,19.57,6.9,5.65,0
2020,S01,Manatee,S01-2020-P3,8,56,Sanibel,25.3,22.01,11.0,5.65,1
2020,S01,Manatee,S01-2020-P3,9,63,Sanibel,35.0,22.39,16.2,5.65,1
2020,S01,Manatee,S01-2020-P3,10,70,Sanibel,22.0,19.94,18.5,5.65,1
2020,S01,Manatee,S01-2020-P3,11,77,Sanibel,23.8,21.88,2.5,5.65,0
2020,S01,Manatee,S01-2020-P3,12,84,Sanibel,27.3,21.84,5.3,5.65,0
2020,S01,Manatee,S01-2020-P4,1,7,Tygress,21.8,23.12,23.9,2.58,0
2020,S01,Manatee,S01-2020-P4,2,14,Tygress,24.5,22.52,43.3,2.58,0
2020,S01,Manatee,S01-2020-P4,3,21,Tygress,17.5,19.39,44.7,2.58,0
2020,S01,Manatee,S01-2020-P4,4,28,Tygress,37.0,21.18,40.7,2.58,0
2020,S01,Manatee,S01-2020-P4,5,35,Tygress,17.9,22.51,34.0,2.58,0
2020,S01,Manatee,S01-2020-P4,6,42,Tygress,27.8,21.99,39.8,2.58,0
2020,S01,Manatee,S01-2020-P4,7,49,Tygress,23.4,21.5,46.2,2.58,0
2020,S01,Manatee,S01-2020-P4,8,56,Tygress,26.9,21.78,29.9,2.58,0
2020,S01,Manatee,S01-2020-P4,9,63,Tygress,23.7,23.61,49.5,2.58,0
2020,S01,Manatee,S01-2020-P4,10,70,Tygress,24.2,21.14,35.7,2.58,0
2020,S01,Manatee,S01-2020-P4,11,77,Tygress,25.3,24.33,32.6,2.58,0
2020,S01,Manatee,S01-2020-P4,12,84,Tygress,37.9,21.4,43.8,2.58,0
2020,S01,Manatee,S01-2020-P5,1,7,Sanibel,19.0,21.32,30.9,2.28,0
2020,S01,Manatee,S01-2020-P5,2,14,Sanibel,13.9,20.52,38.0,2.28,0
2020,S01,Manatee,S01-2020-P5,3,21,Sanibel,28.2,20.81,38.5,2.28,0
2020,S01,Manatee,S01-2020-P5,4,28,Sanibel,19.6,21.78,38.9,2.28,0
2020,S01,Manatee,S01-2020-P5,5,35,Sanibel,14.6,22.41,39.2,2.28,0
2020,S01,Manatee,S01-2020-P5,6,42,Sanibel,23.1,22.96,24.9,2.28,0
2020,S01,Manatee,S01-2020-P5,7,49,Sanibel,20.7,20.56,31.5,2.28,0
2020,S01,Manatee,S01-2020-P5,8,56,Sanibel,27.3,21.51,33.9,2.28,0
2020,S01,Manatee,S01-2020-P5,9,63,Sanibel,35.1,20.54,17.0,2.28,0
2020,S01,Manatee,S01-2020-P5,10,70,Sanibel,30.3,22.36,26.0,2.28,0
2020,S01,Manatee,S01-2020-P5,11,77,Sanibel,23.1,23.2,34.7,2.28,0
2020,S01,Manatee,S01-2020-P5,12,84,Sanibel,36.1,19.99,46.6,2.28,0
2020,S01,Manatee,S01-2020-P6,1,7,FL-8000,25.4,19.75,24.3,3.65,0
2020,S01,Manatee,S01-2020-P6,2,14,FL-8000,23.2,22.3,37.9,3.65,0
2020,S01,Manatee,S01-2020-P6,3,21,FL-8000,33.3,24.33,25.9,3.65,0
2020,S01,Manatee,S01-2020-P6,4,28,FL-8000,16.6,22.24,50.3,3.65,0
2020,S01,Manatee,S01-2020-P6,5,35,FL-8000,30.8,21.29,36.0,3.65,0
2020,S01,Manatee,S01-2020-P6,6,42,FL-8000,26.7,22.81,24.1,3.65,0
2020,S01,Manatee,S01-2020-P6,7,49,FL-8000,29.2,22.41,29.4,3.65,0
2020,S01,Manatee,S01-2020-P6,8,56,FL-8000,22.4,19.71,44.5,3.65,0
2020,S01,Manatee,S01-2020-P6,9,63,FL-8000,29.3,21.19,34.1,3.65,0
2020,S01,Manatee,S01-2020-P6,10,70,FL-8000,19.1,21.75,14.6,3.65,0
2020,S01,Manatee,S01-2020-P6,11,77,FL-8000,19.2,23.18,31.7,3.65,0
2020,S01,Manatee,S01-2020-P6,12,84,FL-8000,30.6,20.68,21.0,3.65,0
2020,S02,Manatee,S02-2020-P1,1,7,HM-1823,8.4,20.41,15.9,3.99,0
2020,S02,Manatee,S02-2020-P1,2,14,HM-1823,17.9,22.12,17.6,3.99,0
2020,S02,Manatee,S02-2020-P1,3,21,HM-1823,19.7,21.53,24.5,3.99,0
2020,S02,Manatee,S02-2020-P1,4,28,HM-1823,16.8,20.32,24.3,3.99,0
2020,S02,Manatee,S02-2020-P1,5,35,HM-1823,12.4,20.42,19.0,3.99,0
2020,S02,Manatee,S02-2020-P1,6,42,HM-1823,15.2,22.13,21.9,3.99,0
2020,S02,Manatee,S02-2020-P1,7,49,HM-1823,10.3,22.14,30.1,3.99,1
2020,S02,Manatee,S02-2020-P1,8,56,HM-1823,12.8,20.92,11.5,3.99,0
2020,S02,Manatee,S02-2020-P1,9,63,HM-1823,24.0,20.09,19.9,3.99,0
2020,S02,Manatee,S02-2020-P1,10,70,HM-1823,16.6,22.51,11.2,3.99,0
2020,S02,Manatee,S02-2020-P1,11,77,HM-1823,19.9,20.46,34.7,3.99,1
2020,S02,Manatee,S02-2020-P1,12,84,HM-1823,22.9,19.35,25.8,3.99,0
2020,S02,Manatee,S02-2020-P2,1,7,Tygress,18.7,19.57,15.9,3.1,0
2020,S02,Manatee,S02-2020-P2,2,14,Tygress,16.1,21.93,19.2,3.1,0
2020,S02,Manatee,S02-2020-P2,3,21,Tygress,16.8,21.64,25.4,3.1,0
2020,S02,Manatee,S02-2020-P2,4,28,Tygress,16.1,22.4,16.3,3.1,0
2020,S02,Manatee,S02-2020-P2,5,35,Tygress,27.8,21.22,35.2,3.1,0
2020,S02,Manatee,S02-2020-P2,6,42,Tygress,20.7,20.7,35.8,3.1,0
2020,S02,Manatee,S02-2020-P2,7,49,Tygress,17.2,18.99,24.0,3.1,0
2020,S02,Manatee,S02-2020-P2,8,56,Tygress,11.3,22.64,13.7,3.1,0
2020,S02,Manatee,S02-2020-P2,9,63,Tygress,18.1,20.82,26.4,3.1,0
2020,S02,Manatee,S02-2020-P2,10,70,Tygress,27.9,22.22,34.0,3.1,0
2020,S02,Manatee,S02-2020-P2,11,77,Tygress,9.8,23.42,20.2,3.1,0
2020,S02,Manatee,S02-2020-P2,12,84,Tygress,18.6,21.34,36.7,3.1,0
2020,S02,Manatee,S02-2020-P3,1,7,Sebring,10.3,19.01,8.1,2.02,0
2020,S02,Manatee,S02-2020-P3,2,14,Sebring,12.6,20.49,28.7,2.02,0
2020,S02,Manatee,S02-2020-P3,3,21,Sebring,19.2,18.07,30.2,2.02,0
2020,S02,Manatee,S02-2020-P3,4,28,Sebring,20.1,19.18,20.8,2.02,0
2020,S02,Manatee,S02-2020-P3,5,35,Sebring,19.3,20.34,20.5,2.02,0
2020,S02,Manatee,S02-2020-P3,6,42,Sebring,14.5,17.84,20.8,2.02,0
2020,S02,Manatee,S02-2020-P3,7,49,Sebring,19.7,18.4,34.2,2.02,0
2020,S02,Manatee,S02-2020-P3,8,56,Sebring,16.1,18.62,24.3,2.02,1
2020,S02,Manatee,S02-2020-P3,9,63,Sebring,26.6,19.77,21.1,2.02,0
2020,S02,Manatee,S02-2020-P3,10,70,Sebring,32.5,20.02,16.5,2.02,1
2020,S02,Manatee,S02-2020-P3,11,77,Sebring,19.9,20.55,23.0,2.02,0
2020,S02,Manatee,S02-2020-P3,12,84,Sebring,21.5,21.37,11.2,2.02,0
2020,S02,Manatee,S02-2020-P4,1,7,HM-1823,32.1,20.18,6.9,2.08,0
2020,S02,Manatee,S02-2020-P4,2,14,HM-1823,21.9,17.95,4.4,2.08,0
2020,S02,Manatee,S02-2020-P4,3,21,HM-1823,4.9,19.53,8.2,2.08,0
2020,S02,Manatee,S02-2020-P4,4,28,HM-1823,9.5,18.04,19.0,2.08,0
2020,S02,Manatee,S02-2020-P4,5,35,HM-1823,14.2,18.96,12.5,2.08,0
2020,S02,Manatee,S02-2020-P4,6,42,HM-1823,21.3,21.45,0.0,2.08,0
2020,S02,Manatee,S02-2020-P4,7,49,HM-1823,10.1,20.25,12.2,2.08,0
2020,S02,Manatee,S02-2020-P4,8,56,HM-1823,21.3,22.67,18.1,2.08,0
2020,S02,Manatee,S02-2020-P4,9,63,HM-1823,14.5,18.51,2.7,2.08,0
2020,S02,Manatee,S02-2020-P4,10,70,HM-1823,11.8,19.44,20.5,2.08,0
2020,S02,Manatee,S02-2020-P4,11,77,HM-1823,19.1,19.23,14.6,2.08,0
2020,S02,Manatee,S02-2020-P4,12,84,HM-1823,29.9,21.67,0.0,2.08,1
2020,S02,Manatee,S02-2020-P5,1,7,Tygress,21.8,18.9,0.0,3.03,0
2020,S02,Manatee,S02-2020-P5,2,14,Tygress,11.5,20.19,15.0,3.03,0
2020,S02,Manatee,S02-2020-P5,3,21,Tygress,16.3,21.97,15.7,3.03,0
2020,S02,Manatee,S02-2020-P5,4,28,Tygress,9.7,20.55,14.2,3.03,0
2020,S02,Manatee,S02-2020-P5,5,35,Tygress,12.1,21.04,11.2,3.03,0
2020,S02,Manatee,S02-2020-P5,6,42,Tygress,9.1,22.73,6.0,3.03,0
2020,S02,Manatee,S02-2020-P5,7,49,Tygress,24.8,20.8,8.6,3.03,1
2020,S02,Manatee,S02-2020-P5,8,56,Tygress,16.8,20.9,27.5,3.03,0
2020,S02,Manatee,S02-2020-P5,9,63,Tygress,14.8,22.85,8.5,3.03,0
2020,S02,Manatee,S02-2020-P5,10,70,Tygress,12.0,19.5,6.7,3.03,0
2020,S02,Manatee,S02-2020-P5,11,77,Tygress,18.1,21.56,18.8,3.03,0
2020,S02,Manatee,S02-2020-P5,12,84,Tygress,22.3,19.98,13.3,3.03,0
2020,S02,Manatee,S02-2020-P6,1,7,Tygress,34.0,20.24,23.6,0.75,0
2020,S02,Manatee,S02-2020-P6,2,14,Tygress,22.8,20.68,10.7,0.75,0
2020,S02,Manatee,S02-2020-P6,3,21,Tygress,24.7,22.62,33.2,0.75,0
2020,S02,Manatee,S02-2020-P6,4,28,Tygress,25.3,21.2,21.3,0.75,0
2020,S02,Manatee,S02-2020-P6,5,35,Tygress,15.6,21.04,26.6,0.75,0
2020,S02,Manatee,S02-2020-P6,6,42,Tygress,9.3,19.11,18.3,0.75,0
2020,S02,Manatee,S02-2020-P6,7,49,Tygress,19.7,20.69,32.6,0.75,0
2020,S02,Manatee,S02-2020-P6,8,56,Tygress,21.8,21.43,13.1,0.75,0
2020,S02,Manatee,S02-2020-P6,9,63,Tygress,25.5,20.51,29.5,0.75,0
2020,S02,Manatee,S02-2020-P6,10,70,Tygress,38.1,20.89,20.7,0.75,0
2020,S02,Manatee,S02-2020-P6,11,77,Tygress,17.4,23.79,30.3,0.75,0
2020,S02,Manatee,S02-2020-P6,12,84,Tygress,32.0,21.46,16.4,0.75,0
2020,S03,Hillsborough,S03-2020-P1,1,7,Tygress,24.8,21.48,29.3,3.81,0
2020,S03,Hillsborough,S03-2020-P1,2,14,Tygress,21.4,22.79,0.0,3.81,0
2020,S03,Hillsborough,S03-2020-P1,3,21,Tygress,20.8,20.98,29.1,3.81,0
2020,S03,Hillsborough,S03-2020-P1,4,28,Tygress,29.9,19.59,10.9,3.81,0
2020,S03,Hillsborough,S03-2020-P1,5,35,Tygress,11.0,20.92,10.2,3.81,0
2020,S03,Hillsborough,S03-2020-P1,6,42,Tygress,11.7,20.94,19.8,3.81,0
2020,S03,Hillsborough,S03-2020-P1,7,49,Tygress,18.0,20.85,15.2,3.81,0
2020,S03,Hillsborough,S03-2020-P1,8,56,Tygress,24.4,22.75,13.3,3.81,0
2020,S03,Hillsborough,S03-2020-P1,9,63,Tygress,17.3,22.56,6.2,3.81,0
2020,S03,Hillsborough,S03-2020-P1,10,70,Tygress,23.9,23.7,10.9,3.81,0
2020,S03,Hillsborough,S03-2020-P1,11,77,Tygress,15.2,22.36,18.0,3.81,0
2020,S03,Hillsborough,S03-2020-P1,12,84,Tygress,16.7,21.47,0.0,3.81,0
2020,S03,Hillsborough,S03-2020-P2,1,7,FL-8000,20.2,22.5,19.2,2.01,0
2020,S03,Hillsborough,S03-2020-P2,2,14,FL-8000,22.4,21.94,21.8,2.01,0
2020,S03,Hillsborough,S03-2020-P2,3,21,FL-8000,16.6,22.05,32.0,2.01,0
2020,S03,Hillsborough,S03-2020-P2,4,28,FL-8000,19.9,21.49,38.0,2.01,0
2020,S03,Hillsborough,S03-2020-P2,5,35,FL-8000,20.8,21.99,25.4,2.01,0
2020,S03,Hillsborough,S03-2020-P2,6,42,FL-8000,16.0,21.94,8.7,2.01,0
2020,S03,Hillsborough,S03-2020-P2,7,49,FL-8000,19.4,22.35,26.1,2.01,0
2020,S03,Hillsborough,S03-2020-P2,8,56,FL-8000,18.8,19.32,31.6,2.01,0
2020,S03,Hillsborough,S03-2020-P2,9,63,FL-8000,22.7,22.66,20.5,2.01,0
2020,S03,Hillsborough,S03-2020-P2,10,70,FL-8000,33.1,23.23,27.8,2.01,0
2020,S03,Hillsborough,S03-2020-P2,11,77,FL-8000,10.7,22.04,32.6,2.01,0
2020,S03,Hillsborough,S03-2020-P2,12,84,FL-8000,11.3,23.5,18.7,2.01,0
2020,S03,Hillsborough,S03-2020-P3,1,7,Sebring,24.9,21.17,44.3,2.77,0
2020,S03,Hillsborough,S03-2020-P3,2,14,Sebring,20.1,20.48,29.1,2.77,0
2020,S03,Hillsborough,S03-2020-P3,3,21,Sebring,20.4,19.98,10.6,2.77,0
2020,S03,Hillsborough,S03-2020-P3,4,28,Sebring,19.2,21.06,40.3,2.77,0
2020,S03,Hillsborough,S03-2020-P3,5,35,Sebring,23.3,22.19,40.4,2.77,0
2020,S03,Hillsborough,S03-2020-P3,6,42,Sebring,12.1,22.3,22.9,2.77,0
2020,S03,Hillsborough,S03-2020-P3,7,49,Sebring,19.5,22.26,19.6,2.77,0
2020,S03,Hillsborough,S03-2020-P3,8,56,Sebring,20.7,23.7,14.7,2.77,1
2020,S03,Hillsborough,S03-2020-P3,9,63,Sebring,17.4,22.39,36.8,2.77,0
2020,S03,Hillsborough,S03-2020-P3,10,70,Sebring,21.5,24.2,33.0,2.77,0
2020,S03,Hillsborough,S03-2020-P3,11,77,Sebring,17.4,23.28,28.7,2.77,1
2020,S03,Hillsborough,S03-2020-P3,12,84,Sebring,27.1,19.52,35.8,2.77,0
2020,S03,Hillsborough,S03-2020-P4,1,7,Sebring,16.1,19.43,10.7,3.95,0
2020,S03,Hillsborough,S03-2020-P4,2,14,Sebring,27.0,20.13,18.7,3.95,0
2020,S03,Hillsborough,S03-2020-P4,3,21,Sebring,8.1,18.71,14.8,3.95,0
2020,S03,Hillsborough,S03-2020-P4,4,28,Sebring,29.4,20.45,9.3,3.95,0
2020,S03,Hillsborough,S03-2020-P4,5,35,Sebring,5.6,21.68,28.8,3.95,0
2020,S03,Hillsborough,S03-2020-P4,6,42,Sebring,25.2,20.43,23.7,3.95,0
2020,S03,Hillsborough,S03-2020-P4,7,49,Sebring,14.9,18.47,25.2,3.95,0
2020,S03,Hillsborough,S03-2020-P4,8,56,Sebring,23.9,21.23,34.4,3.95,0
2020,S03,Hillsborough,S03-2020-P4,9,63,Sebring,23.4,21.7,33.1,3.95,0
2020,S03,Hillsborough,S03-2020-P4,10,70,Sebring,22.8,18.76,3.6,3.95,0
2020,S03,Hillsborough,S03-2020-P4,11,77,Sebring,11.7,18.76,16.0,3.95,1
2020,S03,Hillsborough,S03-2020-P4,12,84,Sebring,33.6,21.0,20.7,3.95,0
2020,S03,Hillsborough,S03-2020-P5,1,7,Sanibel,20.5,20.34,25.1,3.97,0
2020,S03,Hillsborough,S03-2020-P5,2,14,Sanibel,20.9,21.9,8.2,3.97,0
2020,S03,Hillsborough,S03-2020-P5,3,21,Sanibel,5.1,20.72,5.2,3.97,0
2020,S03,Hillsborough,S03-2020-P5,4,28,Sanibel,23.5,22.84,11.2,3.97,0
2020,S03,Hillsborough,S03-2020-P5,5,35,Sanibel,31.7,19.91,0.0,3.97,0
2020,S03,Hillsborough,S03-2020-P5,6,42,Sanibel,16.9,21.94,0.0,3.97,0
2020,S03,Hillsborough,S03-2020-P5,7,49,Sanibel,21.2,21.46,5.4,3.97,0
2020,S03,Hillsborough,S03-2020-P5,8,56,Sanibel,25.0,19.69,16.3,3.97,0
2020,S03,Hillsborough,S03-2020-P5,9,63,Sanibel,9.8,20.93,16.4,3.97,0
2020,S03,Hillsborough,S03-2020-P5,10,70,Sanibel,21.9,23.86,4.9,3.97,0
2020,S03,Hillsborough,S03-2020-P5,11,77,Sanibel,25.8,21.96,19.6,3.97,0
2020,S03,Hillsborough,S03-2020-P5,12,84,Sanibel,12.8,21.68,3.3,3.97,0
2020,S03,Hillsborough,S03-2020-P6,1,7,FL-8000,36.2,21.72,27.9,3.24,0
2020,S03,Hillsborough,S03-2020-P6,2,14,FL-8000,31.4,21.31,0.0,3.24,0
2020,S03,Hillsborough,S03-2020-P6,3,21,FL-8000,17.0,23.84,18.1,3.24,0
2020,S03,Hillsborough,S03-2020-P6,4,28,FL-8000,30.2,23.93,33.6,3.24,1
2020,S03,Hillsborough,S03-2020-P6,5,35,FL-8000,26.0,20.87,36.7,3.24,0
2020,S03,Hillsborough,S03-2020-P6,6,42,FL-8000,24.7,23.18,17.2,3.24,0
2020,S03,Hillsborough,S03-2020-P6,7,49,FL-8000,28.0,22.07,25.9,3.24,1
2020,S03,Hillsborough,S03-2020-P6,8,56,FL-8000,10.4,19.86,37.2,3.24,0
2020,S03,Hillsborough,S03-2020-P6,9,63,FL-8000,25.5,20.47,13.8,3.24,0
2020,S03,Hillsborough,S03-2020-P6,10,70,FL-8000,31.5,22.92,24.1,3.24,1
2020,S03,Hillsborough,S03-2020-P6,11,77,FL-8000,20.1,24.9,18.3,3.24,0
2020,S03,Hillsborough,S03-2020-P6,12,84,FL-8000,17.8,22.02,20.5,3.24,1
2020,S04,Hillsborough,S04-2020-P1,1,7,FL-8000,10.4,19.3,15.7,4.75,0
2020,S04,Hillsborough,S04-2020-P1,2,14,FL-8000,14.3,21.24,32.0,4.75,1
2020,S04,Hillsborough,S04-2020-P1,3,21,FL-8000,25.6,20.87,32.5,4.75,0
2020,S04,Hillsborough,S04-2020-P1,4,28,FL-8000,19.1,21.8,8.8,4.75,0
2020,S04,Hillsborough,S04-2020-P1,5,35,FL-8000,24.2,21.99,13.0,4.75,0
2020,S04,Hillsborough,S04-2020-P1,6,42,FL-8000,5.3,20.98,17.8,4.75,0
2020,S04,Hillsborough,S04-2020-P1,7,49,FL-8000,23.3,20.98,14.3,4.75,0
2020,S04,Hillsborough,S04-2020-P1,8,56,FL-8000,22.6,18.07,17.8,4.75,0
2020,S04,Hillsborough,S04-2020-P1,9,63,FL-8000,21.7,21.64,9.3,4.75,0
2020,S04,Hillsborough,S04-2020-P1,10,70,FL-8000,24.6,20.88,16.3,4.75,0
2020,S04,Hillsborough,S04-2020-P1,11,77,FL-8000,18.4,20.43,7.4,4.75,0
2020,S04,Hillsborough,S04-2020-P1,12,84,FL-8000,25.3,21.11,25.7,4.75,0
2020,S04,Hillsborough,S04-2020-P2,1,7,Sebring,18.6,24.92,32.7,3.07,0
2020,S04,Hillsborough,S04-2020-P2,2,14,Sebring,12.9,21.9,25.6,3.07,0
2020,S04,Hillsborough,S04-2020-P2,3,21,Sebring,9.1,22.46,20.4,3.07,0
2020,S04,Hillsborough,S04-2020-P2,4,28,Sebring,27.9,20.4,34.3,3.07,0
2020,S04,Hillsborough,S04-2020-P2,5,35,Sebring,17.8,21.2,38.4,3.07,0
2020,S04,Hillsborough,S04-2020-P2,6,42,Sebring,22.9,21.24,41.1,3.07,0
2020,S04,Hillsborough,S04-2020-P2,7,49,Sebring,18.7,22.79,27.5,3.07,0
2020,S04,Hillsborough,S04-2020-P2,8,56,Sebring,13.4,21.22,20.0,3.07,0
2020,S04,Hillsborough,S04-2020-P2,9,63,Sebring,30.1,23.25,26.0,3.07,1
2020,S04,Hillsborough,S04-2020-P2,10,70,Sebring,12.5,20.97,22.6,3.07,0
2020,S04,Hillsborough,S04-2020-P2,11,77,Sebring,16.4,21.99,18.7,3.07,0
2020,S04,Hillsborough,S04-2020-P2,12,84,Sebring,2.0,22.2,19.2,3.07,0
2020,S04,Hillsborough,S04-2020-P3,1,7,Sebring,17.0,21.81,19.7,2.98,0
2020,S04,Hillsborough,S04-2020-P3,2,14,Sebring,24.3,20.09,26.4,2.98,0
2020,S04,Hillsborough,S04-2020-P3,3,21,Sebring,2.2,23.33,22.4,2.98,0
2020,S04,Hillsborough,S04-2020-P3,4,28,Sebring,17.8,21.47,13.4,2.98,0
2020,S04,Hillsborough,S04-2020-P3,5,35,Sebring,8.4,20.82,21.9,2.98,0
2020,S04,Hillsborough,S04-2020-P3,6,42,Sebring,16.5,21.8,12.8,2.98,0
2020,S04,Hillsborough,S04-2020-P3,7,49,Sebring,11.8,21.28,10.7,2.98,0
2020,S04,Hillsborough,S04-2020-P3,8,56,Sebring,15.3,22.28,14.3,2.98,0
2020,S04,Hillsborough,S04-2020-P3,9,63,Sebring,26.3,19.2,12.9,2.98,0
2020,S04,Hillsborough,S04-2020-P3,10,70,Sebring,18.7,22.17,12.8,2.98,0
2020,S04,Hillsborough,S04-2020-P3,11,77,Sebring,14.9,21.56,21.4,2.98,0
2020,S04,Hillsborough,S04-2020-P3,12,84,Sebring,23.0,19.67,9.7,2.98,0
2020,S04,Hillsborough,S04-2020-P4,1,7,Sebring,20.1,22.61,24.4,3.03,0
2020,S04,Hillsborough,S04-2020-P4,2,14,Sebring,2.0,20.4,31.2,3.03,0
2020,S04,Hillsborough,S04-2020-P4,3,21,Sebring,17.3,19.81,38.5,3.03,0
2020,S04,Hillsborough,S04-2020-P4,4,28,Sebring,20.5,21.91,41.9,3.03,0
2020,S04,Hillsborough,S04-2020-P4,5,35,Sebring,13.1,22.27,23.3,3.03,0
2020,S04,Hillsborough,S04-2020-P4,6,42,Sebring,23.1,20.98,27.5,3.03,0
2020,S04,Hillsborough,S04-2020-P4,7,49,Sebring,20.7,23.89,31.0,3.03,0
2020,S04,Hillsborough,S04-2020-P4,8,56,Sebring,13.1,22.43,42.4,3.03,0
2020,S04,Hillsborough,S04-2020-P4,9,63,Sebring,4.2,19.57,37.7,3.03,0
2020,S04,Hillsborough,S04-2020-P4,10,70,Sebring,21.3,21.65,38.9,3.03,0
2020,S04,Hillsborough,S04-2020-P4,11,77,Sebring,6.1,17.56,38.7,3.03,0
2020,S04,Hillsborough,S04-2020-P4,12,84,Sebring,10.3,24.08,20.2,3.03,0
2020,S04,Hillsborough,S04-2020-P5,1,7,FL-8000,18.2,22.38,36.3,2.65,0
2020,S04,Hillsborough,S04-2020-P5,2,14,FL-8000,12.9,20.52,31.1,2.65,0
2020,S04,Hillsborough,S04-2020-P5,3,21,FL-8000,16.4,21.96,27.4,2.65,0
2020,S04,Hillsborough,S04-2020-P5,4,28,FL-8000,23.8,20.88,22.9,2.65,0
2020,S04,Hillsborough,S04-2020-P5,5,35,FL-8000,19.5,20.96,30.0,2.65,0
2020,S04,Hillsborough,S04-2020-P5,6,42,FL-8000,17.1,23.02,36.4,2.65,0
2020,S04,Hillsborough,S04-2020-P5,7,49,FL-8000,22.0,22.33,9.7,2.65,0
2020,S04,Hillsborough,S04-2020-P5,8,56,FL-8000,18.2,21.53,3.3,2.65,0
2020,S04,Hillsborough,S04-2020-P5,9,63,FL-8000,22.9,23.37,29.2,2.65,0
2020,S04,Hillsborough,S04-2020-P5,10,70,FL-8000,16.8,21.64,41.6,2.65,0
2020,S04,Hillsborough,S04-2020-P5,11,77,FL-8000,21.9,22.14,21.7,2.65,0
2020,S04,Hillsborough,S04-2020-P5,12,84,FL-8000,14.2,21.85,22.5,2.65,0
2020,S04,Hillsborough,S04-2020-P6,1,7,Sanibel,23.4,20.81,7.6,3.92,0
2020,S04,Hillsborough,S04-2020-P6,2,14,Sanibel,21.8,20.8,12.5,3.92,0
2020,S04,Hillsborough,S04-2020-P6,3,21,Sanibel,17.1,20.82,20.4,3.92,0
2020,S04,Hillsborough,S04-2020-P6,4,28,Sanibel,18.7,22.25,17.1,3.92,0
2020,S04,Hillsborough,S04-2020-P6,5,35,Sanibel,13.1,19.26,29.3,3.92,0
2020,S04,Hillsborough,S04-2020-P6,6,42,Sanibel,33.2,19.6,25.0,3.92,0
2020,S04,Hillsborough,S04-2020-P6,7,49,Sanibel,11.4,21.3,12.5,3.92,0
2020,S04,Hillsborough,S04-2020-P6,8,56,Sanibel,23.3,21.12,29.9,3.92,0
2020,S04,Hillsborough,S04-2020-P6,9,63,Sanibel,25.9,20.31,15.5,3.92,0
2020,S04,Hillsborough,S04-2020-P6,10,70,Sanibel,16.1,23.34,9.5,3.92,0
2020,S04,Hillsborough,S04-2020-P6,11,77,Sanibel,13.9,18.28,19.6,3.92,0
2020,S04,Hillsborough,S04-2020-P6,12,84,Sanibel,12.8,23.58,25.9,3.92,1
2020,S05,Collier,S05-2020-P1,1,7,FL-8000,24.7,20.82,24.3,3.21,0
2020,S05,Collier,S05-2020-P1,2,14,FL-8000,18.5,20.13,21.3,3.21,0
2020,S05,Collier,S05-2020-P1,3,21,FL-8000,34.2,19.05,24.0,3.21,0
2020,S05,Collier,S05-2020-P1,4,28,FL-8000,22.8,19.11,43.6,3.21,0
2020,S05,Collier,S05-2020-P1,5,35,FL-8000,23.8,17.66,37.8,3.21,0
2020,S05,Collier,S05-2020-P1,6,42,FL-8000,12.0,21.35,28.6,3.21,0
2020,S05,Collier,S05-2020-P1,7,49,FL-8000,27.3,20.41,15.2,3.21,0
2020,S05,Collier,S05-2020-P1,8,56,FL-8000,31.3,21.3,19.0,3.21,0
2020,S05,Collier,S05-2020-P1,9,63,FL-8000,30.0,20.78,15.8,3.21,0
2020,S05,Collier,S05-2020-P1,10,70,FL-8000,36.9,21.3,31.6,3.21,1
2020,S05,Collier,S05-2020-P1,11,77,FL-8000,20.3,21.04,30.2,3.21,0
2020,S05,Collier,S05-2020-P1,12,84,FL-8000,31.3,20.95,23.6,3.21,0
2020,S05,Collier,S05-2020-P2,1,7,FL-8000,17.5,22.92,41.0,1.56,0
2020,S05,Collier,S05-2020-P2,2,14,FL-8000,33.6,22.24,34.0,1.56,0
2020,S05,Collier,S05-2020-P2,3,21,FL-8000,14.6,24.13,47.2,1.56,0
2020,S05,Collier,S05-2020-P2,4,28,FL-8000,25.3,20.45,43.0,1.56,0
2020,S05,Collier,S05-2020-P2,5,35,FL-8000,27.8,17.59,50.4,1.56,0
2020,S05,Collier,S05-2020-P2,6,42,FL-8000,20.2,20.79,35.6,1.56,0
2020,S05,Collier,S05-2020-P2,7,49,FL-8000,38.6,21.96,54.5,1.56,0
2020,S05,Collier,S05-2020-P2,8,56,FL-8000,29.6,20.93,49.8,1.56,1
2020,S05,Collier,S05-2020-P2,9,63,FL-8000,16.7,18.16,31.9,1.56,0
2020,S05,Collier,S05-2020-P2,10,70,FL-8000,28.3,23.96,48.3,1.56,1
2020,S05,Collier,S05-2020-P2,11,77,FL-8000,23.6,20.46,50.8,1.56,1
2020,S05,Collier,S05-2020-P2,12,84,FL-8000,23.5,19.49,25.9,1.56,0
2020,S05,Collier,S05-2020-P3,1,7,FL-8000,21.5,22.97,30.5,3.36,0
2020,S05,Collier,S05-2020-P3,2,14,FL-8000,27.4,19.75,28.9,3.36,0
2020,S05,Collier,S05-2020-P3,3,21,FL-8000,13.0,19.9,29.9,3.36,0
2020,S05,Collier,S05-2020-P3,4,28,FL-8000,22.8,21.79,29.2,3.36,0
2020,S05,Collier,S05-2020-P3,5,35,FL-8000,28.1,21.24,27.9,3.36,1
2020,S05,Collier,S05-2020-P3,6,42,FL-8000,14.3,20.24,24.9,3.36,0
2020,S05,Collier,S05-2020-P3,7,49,FL-8000,23.4,20.69,43.3,3.36,0
2020,S05,Collier,S05-2020-P3,8,56,FL-8000,18.3,21.11,47.1,3.36,1
2020,S05,Collier,S05-2020-P3,9,63,FL-8000,23.2,22.95,37.1,3.36,0
2020,S05,Collier,S05-2020-P3,10,70,FL-8000,25.5,20.48,37.9,3.36,0
2020,S05,Collier,S05-2020-P3,11,77,FL-8000,9.5,21.06,39.8,3.36,1
2020,S05,Collier,S05-2020-P3,12,84,FL-8000,23.0,23.25,23.2,3.36,1
2020,S05,Collier,S05-2020-P4,1,7,Sanibel,26.6,21.43,26.4,2.02,0
2020,S05,Collier,S05-2020-P4,2,14,Sanibel,29.8,22.56,21.7,2.02,0
2020,S05,Collier,S05-2020-P4,3,21,Sanibel,29.3,21.67,20.4,2.02,0
2020,S05,Collier,S05-2020-P4,4,28,Sanibel,26.7,21.36,20.3,2.02,0
2020,S05,Collier,S05-2020-P4,5,35,Sanibel,19.5,23.2,22.0,2.02,0
2020,S05,Collier,S05-2020-P4,6,42,Sanibel,28.2,22.06,26.3,2.02,0
2020,S05,Collier,S05-2020-P4,7,49,Sanibel,32.6,22.3,27.3,2.02,0
2020,S05,Collier,S05-2020-P4,8,56,Sanibel,35.6,21.69,37.8,2.02,0
2020,S05,Collier,S05-2020-P4,9,63,Sanibel,32.7,23.21,25.2,2.02,0
2020,S05,Collier,S05-2020-P4,10,70,Sanibel,17.6,21.21,32.9,2.02,0
2020,S05,Collier,S05-2020-P4,11,77,Sanibel,32.2,22.51,9.3,2.02,0
2020,S05,Collier,S05-2020-P4,12,84,Sanibel,35.3,22.28,13.3,2.02,0
2020,S05,Collier,S05-2020-P5,1,7,FL-8000,21.2,21.51,10.9,3.3,1
2020,S05,Collier,S05-2020-P5,2,14,FL-8000,18.4,22.61,2.3,3.3,1
2020,S05,Collier,S05-2020-P5,3,21,FL-8000,23.4,22.88,14.9,3.3,0
2020,S05,Collier,S05-2020-P5,4,28,FL-8000,14.2,23.51,13.8,3.3,0
2020,S05,Collier,S05-2020-P5,5,35,FL-8000,32.9,21.84,17.4,3.3,0
2020,S05,Collier,S05-2020-P5,6,42,FL-8000,23.4,20.8,24.4,3.3,1
2020,S05,Collier,S05-2020-P5,7,49,FL-8000,23.8,23.32,4.0,3.3,0
2020,S05,Collier,S05-2020-P5,8,56,FL-8000,24.1,22.87,20.6,3.3,0
2020,S05,Collier,S05-2020-P5,9,63,FL-8000,29.3,21.05,15.2,3.3,0
2020,S05,Collier,S05-2020-P5,10,70,FL-8000,30.2,23.93,13.0,3.3,0
2020,S05,Collier,S05-2020-P5,11,77,FL-8000,21.1,20.65,8.7,3.3,0
2020,S05,Collier,S05-2020-P5,12,84,FL-8000,21.8,21.2,0.6,3.3,1
2020,S05,Collier,S05-2020-P6,1,7,Sanibel,21.8,22.47,34.6,2.88,0
2020,S05,Collier,S05-2020-P6,2,14,Sanibel,39.1,23.95,34.8,2.88,0
2020,S05,Collier,S05-2020-P6,3,21,Sanibel,14.5,20.5,35.3,2.88,0
2020,S05,Collier,S05-2020-P6,4,28,Sanibel,15.1,23.61,40.3,2.88,0
2020,S05,Collier,S05-2020-P6,5,35,Sanibel,22.4,22.9,44.0,2.88,0
2020,S05,Collier,S05-2020-P6,6,42,Sanibel,18.5,23.12,44.8,2.88,0
2020,S05,Collier,S05-2020-P6,7,49,Sanibel,31.3,23.13,40.0,2.88,0
2020,S05,Collier,S05-2020-P6,8,56,Sanibel,26.5,23.24,39.6,2.88,0
2020,S05,Collier,S05-2020-P6,9,63,Sanibel,31.1,22.96,32.9,2.88,0
2020,S05,Collier,S05-2020-P6,10,70,Sanibel,34.2,23.51,28.1,2.88,0
2020,S05,Collier,S05-2020-P6,11,77,Sanibel,25.6,22.41,53.6,2.88,0
2020,S05,Collier,S05-2020-P6,12,84,Sanibel,36.0,23.54,40.0,2.88,1
2020,S06,Collier,S06-2020-P1,1,7,Sanibel,16.1,23.09,20.1,2.88,0
2020,S06,Collier,S06-2020-P1,2,14,Sanibel,17.3,20.28,0.0,2.88,0
2020,S06,Collier,S06-2020-P1,3,21,Sanibel,18.0,21.15,9.3,2.88,0
2020,S06,Collier,S06-2020-P1,4,28,Sanibel,19.0,22.83,7.7,2.88,0
2020,S06,Collier,S06-2020-P1,5,35,Sanibel,21.1,22.06,0.0,2.88,0
2020,S06,Collier,S06-2020-P1,6,42,Sanibel,10.6,22.37,22.7,2.88,0
2020,S06,Collier,S06-2020-P1,7,49,Sanibel,19.3,17.62,15.4,2.88,0
2020,S06,Collier,S06-2020-P1,8,56,Sanibel,11.2,20.83,14.4,2.88,0
2020,S06,Collier,S06-2020-P1,9,63,Sanibel,24.6,20.37,0.0,2.88,0
2020,S06,Collier,S06-2020-P1,10,70,Sanibel,15.0,18.82,8.8,2.88,0
2020,S06,Collier,S06-2020-P1,11,77,Sanibel,10.2,23.12,16.8,2.88,0
2020,S06,Collier,S06-2020-P1,12,84,Sanibel,9.2,22.08,5.7,2.88,0
2020,S06,Collier,S06-2020-P2,1,7,Sanibel,19.3,20.82,2.5,2.82,0
2020,S06,Collier,S06-2020-P2,2,14,Sanibel,3.9,20.22,0.0,2.82,0
2020,S06,Collier,S06-2020-P2,3,21,Sanibel,19.6,21.87,4.8,2.82,0
2020,S06,Collier,S06-2020-P2,4,28,Sanibel,26.0,21.4,8.8,2.82,0
2020,S06,Collier,S06-2020-P2,5,35,Sanibel,10.0,21.19,0.0,2.82,0
2020,S06,Collier,S06-2020-P2,6,42,Sanibel,27.1,21.84,3.0,2.82,0
2020,S06,Collier,S06-2020-P2,7,49,Sanibel,14.1,22.32,10.8,2.82,0
2020,S06,Collier,S06-2020-P2,8,56,Sanibel,21.1,23.65,0.0,2.82,0
2020,S06,Collier,S06-2020-P2,9,63,Sanibel,20.7,20.0,0.0,2.82,0
2020,S06,Collier,S06-2020-P2,10,70,Sanibel,10.1,22.2,10.0,2.82,0
2020,S06,Collier,S06-2020-P2,11,77,Sanibel,7.4,21.32,0.0,2.82,0
2020,S06,Collier,S06-2020-P2,12,84,Sanibel,19.1,18.31,2.7,2.82,0
2020,S06,Collier,S06-2020-P3,1,7,Tygress,12.3,22.01,23.0,3.96,0
2020,S06,Collier,S06-2020-P3,2,14,Tygress,20.5,23.49,9.9,3.96,1
2020,S06,Collier,S06-2020-P3,3,21,Tygress,18.3,20.95,14.8,3.96,0
2020,S06,Collier,S06-2020-P3,4,28,Tygress,22.0,20.94,6.9,3.96,0
2020,S06,Collier,S06-2020-P3,5,35,Tygress,15.9,22.34,3.1,3.96,0
2020,S06,Collier,S06-2020-P3,6,42,Tygress,13.6,22.54,22.9,3.96,1
2020,S06,Collier,S06-2020-P3,7,49,Tygress,12.5,19.98,24.9,3.96,0
2020,S06,Collier,S06-2020-P3,8,56,Tygress,12.6,20.67,24.4,3.96,0
2020,S06,Collier,S06-2020-P3,9,63,Tygress,17.1,21.1,30.4,3.96,0
2020,S06,Collier,S06-2020-P3,10,70,Tygress,23.8,21.92,18.2,3.96,0
2020,S06,Collier,S06-2020-P3,11,77,Tygress,18.1,18.91,28.4,3.96,1
2020,S06,Collier,S06-2020-P3,12,84,Tygress,18.3,20.84,16.9,3.96,0
2020,S06,Collier,S06-2020-P4,1,7,FL-8000,26.5,20.42,7.7,3.38,0
2020,S06,Collier,S06-2020-P4,2,14,FL-8000,17.8,17.55,16.2,3.38,0
2020,S06,Collier,S06-2020-P4,3,21,FL-8000,23.4,18.11,15.8,3.38,0
2020,S06,Collier,S06-2020-P4,4,28,FL-8000,23.8,19.68,19.3,3.38,0
2020,S06,Collier,S06-2020-P4,5,35,FL-8000,23.8,19.55,21.0,3.38,0
2020,S06,Collier,S06-2020-P4,6,42,FL-8000,18.8,18.09,31.1,3.38,1
2020,S06,Collier,S06-2020-P4,7,49,FL-8000,9.6,20.98,24.0,3.38,0
2020,S06,Collier,S06-2020-P4,8,56,FL-8000,18.6,20.07,14.5,3.38,0
2020,S06,Collier,S06-2020-P4,9,63,FL-8000,14.2,20.32,17.2,3.38,0
2020,S06,Collier,S06-2020-P4,10,70,FL-8000,24.7,18.86,21.5,3.38,0
2020,S06,Collier,S06-2020-P4,11,77,FL-8000,21.9,20.34,10.2,3.38,0
2020,S06,Collier,S06-2020-P4,12,84,FL-8000,20.5,17.99,32.5,3.38,0
2020,S06,Collier,S06-2020-P5,1,7,FL-8000,21.9,23.04,25.0,3.01,0
2020,S06,Collier,S06-2020-P5,2,14,FL-8000,25.0,24.29,23.5,3.01,0
2020,S06,Collier,S06-2020-P5,3,21,FL-8000,13.0,22.61,23.9,3.01,0
2020,S06,Collier,S06-2020-P5,4,28,FL-8000,11.7,22.48,11.7,3.01,0
2020,S06,Collier,S06-2020-P5,5,35,FL-8000,9.1,22.11,34.6,3.01,0
2020,S06,Collier,S06-2020-P5,6,42,FL-8000,18.4,21.05,34.4,3.01,0
2020,S06,Collier,S06-2020-P5,7,49,FL-8000,16.5,21.93,36.4,3.01,0
2020,S06,Collier,S06-2020-P5,8,56,FL-8000,19.6,23.61,9.6,3.01,0
2020,S06,Collier,S06-2020-P5,9,63,FL-8000,15.3,20.41,17.3,3.01,0
2020,S06,Collier,S06-2020-P5,10,70,FL-8000,14.3,20.91,29.7,3.01,0
2020,S06,Collier,S06-2020-P5,11,77,FL-8000,14.8,22.05,21.8,3.01,0
2020,S06,Collier,S06-2020-P5,12,84,FL-8000,22.7,23.18,21.7,3.01,0
2020,S06,Collier,S06-2020-P6,1,7,Sebring,27.4,19.25,26.3,3.16,0
2020,S06,Collier,S06-2020-P6,2,14,Sebring,18.7,18.84,14.0,3.16,0
2020,S06,Collier,S06-2020-P6,3,21,Sebring,15.7,23.59,46.0,3.16,0
2020,S06,Collier,S06-2020-P6,4,28,Sebring,6.9,22.08,12.8,3.16,0
2020,S06,Collier,S06-2020-P6,5,35,Sebring,24.8,19.29,21.3,3.16,0
2020,S06,Collier,S06-2020-P6,6,42,Sebring,28.2,21.86,45.6,3.16,0
2020,S06,Collier,S06-2020-P6,7,49,Sebring,12.8,18.87,24.2,3.16,1
2020,S06,Collier,S06-2020-P6,8,56,Sebring,14.0,20.81,32.2,3.16,0
2020,S06,Collier,S06-2020-P6,9,63,Sebring,27.1,22.38,25.3,3.16,0
2020,S06,Collier,S06-2020-P6,10,70,Sebring,16.9,21.38,29.6,3.16,0
2020,S06,Collier,S06-2020-P6,11,77,Sebring,17.4,22.46,32.0,3.16,0
2020,S06,Collier,S06-2020-P6,12,84,Sebring,13.1,22.6,32.1,3.16,0
2020,S07,Miami-Dade,S07-2020-P1,1,7,HM-1823,18.6,23.04,14.7,1.41,0
2020,S07,Miami-Dade,S07-2020-P1,2,14,HM-1823,24.0,22.45,11.3,1.41,0
2020,S07,Miami-Dade,S07-2020-P1,3,21,HM-1823,20.6,23.36,13.4,1.41,0
2020,S07,Miami-Dade,S07-2020-P1,4,28,HM-1823,30.6,20.64,19.1,1.41,0
2020,S07,Miami-Dade,S07-2020-P1,5,35,HM-1823,28.0,25.27,18.0,1.41,0
2020,S07,Miami-Dade,S07-2020-P1,6,42,HM-1823,19.5,22.21,19.9,1.41,0
2020,S07,Miami-Dade,S07-2020-P1,7,49,HM-1823,23.6,21.25,12.2,1.41,0
2020,S07,Miami-Dade,S07-2020-P1,8,56,HM-1823,14.0,19.83,20.3,1.41,0
2020,S07,Miami-Dade,S07-2020-P1,9,63,HM-1823,24.4,20.58,24.5,1.41,0
2020,S07,Miami-Dade,S07-2020-P1,10,70,HM-1823,29.5,22.72,10.4,1.41,0
2020,S07,Miami-Dade,S07-2020-P1,11,77,HM-1823,22.2,21.96,12.6,1.41,0
2020,S07,Miami-Dade,S07-2020-P1,12,84,HM-1823,30.4,22.69,11.4,1.41,0
2020,S07,Miami-Dade,S07-2020-P2,1,7,FL-8000,25.1,21.92,20.7,5.19,0
2020,S07,Miami-Dade,S07-2020-P2,2,14,FL-8000,28.0,21.38,27.3,5.19,1
2020,S07,Miami-Dade,S07-2020-P2,3,21,FL-8000,21.3,20.17,36.2,5.19,0
2020,S07,Miami-Dade,S07-2020-P2,4,28,FL-8000,19.4,21.39,13.6,5.19,1
2020,S07,Miami-Dade,S07-2020-P2,5,35,FL-8000,21.9,23.21,10.6,5.19,1
2020,S07,Miami-Dade,S07-2020-P2,6,42,FL-8000,18.3,23.95,30.6,5.19,0
2020,S07,Miami-Dade,S07-2020-P2,7,49,FL-8000,19.0,23.21,22.9,5.19,1
2020,S07,Miami-Dade,S07-2020-P2,8,56,FL-8000,20.9,20.93,26.8,5.19,0
2020,S07,Miami-Dade,S07-2020-P2,9,63,FL-8000,16.6,21.34,10.1,5.19,0
2020,S07,Miami-Dade,S07-2020-P2,10,70,FL-8000,20.1,22.3,17.4,5.19,1
2020,S07,Miami-Dade,S07-2020-P2,11,77,FL-8000,16.8,20.65,16.7,5.19,1
2020,S07,Miami-Dade,S07-2020-P2,12,84,FL-8000,18.8,20.88,14.6,5.19,1
2020,S07,Miami-Dade,S07-2020-P3,1,7,Tygress,13.7,23.33,0.0,2.94,0
2020,S07,Miami-Dade,S07-2020-P3,2,14,Tygress,19.4,21.48,0.0,2.94,0
2020,S07,Miami-Dade,S07-2020-P3,3,21,Tygress,29.5,22.52,0.0,2.94,0
2020,S07,Miami-Dade,S07-2020-P3,4,28,Tygress,23.9,21.72,2.3,2.94,0
2020,S07,Miami-Dade,S07-2020-P3,5,35,Tygress,11.6,20.93,8.5,2.94,0
2020,S07,Miami-Dade,S07-2020-P3,6,42,Tygress,33.6,21.96,0.5,2.94,0
2020,S07,Miami-Dade,S07-2020-P3,7,49,Tygress,13.4,22.21,10.7,2.94,0
2020,S07,Miami-Dade,S07-2020-P3,8,56,Tygress,18.4,20.31,8.6,2.94,0
2020,S07,Miami-Dade,S07-2020-P3,9,63,Tygress,23.3,20.13,0.0,2.94,0
2020,S07,Miami-Dade,S07-2020-P3,10,70,Tygress,20.6,20.82,21.2,2.94,0
2020,S07,Miami-Dade,S07-2020-P3,11,77,Tygress,15.9,21.26,13.6,2.94,0
2020,S07,Miami-Dade,S07-2020-P3,12,84,Tygress,26.5,20.82,0.7,2.94,0
2020,S07,Miami-Dade,S07-2020-P4,1,7,Sanibel,18.3,20.97,34.3,2.97,0
2020,S07,Miami-Dade,S07-2020-P4,2,14,Sanibel,16.3,22.7,21.2,2.97,0
2020,S07,Miami-Dade,S07-2020-P4,3,21,Sanibel,26.8,20.78,15.4,2.97,0
2020,S07,Miami-Dade,S07-2020-P4,4,28,Sanibel,19.5,22.81,28.4,2.97,0
2020,S07,Miami-Dade,S07-2020-P4,5,35,Sanibel,20.0,18.55,28.3,2.97,0
2020,S07,Miami-Dade,S07-2020-P4,6,42,Sanibel,11.2,20.61,34.0,2.97,0
2020,S07,Miami-Dade,S07-2020-P4,7,49,Sanibel,8.0,21.04,10.3,2.97,0
2020,S07,Miami-Dade,S07-2020-P4,8,56,Sanibel,22.4,20.69,37.5,2.97,0
2020,S07,Miami-Dade,S07-2020-P4,9,63,Sanibel,16.2,22.3,15.7,2.97,0
2020,S07,Miami-Dade,S07-2020-P4,10,70,Sanibel,26.5,20.07,11.5,2.97,0
2020,S07,Miami-Dade,S07-2020-P4,11,77,Sanibel,22.1,17.99,22.0,2.97,0
2020,S07,Miami-Dade,S07-2020-P4,12,84,Sanibel,11.1,16.97,10.0,2.97,0
2020,S07,Miami-Dade,S07-2020-P5,1,7,Sebring,25.8,21.76,24.2,5.56,0
2020,S07,Miami-Dade,S07-2020-P5,2,14,Sebring,14.1,20.68,24.8,5.56,0
2020,S07,Miami-Dade,S07-2020-P5,3,21,Sebring,28.6,22.68,21.6,5.56,0
2020,S07,Miami-Dade,S07-2020-P5,4,28,Sebring,23.4,21.73,32.5,5.56,0
2020,S07,Miami-Dade,S07-2020-P5,5,35,Sebring,30.7,20.36,29.2,5.56,0
2020,S07,Miami-Dade,S07-2020-P5,6,42,Sebring,19.1,22.16,43.9,5.56,0
2020,S07,Miami-Dade,S07-2020-P5,7,49,Sebring,21.7,22.19,22.9,5.56,0
2020,S07,Miami-Dade,S07-2020-P5,8,56,Sebring,24.3,21.5,33.2,5.56,0
2020,S07,Miami-Dade,S07-2020-P5,9,63,Sebring,16.0,21.23,42.3,5.56,1
2020,S07,Miami-Dade,S07-2020-P5,10,70,Sebring,25.7,21.08,15.0,5.56,0
2020,S07,Miami-Dade,S07-2020-P5,11,77,Sebring,29.6,21.16,33.1,5.56,1
2020,S07,Miami-Dade,S07-2020-P5,12,84,Sebring,12.7,22.25,34.1,5.56,0
2020,S07,Miami-Dade,S07-2020-P6,1,7,Tygress,26.1,19.22,41.6,3.27,0
2020,S07,Miami-Dade,S07-2020-P6,2,14,Tygress,18.3,19.09,25.0,3.27,0
2020,S07,Miami-Dade,S07-2020-P6,3,21,Tygress,20.7,20.95,32.6,3.27,0
2020,S07,Miami-Dade,S07-2020-P6,4,28,Tygress,12.1,21.01,30.7,3.27,0
2020,S07,Miami-Dade,S07-2020-P6,5,35,Tygress,25.3,20.42,37.6,3.27,0
2020,S07,Miami-Dade,S07-2020-P6,6,42,Tygress,19.9,19.63,22.4,3.27,0
2020,S07,Miami-Dade,S07-2020-P6,7,49,Tygress,22.9,22.03,24.1,3.27,0
2020,S07,Miami-Dade,S07-2020-P6,8,56,Tygress,10.4,22.4,27.2,3.27,0
2020,S07,Miami-Dade,S07-2020-P6,9,63,Tygress,24.4,20.17,15.3,3.27,0
2020,S07,Miami-Dade,S07-2020-P6,10,70,Tygress,13.5,20.72,1.9,3.27,0
2020,S07,Miami-Dade,S07-2020-P6,11,77,Tygress,8.7,23.26,21.0,3.27,0
2020,S07,Miami-Dade,S07-2020-P6,12,84,Tygress,13.7,16.64,17.2,3.27,0
2020,S08,Miami-Dade,S08-2020-P1,1,7,Tygress,20.0,22.33,28.1,3.03,0
2020,S08,Miami-Dade,S08-2020-P1,2,14,Tygress,35.3,23.68,31.6,3.03,0
2020,S08,Miami-Dade,S08-2020-P1,3,21,Tygress,34.7,22.79,3.1,3.03,0
2020,S08,Miami-Dade,S08-2020-P1,4,28,Tygress,27.4,23.19,29.9,3.03,0
2020,S08,Miami-Dade,S08-2020-P1,5,35,Tygress,24.4,21.49,25.1,3.03,0
2020,S08,Miami-Dade,S08-2020-P1,6,42,Tygress,24.1,23.47,16.5,3.03,0
2020,S08,Miami-Dade,S08-2020-P1,7,49,Tygress,10.3,21.03,19.8,3.03,0
2020,S08,Miami-Dade,S08-2020-P1,8,56,Tygress,17.0,21.63,34.0,3.03,0
2020,S08,Miami-Dade,S08-2020-P1,9,63,Tygress,34.4,23.64,33.4,3.03,0
2020,S08,Miami-Dade,S08-2020-P1,10,70,Tygress,16.5,19.93,33.3,3.03,0
2020,S08,Miami-Dade,S08-2020-P1,11,77,Tygress,23.1,22.66,37.5,3.03,0
2020,S08,Miami-Dade,S08-2020-P1,12,84,Tygress,26.6,21.04,40.5,3.03,0
2020,S08,Miami-Dade,S08-2020-P2,1,7,Tygress,26.5,22.85,0.1,3.32,0
2020,S08,Miami-Dade,S08-2020-P2,2,14,Tygress,23.0,19.65,18.5,3.32,0
2020,S08,Miami-Dade,S08-2020-P2,3,21,Tygress,17.9,21.48,26.0,3.32,0
2020,S08,Miami-Dade,S08-2020-P2,4,28,Tygress,21.7,21.31,10.4,3.32,0
2020,S08,Miami-Dade,S08-2020-P2,5,35,Tygress,31.8,24.65,15.1,3.32,0
2020,S08,Miami-Dade,S08-2020-P2,6,42,Tygress,13.2,20.93,6.3,3.32,0
2020,S08,Miami-Dade,S08-2020-P2,7,49,Tygress,25.5,22.37,9.8,3.32,0
2020,S08,Miami-Dade,S08-2020-P2,8,56,Tygress,20.3,20.16,6.7,3.32,0
2020,S08,Miami-Dade,S08-2020-P2,9,63,Tygress,23.8,20.84,12.8,3.32,0
2020,S08,Miami-Dade,S08-2020-P2,10,70,Tygress,21.9,23.13,9.3,3.32,0
2020,S08,Miami-Dade,S08-2020-P2,11,77,Tygress,33.5,21.17,19.9,3.32,1
2020,S08,Miami-Dade,S08-2020-P2,12,84,Tygress,25.5,21.31,7.6,3.32,1
2020,S08,Miami-Dade,S08-2020-P3,1,7,FL-8000,20.3,19.89,15.6,1.61,0
2020,S08,Miami-Dade,S08-2020-P3,2,14,FL-8000,14.2,19.74,18.8,1.61,0
2020,S08,Miami-Dade,S08-2020-P3,3,21,FL-8000,25.4,21.72,17.9,1.61,0
2020,S08,Miami-Dade,S08-2020-P3,4,28,FL-8000,20.9,22.64,40.4,1.61,0
2020,S08,Miami-Dade,S08-2020-P3,5,35,FL-8000,15.5,24.11,21.7,1.61,0
2020,S08,Miami-Dade,S08-2020-P3,6,42,FL-8000,30.8,21.78,18.9,1.61,0
2020,S08,Miami-Dade,S08-2020-P3,7,49,FL-8000,26.3,20.25,24.8,1.61,0
2020,S08,Miami-Dade,S08-2020-P3,8,56,FL-8000,13.5,18.26,12.4,1.61,0
2020,S08,Miami-Dade,S08-2020-P3,9,63,FL-8000,18.5,20.71,16.1,1.61,0
2020,S08,Miami-Dade,S08-2020-P3,10,70,FL-8000,23.1,21.04,3.5,1.61,0
2020,S08,Miami-Dade,S08-2020-P3,11,77,FL-8000,26.3,20.18,10.8,1.61,0
2020,S08,Miami-Dade,S08-2020-P3,12,84,FL-8000,29.7,19.11,11.1,1.61,0
2020,S08,Miami-Dade,S08-2020-P4,1,7,Tygress,20.1,24.51,18.0,2.06,0
2020,S08,Miami-Dade,S08-2020-P4,2,14,Tygress,25.6,21.48,8.3,2.06,0
2020,S08,Miami-Dade,S08-2020-P4,3,21,Tygress,21.7,22.19,27.9,2.06,0
2020,S08,Miami-Dade,S08-2020-P4,4,28,Tygress,29.2,20.28,27.9,2.06,0
2020,S08,Miami-Dade,S08-2020-P4,5,35,Tygress,19.3,21.35,35.0,2.06,0
2020,S08,Miami-Dade,S08-2020-P4,6,42,Tygress,21.8,21.88,26.7,2.06,0
2020,S08,Miami-Dade,S08-2020-P4,7,49,Tygress,21.8,21.03,33.9,2.06,0
2020,S08,Miami-Dade,S08-2020-P4,8,56,Tygress,27.5,21.18,31.1,2.06,0
2020,S08,Miami-Dade,S08-2020-P4,9,63,Tygress,20.0,23.85,26.3,2.06,0
2020,S08,Miami-Dade,S08-2020-P4,10,70,Tygress,18.3,21.43,26.9,2.06,0
2020,S08,Miami-Dade,S08-2020-P4,11,77,Tygress,24.7,21.15,27.4,2.06,0
2020,S08,Miami-Dade,S08-2020-P4,12,84,Tygress,29.8,22.43,27.5,2.06,0
2020,S08,Miami-Dade,S08-2020-P5,1,7,HM-1823,26.2,22.31,34.8,2.49,0
2020,S08,Miami-Dade,S08-2020-P5,2,14,HM-1823,30.0,21.35,15.7,2.49,0
2020,S08,Miami-Dade,S08-2020-P5,3,21,HM-1823,29.8,20.91,34.6,2.49,0
2020,S08,Miami-Dade,S08-2020-P5,4,28,HM-1823,25.9,20.89,54.0,2.49,0
2020,S08,Miami-Dade,S08-2020-P5,5,35,HM-1823,30.4,20.39,19.5,2.49,1
2020,S08,Miami-Dade,S08-2020-P5,6,42,HM-1823,28.3,21.51,22.9,2.49,1
2020,S08,Miami-Dade,S08-2020-P5,7,49,HM-1823,23.7,21.44,23.4,2.49,0
2020,S08,Miami-Dade,S08-2020-P5,8,56,HM-1823,28.6,20.49,37.9,2.49,0
2020,S08,Miami-Dade,S08-2020-P5,9,63,HM-1823,27.0,19.99,31.1,2.49,0
2020,S08,Miami-Dade,S08-2020-P5,10,70,HM-1823,27.0,19.04,32.6,2.49,0
2020,S08,Miami-Dade,S08-2020-P5,11,77,HM-1823,28.3,22.54,24.5,2.49,1
2020,S08,Miami-Dade,S08-2020-P5,12,84,HM-1823,24.6,20.13,28.1,2.49,1
2020,S08,Miami-Dade,S08-2020-P6,1,7,Sanibel,32.8,23.28,20.5,2.85,0
2020,S08,Miami-Dade,S08-2020-P6,2,14,Sanibel,17.9,22.02,25.1,2.85,0
2020,S08,Miami-Dade,S08-2020-P6,3,21,Sanibel,32.0,21.28,37.9,2.85,0
2020,S08,Miami-Dade,S08-2020-P6,4,28,Sanibel,19.8,20.3,35.9,2.85,0
2020,S08,Miami-Dade,S08-2020-P6,5,35,Sanibel,26.3,22.84,23.0,2.85,0
2020,S08,Miami-Dade,S08-2020-P6,6,42,Sanibel,31.3,21.11,19.0,2.85,0
2020,S08,Miami-Dade,S08-2020-P6,7,49,Sanibel,37.8,21.09,47.1,2.85,0
2020,S08,Miami-Dade,S08-2020-P6,8,56,Sanibel,22.9,21.23,25.5,2.85,0
2020,S08,Miami-Dade,S08-2020-P6,9,63,Sanibel,30.9,20.85,30.0,2.85,0
2020,S08,Miami-Dade,S08-2020-P6,10,70,Sanibel,20.4,22.42,24.2,2.85,0
2020,S08,Miami-Dade,S08-2020-P6,11,77,Sanibel,27.2,22.12,31.5,2.85,0
2020,S08,Miami-Dade,S08-2020-P6,12,84,Sanibel,24.0,21.53,16.0,2.85,0
2021,S01,Manatee,S01-2021-P1,1,7,Sanibel,21.6,20.11,20.9,1.88,0
2021,S01,Manatee,S01-2021-P1,2,14,Sanibel,43.9,16.77,21.6,1.88,0
2021,S01,Manatee,S01-2021-P1,3,21,Sanibel,23.4,18.95,30.9,1.88,0
2021,S01,Manatee,S01-2021-P1,4,28,Sanibel,39.8,19.22,22.4,1.88,0
2021,S01,Manatee,S01-2021-P1,5,35,Sanibel,31.2,20.17,23.7,1.88,1
2021,S01,Manatee,S01-2021-P1,6,42,Sanibel,33.3,20.86,31.1,1.88,1
2021,S01,Manatee,S01-2021-P1,7,49,Sanibel,25.4,17.23,24.4,1.88,0
2021,S01,Manatee,S01-2021-P1,8,56,Sanibel,21.1,18.79,21.5,1.88,0
2021,S01,Manatee,S01-2021-P1,9,63,Sanibel,28.8,19.44,44.6,1.88,0
2021,S01,Manatee,S01-2021-P1,10,70,Sanibel,41.5,18.05,32.2,1.88,0
2021,S01,Manatee,S01-2021-P1,11,77,Sanibel,22.9,18.07,34.3,1.88,1
2021,S01,Manatee,S01-2021-P1,12,84,Sanibel,16.3,18.98,22.1,1.88,0
2021,S01,Manatee,S01-2021-P2,1,7,Sanibel,21.4,20.6,51.3,2.44,0
2021,S01,Manatee,S01-2021-P2,2,14,Sanibel,31.0,20.89,53.5,2.44,1
2021,S01,Manatee,S01-2021-P2,3,21,Sanibel,27.2,18.3,42.8,2.44,0
2021,S01,Manatee,S01-2021-P2,4,28,Sanibel,38.7,19.77,47.6,2.44,0
2021,S01,Manatee,S01-2021-P2,5,35,Sanibel,36.5,22.21,43.9,2.44,0
2021,S01,Manatee,S01-2021-P2,6,42,Sanibel,25.9,20.75,36.7,2.44,1
2021,S01,Manatee,S01-2021-P2,7,49,Sanibel,29.2,19.93,53.3,2.44,0
2021,S01,Manatee,S01-2021-P2,8,56,Sanibel,23.1,20.17,69.7,2.44,0
2021,S01,Manatee,S01-2021-P2,9,63,Sanibel,31.7,17.53,66.1,2.44,0
2021,S01,Manatee,S01-2021-P2,10,70,Sanibel,23.7,16.79,46.8,2.44,0
2021,S01,Manatee,S01-2021-P2,11,77,Sanibel,32.6,18.14,56.2,2.44,0
2021,S01,Manatee,S01-2021-P2,12,84,Sanibel,20.5,17.47,46.0,2.44,0
2021,S01,Manatee,S01-2021-P3,1,7,HM-1823,24.6,21.66,38.6,2.69,0
2021,S01,Manatee,S01-2021-P3,2,14,HM-1823,22.9,20.44,34.9,2.69,0
2021,S01,Manatee,S01-2021-P3,3,21,HM-1823,32.7,19.62,15.7,2.69,0
2021,S01,Manatee,S01-2021-P3,4,28,HM-1823,19.6,18.12,19.9,2.69,0
2021,S01,Manatee,S01-2021-P3,5,35,HM-1823,28.0,17.96,22.9,2.69,0
2021,S01,Manatee,S01-2021-P3,6,42,HM-1823,36.7,20.71,16.6,2.69,0
2021,S01,Manatee,S01-2021-P3,7,49,HM-1823,18.2,17.9,39.5,2.69,0
2021,S01,Manatee,S01-2021-P3,8,56,HM-1823,32.5,19.65,42.4,2.69,0
2021,S01,Manatee,S01-2021-P3,9,63,HM-1823,22.2,20.22,8.4,2.69,0
2021,S01,Manatee,S01-2021-P3,10,70,HM-1823,21.0,19.12,19.6,2.69,0
2021,S01,Manatee,S01-2021-P3,11,77,HM-1823,23.0,18.83,28.7,2.69,0
2021,S01,Manatee,S01-2021-P3,12,84,HM-1823,34.1,19.16,28.4,2.69,1
2021,S01,Manatee,S01-2021-P4,1,7,Sanibel,20.6,20.8,18.9,4.48,0
2021,S01,Manatee,S01-2021-P4,2,14,Sanibel,33.0,17.99,22.2,4.48,0
2021,S01,Manatee,S01-2021-P4,3,21,Sanibel,23.9,20.97,23.7,4.48,0
2021,S01,Manatee,S01-2021-P4,4,28,Sanibel,26.1,19.99,15.0,4.48,0
2021,S01,Manatee,S01-2021-P4,5,35,Sanibel,24.4,20.02,38.7,4.48,0
2021,S01,Manatee,S01-2021-P4,6,42,Sanibel,35.2,19.33,22.2,4.48,0
2021,S01,Manatee,S01-2021-P4,7,49,Sanibel,21.1,20.79,17.1,4.48,0
2021,S01,Manatee,S01-2021-P4,8,56,Sanibel,25.3,22.16,22.0,4.48,1
2021,S01,Manatee,S01-2021-P4,9,63,Sanibel,24.3,18.29,17.1,4.48,1
2021,S01,Manatee,S01-2021-P4,10,70,Sanibel,27.0,21.72,18.8,4.48,0
2021,S01,Manatee,S01-2021-P4,11,77,Sanibel,25.2,18.34,24.0,4.48,0
2021,S01,Manatee,S01-2021-P4,12,84,Sanibel,41.2,17.77,20.2,4.48,0
2021,S01,Manatee,S01-2021-P5,1,7,HM-1823,21.8,19.92,36.4,2.74,0
2021,S01,Manatee,S01-2021-P5,2,14,HM-1823,27.4,18.43,29.7,2.74,0
2021,S01,Manatee,S01-2021-P5,3,21,HM-1823,25.2,18.82,15.3,2.74,0
2021,S01,Manatee,S01-2021-P5,4,28,HM-1823,18.0,17.09,26.0,2.74,0
2021,S01,Manatee,S01-2021-P5,5,35,HM-1823,22.1,19.61,23.2,2.74,0
2021,S01,Manatee,S01-2021-P5,6,42,HM-1823,29.4,20.8,18.5,2.74,0
2021,S01,Manatee,S01-2021-P5,7,49,HM-1823,28.1,19.58,30.0,2.74,0
2021,S01,Manatee,S01-2021-P5,8,56,HM-1823,33.9,17.54,31.3,2.74,0
2021,S01,Manatee,S01-2021-P5,9,63,HM-1823,18.7,16.97,24.5,2.74,0
2021,S01,Manatee,S01-2021-P5,10,70,HM-1823,38.2,19.13,41.4,2.74,0
2021,S01,Manatee,S01-2021-P5,11,77,HM-1823,23.9,19.56,28.8,2.74,0
2021,S01,Manatee,S01-2021-P5,12,84,HM-1823,28.5,18.56,29.6,2.74,1
2021,S01,Manatee,S01-2021-P6,1,7,FL-8000,23.8,18.07,21.3,4.2,0
2021,S01,Manatee,S01-2021-P6,2,14,FL-8000,25.3,20.72,11.3,4.2,0
2021,S01,Manatee,S01-2021-P6,3,21,FL-8000,30.3,18.86,34.6,4.2,0
2021,S01,Manatee,S01-2021-P6,4,28,FL-8000,24.8,21.2,17.7,4.2,0
2021,S01,Manatee,S01-2021-P6,5,35,FL-8000,23.6,20.17,0.0,4.2,0
2021,S01,Manatee,S01-2021-P6,6,42,FL-8000,20.4,19.34,11.4,4.2,1
2021,S01,Manatee,S01-2021-P6,7,49,FL-8000,39.0,19.26,16.9,4.2,1
2021,S01,Manatee,S01-2021-P6,8,56,FL-8000,29.3,18.53,10.1,4.2,0
2021,S01,Manatee,S01-2021-P6,9,63,FL-8000,30.8,20.55,11.0,4.2,0
2021,S01,Manatee,S01-2021-P6,10,70,FL-8000,11.9,17.47,31.6,4.2,0
2021,S01,Manatee,S01-2021-P6,11,77,FL-8000,23.6,19.7,17.9,4.2,0
2021,S01,Manatee,S01-2021-P6,12,84,FL-8000,30.8,21.32,24.6,4.2,0
2021,S02,Manatee,S02-2021-P1,1,7,FL-8000,34.1,19.46,24.0,3.63,0
2021,S02,Manatee,S02-2021-P1,2,14,FL-8000,31.1,20.31,41.3,3.63,0
2021,S02,Manatee,S02-2021-P1,3,21,FL-8000,37.1,17.74,24.8,3.63,0
2021,S02,Manatee,S02-2021-P1,4,28,FL-8000,33.5,17.84,50.3,3.63,0
2021,S02,Manatee,S02-2021-P1,5,35,FL-8000,37.3,19.13,36.1,3.63,0
2021,S02,Manatee,S02-2021-P1,6,42,FL-8000,36.0,20.41,39.0,3.63,0
2021,S02,Manatee,S02-2021-P1,7,49,FL-8000,33.4,19.28,15.7,3.63,0
2021,S02,Manatee,S02-2021-P1,8,56,FL-8000,38.1,17.48,25.7,3.63,0
2021,S02,Manatee,S02-2021-P1,9,63,FL-8000,39.2,18.89,48.9,3.63,0
2021,S02,Manatee,S02-2021-P1,10,70,FL-8000,37.9,19.35,33.1,3.63,0
2021,S02,Manatee,S02-2021-P1,11,77,FL-8000,45.9,17.04,32.9,3.63,1
2021,S02,Manatee,S02-2021-P1,12,84,FL-8000,31.0,20.73,25.2,3.63,0
2021,S02,Manatee,S02-2021-P2,1,7,FL-8000,38.9,18.74,31.3,4.22,0
2021,S02,Manatee,S02-2021-P2,2,14,FL-8000,36.0,17.89,14.3,4.22,0
2021,S02,Manatee,S02-2021-P2,3,21,FL-8000,28.9,20.08,38.5,4.22,0
2021,S02,Manatee,S02-2021-P2,4,28,FL-8000,34.3,20.99,33.9,4.22,0
2021,S02,Manatee,S02-2021-P2,5,35,FL-8000,32.1,18.42,22.5,4.22,0
2021,S02,Manatee,S02-2021-P2,6,42,FL-8000,27.2,20.78,25.8,4.22,0
2021,S02,Manatee,S02-2021-P2,7,49,FL-8000,27.4,17.95,17.4,4.22,0
2021,S02,Manatee,S02-2021-P2,8,56,FL-8000,32.7,19.2,22.9,4.22,1
2021,S02,Manatee,S02-2021-P2,9,63,FL-8000,37.0,20.25,37.6,4.22,1
2021,S02,Manatee,S02-2021-P2,10,70,FL-8000,30.9,20.69,34.9,4.22,1
2021,S02,Manatee,S02-2021-P2,11,77,FL-8000,37.6,19.79,28.7,4.22,0
2021,S02,Manatee,S02-2021-P2,12,84,FL-8000,31.0,20.19,30.1,4.22,0
2021,S02,Manatee,S02-2021-P3,1,7,Sanibel,33.3,18.08,33.8,2.67,0
2021,S02,Manatee,S02-2021-P3,2,14,Sanibel,29.1,16.91,45.8,2.67,0
2021,S02,Manatee,S02-2021-P3,3,21,Sanibel,22.8,16.7,35.4,2.67,0
2021,S02,Manatee,S02-2021-P3,4,28,Sanibel,41.0,19.45,18.5,2.67,0
2021,S02,Manatee,S02-2021-P3,5,35,Sanibel,35.3,20.08,31.7,2.67,0
2021,S02,Manatee,S02-2021-P3,6,42,Sanibel,29.7,17.34,29.7,2.67,0
2021,S02,Manatee,S02-2021-P3,7,49,Sanibel,33.2,19.93,37.9,2.67,0
2021,S02,Manatee,S02-2021-P3,8,56,Sanibel,34.5,16.97,18.7,2.67,0
2021,S02,Manatee,S02-2021-P3,9,63,Sanibel,23.6,18.14,42.3,2.67,0
2021,S02,Manatee,S02-2021-P3,10,70,Sanibel,37.7,17.51,55.0,2.67,0
2021,S02,Manatee,S02-2021-P3,11,77,Sanibel,31.5,18.4,46.4,2.67,0
2021,S02,Manatee,S02-2021-P3,12,84,Sanibel,42.4,20.43,31.4,2.67,0
2021,S02,Manatee,S02-2021-P4,1,7,Sanibel,41.2,17.65,41.4,3.48,1
2021,S02,Manatee,S02-2021-P4,2,14,Sanibel,34.4,20.15,30.6,3.48,0
2021,S02,Manatee,S02-2021-P4,3,21,Sanibel,37.2,21.29,18.2,3.48,1
2021,S02,Manatee,S02-2021-P4,4,28,Sanibel,39.2,18.17,27.6,3.48,0
2021,S02,Manatee,S02-2021-P4,5,35,Sanibel,32.7,21.23,32.8,3.48,0
2021,S02,Manatee,S02-2021-P4,6,42,Sanibel,44.3,20.29,15.6,3.48,0
2021,S02,Manatee,S02-2021-P4,7,49,Sanibel,32.9,20.29,25.2,3.48,0
2021,S02,Manatee,S02-2021-P4,8,56,Sanibel,35.9,19.09,28.2,3.48,0
2021,S02,Manatee,S02-2021-P4,9,63,Sanibel,27.1,18.65,31.5,3.48,0
2021,S02,Manatee,S02-2021-P4,10,70,Sanibel,46.8,19.6,34.3,3.48,1
2021,S02,Manatee,S02-2021-P4,11,77,Sanibel,35.7,20.3,28.7,3.48,0
2021,S02,Manatee,S02-2021-P4,12,84,Sanibel,34.7,19.98,30.3,3.48,1
2021,S02,Manatee,S02-2021-P5,1,7,FL-8000,24.1,19.52,12.3,4.15,0
2021,S02,Manatee,S02-2021-P5,2,14,FL-8000,28.6,18.62,36.9,4.15,0
2021,S02,Manatee,S02-2021-P5,3,21,FL-8000,29.8,20.44,1.0,4.15,0
2021,S02,Manatee,S02-2021-P5,4,28,FL-8000,35.4,21.35,14.5,4.15,0
2021,S02,Manatee,S02-2021-P5,5,35,FL-8000,25.9,20.46,30.1,4.15,0
2021,S02,Manatee,S02-2021-P5,6,42,FL-8000,24.4,20.31,14.5,4.15,0
2021,S02,Manatee,S02-2021-P5,7,49,FL-8000,36.8,18.5,42.6,4.15,0
2021,S02,Manatee,S02-2021-P5,8,56,FL-8000,27.7,21.59,26.8,4.15,0
2021,S02,Manatee,S02-2021-P5,9,63,FL-8000,21.7,17.91,21.5,4.15,1
2021,S02,Manatee,S02-2021-P5,10,70,FL-8000,28.1,19.13,20.4,4.15,0
2021,S02,Manatee,S02-2021-P5,11,77,FL-8000,31.1,19.35,26.4,4.15,0
2021,S02,Manatee,S02-2021-P5,12,84,FL-8000,24.9,19.19,16.9,4.15,0
2021,S02,Manatee,S02-2021-P6,1,7,HM-1823,29.4,19.71,46.0,2.45,0
2021,S02,Manatee,S02-2021-P6,2,14,HM-1823,45.4,20.76,45.3,2.45,0
2021,S02,Manatee,S02-2021-P6,3,21,HM-1823,32.4,17.43,38.0,2.45,0
2021,S02,Manatee,S02-2021-P6,4,28,HM-1823,33.4,18.7,39.0,2.45,0
2021,S02,Manatee,S02-2021-P6,5,35,HM-1823,41.9,21.13,51.8,2.45,0
2021,S02,Manatee,S02-2021-P6,6,42,HM-1823,41.5,19.42,52.6,2.45,0
2021,S02,Manatee,S02-2021-P6,7,49,HM-1823,29.1,16.46,38.8,2.45,0
2021,S02,Manatee,S02-2021-P6,8,56,HM-1823,30.0,21.31,32.0,2.45,0
2021,S02,Manatee,S02-2021-P6,9,63,HM-1823,42.6,18.47,30.4,2.45,0
2021,S02,Manatee,S02-2021-P6,10,70,HM-1823,26.8,18.1,40.1,2.45,0
2021,S02,Manatee,S02-2021-P6,11,77,HM-1823,21.8,18.61,35.7,2.45,1
2021,S02,Manatee,S02-2021-P6,12,84,HM-1823,41.2,19.85,64.9,2.45,1
2021,S03,Hillsborough,S03-2021-P1,1,7,FL-8000,26.3,17.16,40.9,3.97,0
2021,S03,Hillsborough,S03-2021-P1,2,14,FL-8000,21.6,18.22,44.3,3.97,0
2021,S03,Hillsborough,S03-2021-P1,3,21,FL-8000,32.8,19.62,50.8,3.97,0
2021,S03,Hillsborough,S03-2021-P1,4,28,FL-8000,27.0,18.42,49.0,3.97,0
2021,S03,Hillsborough,S03-2021-P1,5,35,FL-8000,24.4,18.04,39.7,3.97,0
2021,S03,Hillsborough,S03-2021-P1,6,42,FL-8000,25.4,20.53,60.6,3.97,1
2021,S03,Hillsborough,S03-2021-P1,7,49,FL-8000,30.7,19.44,56.7,3.97,0
2021,S03,Hillsborough,S03-2021-P1,8,56,FL-8000,39.0,19.9,45.0,3.97,1
2021,S03,Hillsborough,S03-2021-P1,9,63,FL-8000,34.0,18.65,64.0,3.97,0
2021,S03,Hillsborough,S03-2021-P1,10,70,FL-8000,29.7,19.35,57.7,3.97,0
2021,S03,Hillsborough,S03-2021-P1,11,77,FL-8000,31.4,19.52,45.0,3.97,1
2021,S03,Hillsborough,S03-2021-P1,12,84,FL-8000,36.5,23.21,42.2,3.97,1
2021,S03,Hillsborough,S03-2021-P2,1,7,HM-1823,37.6,20.85,24.1,1.97,0
2021,S03,Hillsborough,S03-2021-P2,2,14,HM-1823,28.8,20.68,18.8,1.97,0
2021,S03,Hillsborough,S03-2021-P2,3,21,HM-1823,24.9,21.55,7.1,1.97,0
2021,S03,Hillsborough,S03-2021-P2,4,28,HM-1823,25.9,17.81,20.2,1.97,0
2021,S03,Hillsborough,S03-2021-P2,5,35,HM-1823,25.2,20.14,8.7,1.97,0
2021,S03,Hillsborough,S03-2021-P2,6,42,HM-1823,23.3,19.56,35.3,1.97,0
2021,S03,Hillsborough,S03-2021-P2,7,49,HM-1823,32.6,19.1,26.4,1.97,1
2021,S03,Hillsborough,S03-2021-P2,8,56,HM-1823,33.5,16.7,27.2,1.97,0
2021,S03,Hillsborough,S03-2021-P2,9,63,HM-1823,23.5,21.56,36.7,1.97,1
2021,S03,Hillsborough,S03-2021-P2,10,70,HM-1823,32.3,21.87,16.1,1.97,0
2021,S03,Hillsborough,S03-2021-P2,11,77,HM-1823,31.6,19.52,10.2,1.97,0
2021,S03,Hillsborough,S03-2021-P2,12,84,HM-1823,27.6,20.02,7.9,1.97,0
2021,S03,Hillsborough,S03-2021-P3,1,7,FL-8000,32.7,18.93,24.7,4.12,0
2021,S03,Hillsborough,S03-2021-P3,2,14,FL-8000,31.1,18.78,26.0,4.12,0
2021,S03,Hillsborough,S03-2021-P3,3,21,FL-8000,33.7,18.56,28.3,4.12,0
2021,S03,Hillsborough,S03-2021-P3,4,28,FL-8000,30.7,16.93,3.8,4.12,0
2021,S03,Hillsborough,S03-2021-P3,5,35,FL-8000,22.8,17.82,9.0,4.12,0
2021,S03,Hillsborough,S03-2021-P3,6,42,FL-8000,34.5,19.93,43.6,4.12,1
2021,S03,Hillsborough,S03-2021-P3,7,49,FL-8000,22.3,19.75,34.6,4.12,0
2021,S03,Hillsborough,S03-2021-P3,8,56,FL-8000,31.7,18.91,10.2,4.12,0
2021,S03,Hillsborough,S03-2021-P3,9,63,FL-8000,30.0,19.76,0.6,4.12,1
2021,S03,Hillsborough,S03-2021-P3,10,70,FL-8000,31.1,19.4,31.5,4.12,1
2021,S03,Hillsborough,S03-2021-P3,11,77,FL-8000,25.8,18.87,9.3,4.12,1
2021,S03,Hillsborough,S03-2021-P3,12,84,FL-8000,28.5,18.96,31.9,4.12,1
2021,S03,Hillsborough,S03-2021-P4,1,7,FL-8000,26.3,21.31,31.5,3.4,0
2021,S03,Hillsborough,S03-2021-P4,2,14,FL-8000,27.7,20.39,10.6,3.4,1
2021,S03,Hillsborough,S03-2021-P4,3,21,FL-8000,24.0,17.75,13.7,3.4,0
2021,S03,Hillsborough,S03-2021-P4,4,28,FL-8000,29.9,18.59,32.3,3.4,0
2021,S03,Hillsborough,S03-2021-P4,5,35,FL-8000,25.0,18.98,28.5,3.4,0
2021,S03,Hillsborough,S03-2021-P4,6,42,FL-8000,19.0,17.42,41.6,3.4,0
2021,S03,Hillsborough,S03-2021-P4,7,49,FL-8000,23.2,19.16,4.6,3.4,1
2021,S03,Hillsborough,S03-2021-P4,8,56,FL-8000,35.7,17.53,23.3,3.4,1
2021,S03,Hillsborough,S03-2021-P4,9,63,FL-8000,30.1,21.41,37.1,3.4,0
2021,S03,Hillsborough,S03-2021-P4,10,70,FL-8000,24.9,16.58,47.7,3.4,0
2021,S03,Hillsborough,S03-2021-P4,11,77,FL-8000,25.1,21.19,26.5,3.4,1
2021,S03,Hillsborough,S03-2021-P4,12,84,FL-8000,25.6,18.21,24.9,3.4,0
2021,S03,Hillsborough,S03-2021-P5,1,7,Sanibel,29.2,18.45,43.4,3.07,0
2021,S03,Hillsborough,S03-2021-P5,2,14,Sanibel,32.3,19.76,33.6,3.07,0
2021,S03,Hillsborough,S03-2021-P5,3,21,Sanibel,29.8,21.65,22.6,3.07,0
2021,S03,Hillsborough,S03-2021-P5,4,28,Sanibel,26.9,17.18,39.2,3.07,0
2021,S03,Hillsborough,S03-2021-P5,5,35,Sanibel,29.7,18.04,54.2,3.07,0
2021,S03,Hillsborough,S03-2021-P5,6,42,Sanibel,31.8,17.52,40.2,3.07,0
2021,S03,Hillsborough,S03-2021-P5,7,49,Sanibel,26.1,17.52,38.2,3.07,1
2021,S03,Hillsborough,S03-2021-P5,8,56,Sanibel,34.2,18.9,35.3,3.07,1
2021,S03,Hillsborough,S03-2021-P5,9,63,Sanibel,33.2,20.1,31.9,3.07,0
2021,S03,Hillsborough,S03-2021-P5,10,70,Sanibel,17.1,21.56,40.2,3.07,0
2021,S03,Hillsborough,S03-2021-P5,11,77,Sanibel,29.3,19.4,20.5,3.07,1
2021,S03,Hillsborough,S03-2021-P5,12,84,Sanibel,29.9,18.9,27.0,3.07,0
2021,S03,Hillsborough,S03-2021-P6,1,7,FL-8000,30.0,19.69,30.6,4.5,0
2021,S03,Hillsborough,S03-2021-P6,2,14,FL-8000,27.2,19.45,27.6,4.5,0
2021,S03,Hillsborough,S03-2021-P6,3,21,FL-8000,13.4,18.64,36.1,4.5,0
2021,S03,Hillsborough,S03-2021-P6,4,28,FL-8000,24.4,19.87,36.4,4.5,0
2021,S03,Hillsborough,S03-2021-P6,5,35,FL-8000,30.4,19.4,29.3,4.5,0
2021,S03,Hillsborough,S03-2021-P6,6,42,FL-8000,25.0,18.83,32.8,4.5,0
2021,S03,Hillsborough,S03-2021-P6,7,49,FL-8000,24.4,17.86,13.0,4.5,0
2021,S03,Hillsborough,S03-2021-P6,8,56,FL-8000,23.8,18.61,22.3,4.5,0
2021,S03,Hillsborough,S03-2021-P6,9,63,FL-8000,30.3,20.36,23.2,4.5,0
2021,S03,Hillsborough,S03-2021-P6,10,70,FL-8000,19.1,18.5,39.8,4.5,0
2021,S03,Hillsborough,S03-2021-P6,11,77,FL-8000,29.3,17.23,9.4,4.5,0
2021,S03,Hillsborough,S03-2021-P6,12,84,FL-8000,26.4,18.05,32.8,4.5,0
2021,S04,Hillsborough,S04-2021-P1,1,7,Sanibel,41.9,17.83,17.0,3.0,0
2021,S04,Hillsborough,S04-2021-P1,2,14,Sanibel,23.1,19.85,21.4,3.0,0
2021,S04,Hillsborough,S04-2021-P1,3,21,Sanibel,29.9,20.46,19.0,3.0,0
2021,S04,Hillsborough,S04-2021-P1,4,28,Sanibel,34.8,19.79,26.2,3.0,0
2021,S04,Hillsborough,S04-2021-P1,5,35,Sanibel,27.1,21.53,13.0,3.0,0
2021,S04,Hillsborough,S04-2021-P1,6,42,Sanibel,27.5,20.52,36.1,3.0,0
2021,S04,Hillsborough,S04-2021-P1,7,49,Sanibel,33.9,19.38,10.7,3.0,0
2021,S04,Hillsborough,S04-2021-P1,8,56,Sanibel,24.2,20.7,4.0,3.0,0
2021,S04,Hillsborough,S04-2021-P1,9,63,Sanibel,22.2,19.86,12.7,3.0,0
2021,S04,Hillsborough,S04-2021-P1,10,70,Sanibel,24.7,20.56,14.4,3.0,0
2021,S04,Hillsborough,S04-2021-P1,11,77,Sanibel,19.8,20.87,17.6,3.0,0
2021,S04,Hillsborough,S04-2021-P1,12,84,Sanibel,16.3,21.37,22.4,3.0,0
2021,S04,Hillsborough,S04-2021-P2,1,7,FL-8000,32.1,19.94,3.9,3.1,0
2021,S04,Hillsborough,S04-2021-P2,2,14,FL-8000,23.2,18.81,27.2,3.1,0
2021,S04,Hillsborough,S04-2021-P2,3,21,FL-8000,22.0,19.39,31.4,3.1,0
2021,S04,Hillsborough,S04-2021-P2,4,28,FL-8000,24.5,21.86,17.8,3.1,0
2021,S04,Hillsborough,S04-2021-P2,5,35,FL-8000,23.4,18.2,16.6,3.1,1
2021,S04,Hillsborough,S04-2021-P2,6,42,FL-8000,15.6,19.65,0.0,3.1,0
2021,S04,Hillsborough,S04-2021-P2,7,49,FL-8000,32.3,19.59,14.8,3.1,0
2021,S04,Hillsborough,S04-2021-P2,8,56,FL-8000,25.1,19.65,25.4,3.1,0
2021,S04,Hillsborough,S04-2021-P2,9,63,FL-8000,15.0,17.48,16.1,3.1,0
2021,S04,Hillsborough,S04-2021-P2,10,70,FL-8000,33.9,21.54,23.0,3.1,0
2021,S04,Hillsborough,S04-2021-P2,11,77,FL-8000,17.6,22.1,37.7,3.1,0
2021,S04,Hillsborough,S04-2021-P2,12,84,FL-8000,19.1,18.43,12.3,3.1,0
2021,S04,Hillsborough,S04-2021-P3,1,7,HM-1823,26.8,17.07,34.3,2.28,0
2021,S04,Hillsborough,S04-2021-P3,2,14,HM-1823,30.9,22.34,34.5,2.28,0
2021,S04,Hillsborough,S04-2021-P3,3,21,HM-1823,25.5,19.23,16.2,2.28,0
2021,S04,Hillsborough,S04-2021-P3,4,28,HM-1823,27.1,19.41,23.1,2.28,0
2021,S04,Hillsborough,S04-2021-P3,5,35,HM-1823,39.0,18.52,22.6,2.28,0
2021,S04,Hillsborough,S04-2021-P3,6,42,HM-1823,38.9,19.77,10.4,2.28,0
2021,S04,Hillsborough,S04-2021-P3,7,49,HM-1823,23.9,22.76,18.7,2.28,1
2021,S04,Hillsborough,S04-2021-P3,8,56,HM-1823,29.0,18.81,26.6,2.28,0
2021,S04,Hillsborough,S04-2021-P3,9,63,HM-1823,30.7,20.99,12.9,2.28,0
2021,S04,Hillsborough,S04-2021-P3,10,70,HM-1823,24.3,21.03,16.0,2.28,0
2021,S04,Hillsborough,S04-2021-P3,11,77,HM-1823,22.4,19.33,22.5,2.28,0
2021,S04,Hillsborough,S04-2021-P3,12,84,HM-1823,36.0,18.92,11.8,2.28,1
2021,S04,Hillsborough,S04-2021-P4,1,7,FL-8000,34.9,18.92,79.8,1.97,0
2021,S04,Hillsborough,S04-2021-P4,2,14,FL-8000,19.9,17.84,58.9,1.97,0
2021,S04,Hillsborough,S04-2021-P4,3,21,FL-8000,26.1,18.91,51.7,1.97,0
2021,S04,Hillsborough,S04-2021-P4,4,28,FL-8000,26.5,17.87,43.0,1.97,0
2021,S04,Hillsborough,S04-2021-P4,5,35,FL-8000,34.2,22.32,63.3,1.97,0
2021,S04,Hillsborough,S04-2021-P4,6,42,FL-8000,25.3,19.68,43.8,1.97,0
2021,S04,Hillsborough,S04-2021-P4,7,49,FL-8000,32.8,19.36,49.4,1.97,0
2021,S04,Hillsborough,S04-2021-P4,8,56,FL-8000,33.3,18.31,71.7,1.97,0
2021,S04,Hillsborough,S04-2021-P4,9,63,FL-8000,25.9,18.61,57.3,1.97,0
2021,S04,Hillsborough,S04-2021-P4,10,70,FL-8000,22.0,18.99,52.9,1.97,0
2021,S04,Hillsborough,S04-2021-P4,11,77,FL-8000,37.9,20.0,53.5,1.97,0
2021,S04,Hillsborough,S04-2021-P4,12,84,FL-8000,24.1,20.2,52.7,1.97,0
2021,S04,Hillsborough,S04-2021-P5,1,7,Sanibel,21.9,20.14,17.9,3.38,0
2021,S04,Hillsborough,S04-2021-P5,2,14,Sanibel,34.0,19.69,13.5,3.38,0
2021,S04,Hillsborough,S04-2021-P5,3,21,Sanibel,19.6,21.08,13.6,3.38,0
2021,S04,Hillsborough,S04-2021-P5,4,28,Sanibel,37.8,18.92,18.1,3.38,0
2021,S04,Hillsborough,S04-2021-P5,5,35,Sanibel,30.4,21.0,12.4,3.38,0
2021,S04,Hillsborough,S04-2021-P5,6,42,Sanibel,27.5,20.16,0.0,3.38,0
2021,S04,Hillsborough,S04-2021-P5,7,49,Sanibel,22.0,18.88,25.2,3.38,0
2021,S04,Hillsborough,S04-2021-P5,8,56,Sanibel,29.5,20.7,11.1,3.38,0
2021,S04,Hillsborough,S04-2021-P5,9,63,Sanibel,25.9,20.24,8.2,3.38,0
2021,S04,Hillsborough,S04-2021-P5,10,70,Sanibel,18.5,21.74,8.2,3.38,0
2021,S04,Hillsborough,S04-2021-P5,11,77,Sanibel,32.6,19.87,0.0,3.38,0
2021,S04,Hillsborough,S04-2021-P5,12,84,Sanibel,22.1,20.17,7.0,3.38,0
2021,S04,Hillsborough,S04-2021-P6,1,7,Tygress,27.8,19.19,41.2,3.09,0
2021,S04,Hillsborough,S04-2021-P6,2,14,Tygress,31.7,20.23,50.0,3.09,0
2021,S04,Hillsborough,S04-2021-P6,3,21,Tygress,26.8,19.34,51.9,3.09,0
2021,S04,Hillsborough,S04-2021-P6,4,28,Tygress,29.4,21.75,45.0,3.09,0
2021,S04,Hillsborough,S04-2021-P6,5,35,Tygress,20.8,20.4,37.4,3.09,0
2021,S04,Hillsborough,S04-2021-P6,6,42,Tygress,24.1,20.74,52.3,3.09,0
2021,S04,Hillsborough,S04-2021-P6,7,49,Tygress,28.1,20.61,40.0,3.09,0
2021,S04,Hillsborough,S04-2021-P6,8,56,Tygress,21.4,18.11,31.1,3.09,0
2021,S04,Hillsborough,S04-2021-P6,9,63,Tygress,23.2,20.81,39.3,3.09,0
2021,S04,Hillsborough,S04-2021-P6,10,70,Tygress,31.2,21.15,42.9,3.09,0
2021,S04,Hillsborough,S04-2021-P6,11,77,Tygress,20.4,18.49,46.3,3.09,0
2021,S04,Hillsborough,S04-2021-P6,12,84,Tygress,22.2,22.17,40.7,3.09,0
2021,S05,Collier,S05-2021-P1,1,7,Sanibel,29.7,21.39,25.3,1.98,0
2021,S05,Collier,S05-2021-P1,2,14,Sanibel,28.1,21.78,18.7,1.98,0
2021,S05,Collier,S05-2021-P1,3,21,Sanibel,28.6,20.65,28.5,1.98,0
2021,S05,Collier,S05-2021-P1,4,28,Sanibel,38.2,21.91,12.6,1.98,0
2021,S05,Collier,S05-2021-P1,5,35,Sanibel,35.2,21.84,29.8,1.98,0
2021,S05,Collier,S05-2021-P1,6,42,Sanibel,32.6,20.76,26.0,1.98,0
2021,S05,Collier,S05-2021-P1,7,49,Sanibel,13.6,23.11,19.9,1.98,0
2021,S05,Collier,S05-2021-P1,8,56,Sanibel,20.9,23.06,16.2,1.98,0
2021,S05,Collier,S05-2021-P1,9,63,Sanibel,24.8,22.06,23.4,1.98,0
2021,S05,Collier,S05-2021-P1,10,70,Sanibel,32.4,24.03,39.7,1.98,0
2021,S05,Collier,S05-2021-P1,11,77,Sanibel,19.1,19.82,25.5,1.98,0
2021,S05,Collier,S05-2021-P1,12,84,Sanibel,28.7,25.02,28.6,1.98,0
2021,S05,Collier,S05-2021-P2,1,7,Sanibel,29.8,20.13,40.2,3.21,0
2021,S05,Collier,S05-2021-P2,2,14,Sanibel,32.2,23.56,36.4,3.21,0
2021,S05,Collier,S05-2021-P2,3,21,Sanibel,33.4,23.68,41.2,3.21,0
2021,S05,Collier,S05-2021-P2,4,28,Sanibel,27.0,23.2,33.0,3.21,0
2021,S05,Collier,S05-2021-P2,5,35,Sanibel,36.7,24.74,44.6,3.21,1
2021,S05,Collier,S05-2021-P2,6,42,Sanibel,28.6,21.34,24.6,3.21,0
2021,S05,Collier,S05-2021-P2,7,49,Sanibel,25.2,21.16,42.8,3.21,1
2021,S05,Collier,S05-2021-P2,8,56,Sanibel,35.4,22.92,38.5,3.21,1
2021,S05,Collier,S05-2021-P2,9,63,Sanibel,30.1,22.75,15.4,3.21,0
2021,S05,Collier,S05-2021-P2,10,70,Sanibel,22.2,22.99,38.3,3.21,0
2021,S05,Collier,S05-2021-P2,11,77,Sanibel,26.6,21.25,39.1,3.21,0
2021,S05,Collier,S05-2021-P2,12,84,Sanibel,24.2,22.61,29.5,3.21,0
2021,S05,Collier,S05-2021-P3,1,7,Sanibel,20.3,23.36,32.3,2.66,0
2021,S05,Collier,S05-2021-P3,2,14,Sanibel,31.4,21.68,41.6,2.66,1
2021,S05,Collier,S05-2021-P3,3,21,Sanibel,29.9,25.17,21.6,2.66,0
2021,S05,Collier,S05-2021-P3,4,28,Sanibel,36.8,20.4,38.2,2.66,0
2021,S05,Collier,S05-2021-P3,5,35,Sanibel,32.1,20.49,45.8,2.66,0
2021,S05,Collier,S05-2021-P3,6,42,Sanibel,33.5,19.48,62.7,2.66,1
2021,S05,Collier,S05-2021-P3,7,49,Sanibel,37.9,21.04,16.9,2.66,1
2021,S05,Collier,S05-2021-P3,8,56,Sanibel,37.7,21.92,48.5,2.66,0
2021,S05,Collier,S05-2021-P3,9,63,Sanibel,35.7,20.6,53.2,2.66,0
2021,S05,Collier,S05-2021-P3,10,70,Sanibel,32.7,22.59,37.9,2.66,0
2021,S05,Collier,S05-2021-P3,11,77,Sanibel,24.0,24.34,55.3,2.66,1
2021,S05,Collier,S05-2021-P3,12,84,Sanibel,28.9,22.92,36.5,2.66,0
2021,S05,Collier,S05-2021-P4,1,7,Tygress,23.1,21.5,52.6,2.34,0
2021,S05,Collier,S05-2021-P4,2,14,Tygress,24.2,22.05,32.7,2.34,0
2021,S05,Collier,S05-2021-P4,3,21,Tygress,18.0,19.64,54.9,2.34,0
2021,S05,Collier,S05-2021-P4,4,28,Tygress,27.6,20.87,39.1,2.34,0
2021,S05,Collier,S05-2021-P4,5,35,Tygress,32.7,22.42,46.4,2.34,0
2021,S05,Collier,S05-2021-P4,6,42,Tygress,45.2,21.19,51.1,2.34,0
2021,S05,Collier,S05-2021-P4,7,49,Tygress,32.1,20.74,56.7,2.34,0
2021,S05,Collier,S05-2021-P4,8,56,Tygress,27.6,21.2,43.4,2.34,1
2021,S05,Collier,S05-2021-P4,9,63,Tygress,38.5,20.9,58.5,2.34,0
2021,S05,Collier,S05-2021-P4,10,70,Tygress,26.6,23.44,59.2,2.34,0
2021,S05,Collier,S05-2021-P4,11,77,Tygress,29.2,23.36,51.6,2.34,0
2021,S05,Collier,S05-2021-P4,12,84,Tygress,31.6,21.39,47.6,2.34,0
2021,S05,Collier,S05-2021-P5,1,7,Tygress,28.9,21.83,31.6,3.19,0
2021,S05,Collier,S05-2021-P5,2,14,Tygress,32.8,22.63,40.2,3.19,0
2021,S05,Collier,S05-2021-P5,3,21,Tygress,36.2,22.59,38.8,3.19,0
2021,S05,Collier,S05-2021-P5,4,28,Tygress,42.2,22.27,42.1,3.19,0
2021,S05,Collier,S05-2021-P5,5,35,Tygress,22.4,21.41,18.0,3.19,0
2021,S05,Collier,S05-2021-P5,6,42,Tygress,42.5,20.54,32.4,3.19,0
2021,S05,Collier,S05-2021-P5,7,49,Tygress,46.3,20.81,31.7,3.19,0
2021,S05,Collier,S05-2021-P5,8,56,Tygress,37.4,22.01,25.7,3.19,1
2021,S05,Collier,S05-2021-P5,9,63,Tygress,26.7,20.78,8.7,3.19,0
2021,S05,Collier,S05-2021-P5,10,70,Tygress,24.1,21.79,17.2,3.19,0
2021,S05,Collier,S05-2021-P5,11,77,Tygress,35.6,21.83,15.0,3.19,0
2021,S05,Collier,S05-2021-P5,12,84,Tygress,31.1,21.24,36.2,3.19,0
2021,S05,Collier,S05-2021-P6,1,7,FL-8000,33.5,22.72,50.1,2.66,0
2021,S05,Collier,S05-2021-P6,2,14,FL-8000,24.4,22.91,40.0,2.66,0
2021,S05,Collier,S05-2021-P6,3,21,FL-8000,32.9,23.44,34.3,2.66,0
2021,S05,Collier,S05-2021-P6,4,28,FL-8000,44.7,22.05,56.3,2.66,1
2021,S05,Collier,S05-2021-P6,5,35,FL-8000,47.7,20.5,43.3,2.66,0
2021,S05,Collier,S05-2021-P6,6,42,FL-8000,38.1,21.92,55.9,2.66,0
2021,S05,Collier,S05-2021-P6,7,49,FL-8000,25.5,20.9,44.1,2.66,0
2021,S05,Collier,S05-2021-P6,8,56,FL-8000,32.2,21.11,47.6,2.66,0
2021,S05,Collier,S05-2021-P6,9,63,FL-8000,31.6,18.9,61.3,2.66,0
2021,S05,Collier,S05-2021-P6,10,70,FL-8000,21.7,22.68,54.8,2.66,1
2021,S05,Collier,S05-2021-P6,11,77,FL-8000,29.5,23.33,57.0,2.66,0
2021,S05,Collier,S05-2021-P6,12,84,FL-8000,22.0,23.96,45.5,2.66,0
2021,S06,Collier,S06-2021-P1,1,7,HM-1823,22.3,21.25,10.9,2.07,0
2021,S06,Collier,S06-2021-P1,2,14,HM-1823,24.2,19.22,41.4,2.07,0
2021,S06,Collier,S06-2021-P1,3,21,HM-1823,20.7,18.89,20.6,2.07,0
2021,S06,Collier,S06-2021-P1,4,28,HM-1823,31.6,20.86,13.1,2.07,0
2021,S06,Collier,S06-2021-P1,5,35,HM-1823,22.6,17.49,21.8,2.07,0
2021,S06,Collier,S06-2021-P1,6,42,HM-1823,29.5,20.97,15.7,2.07,0
2021,S06,Collier,S06-2021-P1,7,49,HM-1823,21.2,18.65,31.6,2.07,0
2021,S06,Collier,S06-2021-P1,8,56,HM-1823,28.2,21.42,27.2,2.07,0
2021,S06,Collier,S06-2021-P1,9,63,HM-1823,26.3,20.78,16.2,2.07,0
2021,S06,Collier,S06-2021-P1,10,70,HM-1823,30.6,18.83,34.6,2.07,0
2021,S06,Collier,S06-2021-P1,11,77,HM-1823,28.0,18.94,33.8,2.07,0
2021,S06,Collier,S06-2021-P1,12,84,HM-1823,30.2,20.3,24.3,2.07,0
2021,S06,Collier,S06-2021-P2,1,7,FL-8000,26.7,20.24,20.2,2.7,0
2021,S06,Collier,S06-2021-P2,2,14,FL-8000,26.1,18.38,31.2,2.7,0
2021,S06,Collier,S06-2021-P2,3,21,FL-8000,15.9,19.32,27.3,2.7,0
2021,S06,Collier,S06-2021-P2,4,28,FL-8000,29.5,17.63,26.3,2.7,0
2021,S06,Collier,S06-2021-P2,5,35,FL-8000,24.3,18.88,6.7,2.7,0
2021,S06,Collier,S06-2021-P2,6,42,FL-8000,23.0,18.74,28.0,2.7,0
2021,S06,Collier,S06-2021-P2,7,49,FL-8000,30.0,16.79,19.6,2.7,0
2021,S06,Collier,S06-2021-P2,8,56,FL-8000,38.4,17.29,32.5,2.7,0
2021,S06,Collier,S06-2021-P2,9,63,FL-8000,12.6,18.75,32.4,2.7,0
2021,S06,Collier,S06-2021-P2,10,70,FL-8000,22.6,17.13,28.9,2.7,0
2021,S06,Collier,S06-2021-P2,11,77,FL-8000,23.2,19.67,28.1,2.7,0
2021,S06,Collier,S06-2021-P2,12,84,FL-8000,19.5,19.07,34.0,2.7,0
2021,S06,Collier,S06-2021-P3,1,7,Tygress,20.7,21.58,38.0,3.91,0
2021,S06,Collier,S06-2021-P3,2,14,Tygress,33.7,21.78,50.0,3.91,0
2021,S06,Collier,S06-2021-P3,3,21,Tygress,32.1,21.35,55.8,3.91,0
2021,S06,Collier,S06-2021-P3,4,28,Tygress,44.2,20.22,32.2,3.91,0
2021,S06,Collier,S06-2021-P3,5,35,Tygress,25.3,20.26,52.6,3.91,1
2021,S06,Collier,S06-2021-P3,6,42,Tygress,30.3,20.5,32.4,3.91,0
2021,S06,Collier,S06-2021-P3,7,49,Tygress,37.0,21.81,52.4,3.91,1
2021,S06,Collier,S06-2021-P3,8,56,Tygress,32.6,21.13,39.9,3.91,0
2021,S06,Collier,S06-2021-P3,9,63,Tygress,33.0,18.67,35.6,3.91,0
2021,S06,Collier,S06-2021-P3,10,70,Tygress,27.7,20.79,42.0,3.91,0
2021,S06,Collier,S06-2021-P3,11,77,Tygress,26.7,21.5,45.6,3.91,0
2021,S06,Collier,S06-2021-P3,12,84,Tygress,36.4,19.64,42.4,3.91,1
2021,S06,Collier,S06-2021-P4,1,7,Tygress,15.4,20.38,17.3,1.72,0
2021,S06,Collier,S06-2021-P4,2,14,Tygress,32.1,17.06,26.8,1.72,0
2021,S06,Collier,S06-2021-P4,3,21,Tygress,19.8,16.82,36.2,1.72,0
2021,S06,Collier,S06-2021-P4,4,28,Tygress,33.4,19.17,31.3,1.72,0
2021,S06,Collier,S06-2021-P4,5,35,Tygress,21.2,20.76,40.1,1.72,0
2021,S06,Collier,S06-2021-P4,6,42,Tygress,31.6,20.09,13.8,1.72,0
2021,S06,Collier,S06-2021-P4,7,49,Tygress,24.8,19.34,14.0,1.72,0
2021,S06,Collier,S06-2021-P4,8,56,Tygress,21.6,19.61,11.8,1.72,0
2021,S06,Collier,S06-2021-P4,9,63,Tygress,24.9,20.13,11.5,1.72,0
2021,S06,Collier,S06-2021-P4,10,70,Tygress,28.2,18.12,31.2,1.72,0
2021,S06,Collier,S06-2021-P4,11,77,Tygress,35.0,20.16,13.4,1.72,0
2021,S06,Collier,S06-2021-P4,12,84,Tygress,28.8,17.79,29.8,1.72,0
2021,S06,Collier,S06-2021-P5,1,7,Sebring,27.1,18.74,31.9,4.11,0
2021,S06,Collier,S06-2021-P5,2,14,Sebring,25.2,19.97,26.4,4.11,0
2021,S06,Collier,S06-2021-P5,3,21,Sebring,37.3,18.35,26.6,4.11,0
2021,S06,Collier,S06-2021-P5,4,28,Sebring,21.2,20.23,16.8,4.11,0
2021,S06,Collier,S06-2021-P5,5,35,Sebring,25.8,17.68,24.9,4.11,1
2021,S06,Collier,S06-2021-P5,6,42,Sebring,28.2,20.01,41.2,4.11,1
2021,S06,Collier,S06-2021-P5,7,49,Sebring,24.8,16.9,11.8,4.11,0
2021,S06,Collier,S06-2021-P5,8,56,Sebring,29.0,20.59,27.2,4.11,1
2021,S06,Collier,S06-2021-P5,9,63,Sebring,24.2,17.75,30.2,4.11,1
2021,S06,Collier,S06-2021-P5,10,70,Sebring,21.7,18.93,28.6,4.11,0
2021,S06,Collier,S06-2021-P5,11,77,Sebring,27.3,18.19,30.8,4.11,1
2021,S06,Collier,S06-2021-P5,12,84,Sebring,19.0,20.42,17.4,4.11,1
2021,S06,Collier,S06-2021-P6,1,7,Sanibel,34.8,20.37,44.6,3.38,0
2021,S06,Collier,S06-2021-P6,2,14,Sanibel,17.1,20.19,23.3,3.38,0
2021,S06,Collier,S06-2021-P6,3,21,Sanibel,22.8,17.53,41.5,3.38,0
2021,S06,Collier,S06-2021-P6,4,28,Sanibel,25.6,18.58,28.6,3.38,0
2021,S06,Collier,S06-2021-P6,5,35,Sanibel,22.7,20.3,47.4,3.38,0
2021,S06,Collier,S06-2021-P6,6,42,Sanibel,33.5,19.16,51.1,3.38,0
2021,S06,Collier,S06-2021-P6,7,49,Sanibel,26.7,20.89,28.3,3.38,0
2021,S06,Collier,S06-2021-P6,8,56,Sanibel,37.6,21.05,39.5,3.38,0
2021,S06,Collier,S06-2021-P6,9,63,Sanibel,22.8,18.3,41.1,3.38,0
2021,S06,Collier,S06-2021-P6,10,70,Sanibel,30.5,21.56,42.2,3.38,0
2021,S06,Collier,S06-2021-P6,11,77,Sanibel,29.2,19.77,29.8,3.38,0
2021,S06,Collier,S06-2021-P6,12,84,Sanibel,27.4,18.6,35.1,3.38,0
2021,S07,Miami-Dade,S07-2021-P1,1,7,Sebring,36.2,17.05,31.8,2.75,0
2021,S07,Miami-Dade,S07-2021-P1,2,14,Sebring,25.7,18.21,23.9,2.75,0
2021,S07,Miami-Dade,S07-2021-P1,3,21,Sebring,42.1,18.98,33.8,2.75,0
2021,S07,Miami-Dade,S07-2021-P1,4,28,Sebring,33.7,21.44,13.7,2.75,0
2021,S07,Miami-Dade,S07-2021-P1,5,35,Sebring,21.4,18.28,26.6,2.75,0
2021,S07,Miami-Dade,S07-2021-P1,6,42,Sebring,31.4,19.51,11.9,2.75,0
2021,S07,Miami-Dade,S07-2021-P1,7,49,Sebring,24.8,20.07,42.5,2.75,0
2021,S07,Miami-Dade,S07-2021-P1,8,56,Sebring,26.5,19.88,28.1,2.75,0
2021,S07,Miami-Dade,S07-2021-P1,9,63,Sebring,28.3,17.42,32.7,2.75,0
2021,S07,Miami-Dade,S07-2021-P1,10,70,Sebring,33.1,20.72,26.6,2.75,0
2021,S07,Miami-Dade,S07-2021-P1,11,77,Sebring,36.4,21.03,30.3,2.75,0
2021,S07,Miami-Dade,S07-2021-P1,12,84,Sebring,28.0,18.18,6.9,2.75,0
2021,S07,Miami-Dade,S07-2021-P2,1,7,HM-1823,23.6,20.31,27.1,3.76,0
2021,S07,Miami-Dade,S07-2021-P2,2,14,HM-1823,32.5,22.82,18.1,3.76,0
2021,S07,Miami-Dade,S07-2021-P2,3,21,HM-1823,26.5,18.65,22.9,3.76,0
2021,S07,Miami-Dade,S07-2021-P2,4,28,HM-1823,33.4,19.34,26.2,3.76,0
2021,S07,Miami-Dade,S07-2021-P2,5,35,HM-1823,27.7,20.94,30.1,3.76,0
2021,S07,Miami-Dade,S07-2021-P2,6,42,HM-1823,39.8,18.74,33.8,3.76,0
2021,S07,Miami-Dade,S07-2021-P2,7,49,HM-1823,32.2,18.75,21.0,3.76,0
2021,S07,Miami-Dade,S07-2021-P2,8,56,HM-1823,46.0,18.76,7.7,3.76,0
2021,S07,Miami-Dade,S07-2021-P2,9,63,HM-1823,31.4,19.24,2.4,3.76,0
2021,S07,Miami-Dade,S07-2021-P2,10,70,HM-1823,37.2,17.13,17.4,3.76,0
2021,S07,Miami-Dade,S07-2021-P2,11,77,HM-1823,31.4,19.14,28.4,3.76,0
2021,S07,Miami-Dade,S07-2021-P2,12,84,HM-1823,19.4,20.33,34.8,3.76,0
2021,S07,Miami-Dade,S07-2021-P3,1,7,Tygress,28.4,19.27,34.0,4.32,0
2021,S07,Miami-Dade,S07-2021-P3,2,14,Tygress,34.9,17.77,36.6,4.32,1
2021,S07,Miami-Dade,S07-2021-P3,3,21,Tygress,34.0,20.4,32.0,4.32,0
2021,S07,Miami-Dade,S07-2021-P3,4,28,Tygress,29.4,18.02,42.5,4.32,1
2021,S07,Miami-Dade,S07-2021-P3,5,35,Tygress,31.7,20.4,39.2,4.32,0
2021,S07,Miami-Dade,S07-2021-P3,6,42,Tygress,36.1,21.16,47.3,4.32,0
2021,S07,Miami-Dade,S07-2021-P3,7,49,Tygress,17.4,18.64,25.5,4.32,0
2021,S07,Miami-Dade,S07-2021-P3,8,56,Tygress,27.1,19.58,46.8,4.32,0
2021,S07,Miami-Dade,S07-2021-P3,9,63,Tygress,35.6,20.35,39.4,4.32,0
2021,S07,Miami-Dade,S07-2021-P3,10,70,Tygress,30.2,17.66,27.9,4.32,0
2021,S07,Miami-Dade,S07-2021-P3,11,77,Tygress,33.8,18.59,36.6,4.32,1
2021,S07,Miami-Dade,S07-2021-P3,12,84,Tygress,24.2,18.47,33.7,4.32,0
2021,S07,Miami-Dade,S07-2021-P4,1,7,FL-8000,28.3,19.37,32.9,4.22,0
2021,S07,Miami-Dade,S07-2021-P4,2,14,FL-8000,41.3,17.58,29.2,4.22,0
2021,S07,Miami-Dade,S07-2021-P4,3,21,FL-8000,31.4,19.94,54.1,4.22,0
2021,S07,Miami-Dade,S07-2021-P4,4,28,FL-8000,29.3,19.94,36.2,4.22,0
2021,S07,Miami-Dade,S07-2021-P4,5,35,FL-8000,26.3,20.85,50.8,4.22,0
2021,S07,Miami-Dade,S07-2021-P4,6,42,FL-8000,23.8,18.79,30.4,4.22,0
2021,S07,Miami-Dade,S07-2021-P4,7,49,FL-8000,48.2,17.08,33.3,4.22,0
2021,S07,Miami-Dade,S07-2021-P4,8,56,FL-8000,38.9,17.84,43.1,4.22,0
2021,S07,Miami-Dade,S07-2021-P4,9,63,FL-8000,28.9,18.84,34.5,4.22,0
2021,S07,Miami-Dade,S07-2021-P4,10,70,FL-8000,19.9,17.42,50.6,4.22,0
2021,S07,Miami-Dade,S07-2021-P4,11,77,FL-8000,29.7,19.74,49.8,4.22,0
2021,S07,Miami-Dade,S07-2021-P4,12,84,FL-8000,24.0,18.27,43.4,4.22,0
2021,S07,Miami-Dade,S07-2021-P5,1,7,FL-8000,28.0,19.75,42.3,3.72,0
2021,S07,Miami-Dade,S07-2021-P5,2,14,FL-8000,32.3,16.33,38.5,3.72,0
2021,S07,Miami-Dade,S07-2021-P5,3,21,FL-8000,23.1,17.5,39.6,3.72,0
2021,S07,Miami-Dade,S07-2021-P5,4,28,FL-8000,33.4,18.01,39.3,3.72,0
2021,S07,Miami-Dade,S07-2021-P5,5,35,FL-8000,31.4,18.97,50.2,3.72,0
2021,S07,Miami-Dade,S07-2021-P5,6,42,FL-8000,31.4,17.56,43.6,3.72,0
2021,S07,Miami-Dade,S07-2021-P5,7,49,FL-8000,35.0,17.86,50.1,3.72,0
2021,S07,Miami-Dade,S07-2021-P5,8,56,FL-8000,36.4,17.59,34.7,3.72,0
2021,S07,Miami-Dade,S07-2021-P5,9,63,FL-8000,27.5,17.26,45.5,3.72,0
2021,S07,Miami-Dade,S07-2021-P5,10,70,FL-8000,24.5,17.14,48.2,3.72,0
2021,S07,Miami-Dade,S07-2021-P5,11,77,FL-8000,32.1,18.11,26.1,3.72,0
2021,S07,Miami-Dade,S07-2021-P5,12,84,FL-8000,25.4,20.57,37.0,3.72,0
2021,S07,Miami-Dade,S07-2021-P6,1,7,FL-8000,38.7,19.1,26.8,3.71,1
2021,S07,Miami-Dade,S07-2021-P6,2,14,FL-8000,30.6,18.26,45.9,3.71,0
2021,S07,Miami-Dade,S07-2021-P6,3,21,FL-8000,33.0,20.56,36.3,3.71,0
2021,S07,Miami-Dade,S07-2021-P6,4,28,FL-8000,39.8,19.79,35.2,3.71,0
2021,S07,Miami-Dade,S07-2021-P6,5,35,FL-8000,41.3,19.76,58.6,3.71,0
2021,S07,Miami-Dade,S07-2021-P6,6,42,FL-8000,32.0,18.72,52.5,3.71,0
2021,S07,Miami-Dade,S07-2021-P6,7,49,FL-8000,36.0,18.3,39.6,3.71,0
2021,S07,Miami-Dade,S07-2021-P6,8,56,FL-8000,27.7,17.42,21.8,3.71,0
2021,S07,Miami-Dade,S07-2021-P6,9,63,FL-8000,23.5,21.42,18.0,3.71,0
2021,S07,Miami-Dade,S07-2021-P6,10,70,FL-8000,23.8,20.73,41.6,3.71,0
2021,S07,Miami-Dade,S07-2021-P6,11,77,FL-8000,34.9,18.72,37.2,3.71,0
2021,S07,Miami-Dade,S07-2021-P6,12,84,FL-8000,26.1,19.53,34.3,3.71,0
2021,S08,Miami-Dade,S08-2021-P1,1,7,Sebring,27.7,18.37,41.4,1.77,0
2021,S08,Miami-Dade,S08-2021-P1,2,14,Sebring,22.5,20.65,39.5,1.77,0
2021,S08,Miami-Dade,S08-2021-P1,3,21,Sebring,27.1,20.71,27.8,1.77,0
2021,S08,Miami-Dade,S08-2021-P1,4,28,Sebring,31.1,20.49,40.3,1.77,0
2021,S08,Miami-Dade,S08-2021-P1,5,35,Sebring,21.7,19.86,17.2,1.77,0
2021,S08,Miami-Dade,S08-2021-P1,6,42,Sebring,39.0,20.61,42.5,1.77,0
2021,S08,Miami-Dade,S08-2021-P1,7,49,Sebring,23.3,19.03,24.1,1.77,0
2021,S08,Miami-Dade,S08-2021-P1,8,56,Sebring,20.2,19.16,36.3,1.77,0
2021,S08,Miami-Dade,S08-2021-P1,9,63,Sebring,21.2,21.8,26.7,1.77,0
2021,S08,Miami-Dade,S08-2021-P1,10,70,Sebring,31.0,21.67,30.2,1.77,0
2021,S08,Miami-Dade,S08-2021-P1,11,77,Sebring,28.1,20.36,34.9,1.77,0
2021,S08,Miami-Dade,S08-2021-P1,12,84,Sebring,21.7,20.63,33.6,1.77,0
2021,S08,Miami-Dade,S08-2021-P2,1,7,HM-1823,26.6,19.43,50.4,3.41,0
2021,S08,Miami-Dade,S08-2021-P2,2,14,HM-1823,29.2,21.41,36.3,3.41,0
2021,S08,Miami-Dade,S08-2021-P2,3,21,HM-1823,27.5,18.88,33.1,3.41,0
2021,S08,Miami-Dade,S08-2021-P2,4,28,HM-1823,32.3,20.1,38.2,3.41,1
2021,S08,Miami-Dade,S08-2021-P2,5,35,HM-1823,27.2,19.0,16.9,3.41,1
2021,S08,Miami-Dade,S08-2021-P2,6,42,HM-1823,21.4,21.61,35.5,3.41,0
2021,S08,Miami-Dade,S08-2021-P2,7,49,HM-1823,32.7,19.42,44.8,3.41,0
2021,S08,Miami-Dade,S08-2021-P2,8,56,HM-1823,28.4,18.46,36.2,3.41,0
2021,S08,Miami-Dade,S08-2021-P2,9,63,HM-1823,31.5,20.32,27.3,3.41,0
2021,S08,Miami-Dade,S08-2021-P2,10,70,HM-1823,29.3,19.99,17.8,3.41,0
2021,S08,Miami-Dade,S08-2021-P2,11,77,HM-1823,30.5,18.01,39.3,3.41,1
2021,S08,Miami-Dade,S08-2021-P2,12,84,HM-1823,20.5,19.39,37.2,3.41,0
2021,S08,Miami-Dade,S08-2021-P3,1,7,Sebring,27.4,20.2,0.0,4.12,0
2021,S08,Miami-Dade,S08-2021-P3,2,14,Sebring,21.0,17.01,35.0,4.12,0
2021,S08,Miami-Dade,S08-2021-P3,3,21,Sebring,28.3,18.35,18.9,4.12,0
2021,S08,Miami-Dade,S08-2021-P3,4,28,Sebring,27.3,20.74,25.6,4.12,1
2021,S08,Miami-Dade,S08-2021-P3,5,35,Sebring,25.8,18.15,20.1,4.12,0
2021,S08,Miami-Dade,S08-2021-P3,6,42,Sebring,16.0,19.7,31.6,4.12,1
2021,S08,Miami-Dade,S08-2021-P3,7,49,Sebring,23.0,18.52,6.9,4.12,0
2021,S08,Miami-Dade,S08-2021-P3,8,56,Sebring,24.7,18.62,9.4,4.12,0
2021,S08,Miami-Dade,S08-2021-P3,9,63,Sebring,25.4,19.15,15.9,4.12,0
2021,S08,Miami-Dade,S08-2021-P3,10,70,Sebring,16.6,18.87,32.7,4.12,0
2021,S08,Miami-Dade,S08-2021-P3,11,77,Sebring,34.0,19.26,10.1,4.12,0
2021,S08,Miami-Dade,S08-2021-P3,12,84,Sebring,32.0,20.35,24.7,4.12,1
2021,S08,Miami-Dade,S08-2021-P4,1,7,Sanibel,25.3,18.91,50.3,2.86,0
2021,S08,Miami-Dade,S08-2021-P4,2,14,Sanibel,21.2,19.91,43.3,2.86,1
2021,S08,Miami-Dade,S08-2021-P4,3,21,Sanibel,26.5,20.39,52.5,2.86,0
2021,S08,Miami-Dade,S08-2021-P4,4,28,Sanibel,27.8,20.33,32.0,2.86,0
2021,S08,Miami-Dade,S08-2021-P4,5,35,Sanibel,24.4,19.8,29.7,2.86,0
2021,S08,Miami-Dade,S08-2021-P4,6,42,Sanibel,28.5,18.78,48.9,2.86,0
2021,S08,Miami-Dade,S08-2021-P4,7,49,Sanibel,23.6,21.37,36.9,2.86,0
2021,S08,Miami-Dade,S08-2021-P4,8,56,Sanibel,14.8,21.62,25.7,2.86,0
2021,S08,Miami-Dade,S08-2021-P4,9,63,Sanibel,19.6,20.37,27.2,2.86,0
2021,S08,Miami-Dade,S08-2021-P4,10,70,Sanibel,17.7,19.61,35.1,2.86,0
2021,S08,Miami-Dade,S08-2021-P4,11,77,Sanibel,26.9,21.15,19.6,2.86,0
2021,S08,Miami-Dade,S08-2021-P4,12,84,Sanibel,21.4,21.85,35.5,2.86,0
2021,S08,Miami-Dade,S08-2021-P5,1,7,FL-8000,31.6,19.95,48.8,1.94,0
2021,S08,Miami-Dade,S08-2021-P5,2,14,FL-8000,23.7,19.14,19.7,1.94,0
2021,S08,Miami-Dade,S08-2021-P5,3,21,FL-8000,26.8,21.91,21.2,1.94,0
2021,S08,Miami-Dade,S08-2021-P5,4,28,FL-8000,36.4,20.54,28.8,1.94,0
2021,S08,Miami-Dade,S08-2021-P5,5,35,FL-8000,23.4,20.92,18.8,1.94,0
2021,S08,Miami-Dade,S08-2021-P5,6,42,FL-8000,38.2,20.51,18.2,1.94,0
2021,S08,Miami-Dade,S08-2021-P5,7,49,FL-8000,28.1,19.64,22.9,1.94,0
2021,S08,Miami-Dade,S08-2021-P5,8,56,FL-8000,19.4,22.24,30.5,1.94,0
2021,S08,Miami-Dade,S08-2021-P5,9,63,FL-8000,31.5,19.6,30.4,1.94,1
2021,S08,Miami-Dade,S08-2021-P5,10,70,FL-8000,18.5,22.15,17.1,1.94,0
2021,S08,Miami-Dade,S08-2021-P5,11,77,FL-8000,26.1,21.35,41.7,1.94,0
2021,S08,Miami-Dade,S08-2021-P5,12,84,FL-8000,32.1,20.05,23.7,1.94,0
2021,S08,Miami-Dade,S08-2021-P6,1,7,FL-8000,23.0,21.44,29.7,2.86,0
2021,S08,Miami-Dade,S08-2021-P6,2,14,FL-8000,32.3,18.48,35.2,2.86,1
2021,S08,Miami-Dade,S08-2021-P6,3,21,FL-8000,20.7,19.69,42.2,2.86,0
2021,S08,Miami-Dade,S08-2021-P6,4,28,FL-8000,27.0,21.25,33.1,2.86,0
2021,S08,Miami-Dade,S08-2021-P6,5,35,FL-8000,21.0,20.08,37.5,2.86,0
2021,S08,Miami-Dade,S08-2021-P6,6,42,FL-8000,19.5,19.55,48.2,2.86,0
2021,S08,Miami-Dade,S08-2021-P6,7,49,FL-8000,22.4,20.2,50.6,2.86,0
2021,S08,Miami-Dade,S08-2021-P6,8,56,FL-8000,25.8,19.26,24.3,2.86,0
2021,S08,Miami-Dade,S08-2021-P6,9,63,FL-8000,17.9,19.35,23.1,2.86,0
2021,S08,Miami-Dade,S08-2021-P6,10,70,FL-8000,24.3,18.15,28.7,2.86,0
2021,S08,Miami-Dade,S08-2021-P6,11,77,FL-8000,24.1,19.43,39.6,2.86,0
2021,S08,Miami-Dade,S08-2021-P6,12,84,FL-8000,27.3,19.73,18.5,2.86,0
2022,S01,Manatee,S01-2022-P1,1,7,Sanibel,36.9,20.02,37.8,2.42,0
2022,S01,Manatee,S01-2022-P1,2,14,Sanibel,29.4,18.09,21.8,2.42,0
2022,S01,Manatee,S01-2022-P1,3,21,Sanibel,37.1,18.88,38.1,2.42,0
2022,S01,Manatee,S01-2022-P1,4,28,Sanibel,23.5,19.66,40.1,2.42,0
2022,S01,Manatee,S01-2022-P1,5,35,Sanibel,23.4,18.85,25.6,2.42,0
2022,S01,Manatee,S01-2022-P1,6,42,Sanibel,29.8,19.74,26.5,2.42,0
2022,S01,Manatee,S01-2022-P1,7,49,Sanibel,33.3,18.73,12.7,2.42,0
2022,S01,Manatee,S01-2022-P1,8,56,Sanibel,34.2,21.06,23.6,2.42,0
2022,S01,Manatee,S01-2022-P1,9,63,Sanibel,39.8,21.98,30.1,2.42,0
2022,S01,Manatee,S01-2022-P1,10,70,Sanibel,38.8,19.99,46.9,2.42,1
2022,S01,Manatee,S01-2022-P1,11,77,Sanibel,26.3,20.26,27.4,2.42,0
2022,S01,Manatee,S01-2022-P1,12,84,Sanibel,24.9,18.83,26.8,2.42,0
2022,S01,Manatee,S01-2022-P2,1,7,Tygress,27.9,20.15,14.4,3.64,0
2022,S01,Manatee,S01-2022-P2,2,14,Tygress,26.9,18.73,38.5,3.64,0
2022,S01,Manatee,S01-2022-P2,3,21,Tygress,41.0,19.41,24.0,3.64,0
2022,S01,Manatee,S01-2022-P2,4,28,Tygress,27.7,18.03,34.8,3.64,0
2022,S01,Manatee,S01-2022-P2,5,35,Tygress,20.1,20.27,30.9,3.64,0
2022,S01,Manatee,S01-2022-P2,6,42,Tygress,31.5,18.56,17.0,3.64,0
2022,S01,Manatee,S01-2022-P2,7,49,Tygress,23.8,14.16,21.9,3.64,0
2022,S01,Manatee,S01-2022-P2,8,56,Tygress,32.8,18.42,33.9,3.64,0
2022,S01,Manatee,S01-2022-P2,9,63,Tygress,26.9,16.76,35.8,3.64,0
2022,S01,Manatee,S01-2022-P2,10,70,Tygress,33.1,17.3,20.7,3.64,0
2022,S01,Manatee,S01-2022-P2,11,77,Tygress,26.2,17.89,36.2,3.64,0
2022,S01,Manatee,S01-2022-P2,12,84,Tygress,23.4,18.36,15.4,3.64,0
2022,S01,Manatee,S01-2022-P3,1,7,FL-8000,21.4,19.36,34.1,1.58,0
2022,S01,Manatee,S01-2022-P3,2,14,FL-8000,27.1,18.06,40.6,1.58,0
2022,S01,Manatee,S01-2022-P3,3,21,FL-8000,24.4,21.26,27.5,1.58,0
2022,S01,Manatee,S01-2022-P3,4,28,FL-8000,27.1,18.12,60.2,1.58,0
2022,S01,Manatee,S01-2022-P3,5,35,FL-8000,26.5,20.75,17.4,1.58,0
2022,S01,Manatee,S01-2022-P3,6,42,FL-8000,25.9,21.22,37.5,1.58,0
2022,S01,Manatee,S01-2022-P3,7,49,FL-8000,25.5,19.61,35.0,1.58,0
2022,S01,Manatee,S01-2022-P3,8,56,FL-8000,28.7,20.16,28.4,1.58,0
2022,S01,Manatee,S01-2022-P3,9,63,FL-8000,31.9,18.89,41.6,1.58,0
2022,S01,Manatee,S01-2022-P3,10,70,FL-8000,28.6,20.02,37.5,1.58,0
2022,S01,Manatee,S01-2022-P3,11,77,FL-8000,17.6,19.36,24.6,1.58,0
2022,S01,Manatee,S01-2022-P3,12,84,FL-8000,31.2,18.48,21.9,1.58,0
2022,S01,Manatee,S01-2022-P4,1,7,Tygress,30.8,19.58,15.6,3.17,0
2022,S01,Manatee,S01-2022-P4,2,14,Tygress,29.2,22.34,21.0,3.17,0
2022,S01,Manatee,S01-2022-P4,3,21,Tygress,24.6,19.88,27.5,3.17,0
2022,S01,Manatee,S01-2022-P4,4,28,Tygress,23.1,19.82,18.1,3.17,0
2022,S01,Manatee,S01-2022-P4,5,35,Tygress,29.4,19.26,38.7,3.17,0
2022,S01,Manatee,S01-2022-P4,6,42,Tygress,12.1,20.59,9.6,3.17,0
2022,S01,Manatee,S01-2022-P4,7,49,Tygress,20.4,21.37,19.2,3.17,0
2022,S01,Manatee,S01-2022-P4,8,56,Tygress,41.4,20.88,16.6,3.17,0
2022,S01,Manatee,S01-2022-P4,9,63,Tygress,40.2,18.95,10.9,3.17,0
2022,S01,Manatee,S01-2022-P4,10,70,Tygress,25.6,20.49,11.9,3.17,1
2022,S01,Manatee,S01-2022-P4,11,77,Tygress,32.0,20.01,19.6,3.17,0
2022,S01,Manatee,S01-2022-P4,12,84,Tygress,24.1,15.73,24.6,3.17,1
2022,S01,Manatee,S01-2022-P5,1,7,FL-8000,24.4,19.96,47.6,3.49,0
2022,S01,Manatee,S01-2022-P5,2,14,FL-8000,34.9,19.59,29.1,3.49,0
2022,S01,Manatee,S01-2022-P5,3,21,FL-8000,38.4,17.56,24.5,3.49,0
2022,S01,Manatee,S01-2022-P5,4,28,FL-8000,37.4,19.94,28.4,3.49,0
2022,S01,Manatee,S01-2022-P5,5,35,FL-8000,34.8,19.91,36.2,3.49,0
2022,S01,Manatee,S01-2022-P5,6,42,FL-8000,29.0,18.68,45.5,3.49,0
2022,S01,Manatee,S01-2022-P5,7,49,FL-8000,34.9,18.95,52.7,3.49,1
2022,S01,Manatee,S01-2022-P5,8,56,FL-8000,41.6,19.48,32.6,3.49,1
2022,S01,Manatee,S01-2022-P5,9,63,FL-8000,23.5,18.9,50.6,3.49,0
2022,S01,Manatee,S01-2022-P5,10,70,FL-8000,30.0,20.42,38.4,3.49,0
2022,S01,Manatee,S01-2022-P5,11,77,FL-8000,22.8,20.54,29.8,3.49,0
2022,S01,Manatee,S01-2022-P5,12,84,FL-8000,37.3,19.29,28.9,3.49,0
2022,S01,Manatee,S01-2022-P6,1,7,FL-8000,24.6,19.15,35.6,4.62,0
2022,S01,Manatee,S01-2022-P6,2,14,FL-8000,20.7,20.02,48.7,4.62,0
2022,S01,Manatee,S01-2022-P6,3,21,FL-8000,36.9,19.1,25.3,4.62,0
2022,S01,Manatee,S01-2022-P6,4,28,FL-8000,34.6,20.76,25.3,4.62,0
2022,S01,Manatee,S01-2022-P6,5,35,FL-8000,27.5,19.36,21.6,4.62,0
2022,S01,Manatee,S01-2022-P6,6,42,FL-8000,15.7,18.17,30.9,4.62,0
2022,S01,Manatee,S01-2022-P6,7,49,FL-8000,28.3,19.9,38.3,4.62,0
2022,S01,Manatee,S01-2022-P6,8,56,FL-8000,35.9,17.44,27.2,4.62,0
2022,S01,Manatee,S01-2022-P6,9,63,FL-8000,24.9,20.38,25.2,4.62,0
2022,S01,Manatee,S01-2022-P6,10,70,FL-8000,33.0,17.03,22.7,4.62,0
2022,S01,Manatee,S01-2022-P6,11,77,FL-8000,31.7,19.66,34.2,4.62,0
2022,S01,Manatee,S01-2022-P6,12,84,FL-8000,22.0,17.18,31.3,4.62,0
2022,S02,Manatee,S02-2022-P1,1,7,FL-8000,39.5,17.98,32.7,0.96,0
2022,S02,Manatee,S02-2022-P1,2,14,FL-8000,20.8,20.11,31.8,0.96,0
2022,S02,Manatee,S02-2022-P1,3,21,FL-8000,20.5,17.01,23.3,0.96,0
2022,S02,Manatee,S02-2022-P1,4,28,FL-8000,23.6,19.03,26.3,0.96,0
2022,S02,Manatee,S02-2022-P1,5,35,FL-8000,26.5,17.72,55.4,0.96,0
2022,S02,Manatee,S02-2022-P1,6,42,FL-8000,20.0,18.36,42.5,0.96,0
2022,S02,Manatee,S02-2022-P1,7,49,FL-8000,26.5,18.75,24.2,0.96,0
2022,S02,Manatee,S02-2022-P1,8,56,FL-8000,14.5,18.81,18.6,0.96,0
2022,S02,Manatee,S02-2022-P1,9,63,FL-8000,23.5,18.47,20.1,0.96,0
2022,S02,Manatee,S02-2022-P1,10,70,FL-8000,27.6,21.19,19.3,0.96,0
2022,S02,Manatee,S02-2022-P1,11,77,FL-8000,30.9,16.37,16.3,0.96,0
2022,S02,Manatee,S02-2022-P1,12,84,FL-8000,24.9,16.14,24.5,0.96,0
2022,S02,Manatee,S02-2022-P2,1,7,FL-8000,23.4,16.6,26.7,3.0,0
2022,S02,Manatee,S02-2022-P2,2,14,FL-8000,37.7,18.43,34.8,3.0,1
2022,S02,Manatee,S02-2022-P2,3,21,FL-8000,31.1,19.04,41.4,3.0,0
2022,S02,Manatee,S02-2022-P2,4,28,FL-8000,37.4,19.55,30.5,3.0,1
2022,S02,Manatee,S02-2022-P2,5,35,FL-8000,37.9,17.56,35.7,3.0,1
2022,S02,Manatee,S02-2022-P2,6,42,FL-8000,39.7,18.26,24.9,3.0,0
2022,S02,Manatee,S02-2022-P2,7,49,FL-8000,32.7,16.89,25.3,3.0,0
2022,S02,Manatee,S02-2022-P2,8,56,FL-8000,23.6,17.29,34.8,3.0,0
2022,S02,Manatee,S02-2022-P2,9,63,FL-8000,29.3,17.94,26.5,3.0,0
2022,S02,Manatee,S02-2022-P2,10,70,FL-8000,30.9,20.06,36.5,3.0,0
2022,S02,Manatee,S02-2022-P2,11,77,FL-8000,24.8,20.18,36.8,3.0,1
2022,S02,Manatee,S02-2022-P2,12,84,FL-8000,27.7,17.03,29.3,3.0,0
2022,S02,Manatee,S02-2022-P3,1,7,Sebring,35.7,17.4,8.1,2.83,0
2022,S02,Manatee,S02-2022-P3,2,14,Sebring,35.2,19.09,22.4,2.83,0
2022,S02,Manatee,S02-2022-P3,3,21,Sebring,20.8,18.82,10.6,2.83,0
2022,S02,Manatee,S02-2022-P3,4,28,Sebring,22.8,20.48,26.9,2.83,0
2022,S02,Manatee,S02-2022-P3,5,35,Sebring,26.8,19.37,16.4,2.83,0
2022,S02,Manatee,S02-2022-P3,6,42,Sebring,28.7,21.0,19.1,2.83,0
2022,S02,Manatee,S02-2022-P3,7,49,Sebring,15.2,19.82,21.8,2.83,0
2022,S02,Manatee,S02-2022-P3,8,56,Sebring,32.2,19.49,8.4,2.83,0
2022,S02,Manatee,S02-2022-P3,9,63,Sebring,25.4,20.92,17.6,2.83,1
2022,S02,Manatee,S02-2022-P3,10,70,Sebring,23.4,19.06,8.6,2.83,0
2022,S02,Manatee,S02-2022-P3,11,77,Sebring,26.7,18.15,18.5,2.83,0
2022,S02,Manatee,S02-2022-P3,12,84,Sebring,25.5,19.93,38.1,2.83,1
2022,S02,Manatee,S02-2022-P4,1,7,HM-1823,33.5,16.51,47.2,2.81,0
2022,S02,Manatee,S02-2022-P4,2,14,HM-1823,12.0,17.63,54.4,2.81,1
2022,S02,Manatee,S02-2022-P4,3,21,HM-1823,30.3,16.29,43.2,2.81,0
2022,S02,Manatee,S02-2022-P4,4,28,HM-1823,28.5,18.42,45.1,2.81,0
2022,S02,Manatee,S02-2022-P4,5,35,HM-1823,37.6,17.69,51.6,2.81,0
2022,S02,Manatee,S02-2022-P4,6,42,HM-1823,33.7,17.04,44.2,2.81,0
2022,S02,Manatee,S02-2022-P4,7,49,HM-1823,19.7,17.57,40.5,2.81,0
2022,S02,Manatee,S02-2022-P4,8,56,HM-1823,16.8,16.8,45.5,2.81,0
2022,S02,Manatee,S02-2022-P4,9,63,HM-1823,25.7,18.01,44.9,2.81,0
2022,S02,Manatee,S02-2022-P4,10,70,HM-1823,31.8,17.97,45.4,2.81,0
2022,S02,Manatee,S02-2022-P4,11,77,HM-1823,26.1,19.41,66.0,2.81,1
2022,S02,Manatee,S02-2022-P4,12,84,HM-1823,21.9,17.42,42.6,2.81,0
2022,S02,Manatee,S02-2022-P5,1,7,Sanibel,34.9,18.65,39.1,2.88,0
2022,S02,Manatee,S02-2022-P5,2,14,Sanibel,27.6,19.25,17.5,2.88,0
2022,S02,Manatee,S02-2022-P5,3,21,Sanibel,29.7,19.26,9.6,2.88,0
2022,S02,Manatee,S02-2022-P5,4,28,Sanibel,22.7,17.99,29.6,2.88,0
2022,S02,Manatee,S02-2022-P5,5,35,Sanibel,23.7,19.86,22.7,2.88,0
2022,S02,Manatee,S02-2022-P5,6,42,Sanibel,18.8,18.57,30.1,2.88,0
2022,S02,Manatee,S02-2022-P5,7,49,Sanibel,31.9,18.19,31.6,2.88,0
2022,S02,Manatee,S02-2022-P5,8,56,Sanibel,32.4,19.9,22.4,2.88,0
2022,S02,Manatee,S02-2022-P5,9,63,Sanibel,15.4,18.97,25.4,2.88,0
2022,S02,Manatee,S02-2022-P5,10,70,Sanibel,24.0,16.0,35.9,2.88,0
2022,S02,Manatee,S02-2022-P5,11,77,Sanibel,29.2,20.18,0.0,2.88,0
2022,S02,Manatee,S02-2022-P5,12,84,Sanibel,14.7,17.98,33.0,2.88,0
2022,S02,Manatee,S02-2022-P6,1,7,FL-8000,31.2,17.5,30.6,1.76,0
2022,S02,Manatee,S02-2022-P6,2,14,FL-8000,26.4,19.17,32.7,1.76,0
2022,S02,Manatee,S02-2022-P6,3,21,FL-8000,32.6,17.53,34.7,1.76,0
2022,S02,Manatee,S02-2022-P6,4,28,FL-8000,32.3,16.48,32.7,1.76,0
2022,S02,Manatee,S02-2022-P6,5,35,FL-8000,20.3,18.86,27.6,1.76,0
2022,S02,Manatee,S02-2022-P6,6,42,FL-8000,30.9,19.46,17.8,1.76,0
2022,S02,Manatee,S02-2022-P6,7,49,FL-8000,36.2,18.01,22.3,1.76,0
2022,S02,Manatee,S02-2022-P6,8,56,FL-8000,41.1,20.69,33.3,1.76,0
2022,S02,Manatee,S02-2022-P6,9,63,FL-8000,28.6,16.27,38.7,1.76,0
2022,S02,Manatee,S02-2022-P6,10,70,FL-8000,24.0,17.28,41.5,1.76,0
2022,S02,Manatee,S02-2022-P6,11,77,FL-8000,16.4,16.82,33.0,1.76,0
2022,S02,Manatee,S02-2022-P6,12,84,FL-8000,42.3,19.49,17.2,1.76,0
2022,S03,Hillsborough,S03-2022-P1,1,7,Sebring,36.0,18.88,38.4,2.34,1
2022,S03,Hillsborough,S03-2022-P1,2,14,Sebring,42.1,16.15,51.2,2.34,0
2022,S03,Hillsborough,S03-2022-P1,3,21,Sebring,33.7,19.45,46.8,2.34,0
2022,S03,Hillsborough,S03-2022-P1,4,28,Sebring,35.4,18.26,64.6,2.34,0
2022,S03,Hillsborough,S03-2022-P1,5,35,Sebring,35.6,20.08,37.4,2.34,0
2022,S03,Hillsborough,S03-2022-P1,6,42,Sebring,33.5,17.86,38.0,2.34,0
2022,S03,Hillsborough,S03-2022-P1,7,49,Sebring,23.6,17.75,30.9,2.34,0
2022,S03,Hillsborough,S03-2022-P1,8,56,Sebring,32.6,17.64,32.9,2.34,0
2022,S03,Hillsborough,S03-2022-P1,9,63,Sebring,40.1,17.74,41.6,2.34,0
2022,S03,Hillsborough,S03-2022-P1,10,70,Sebring,35.0,15.98,48.0,2.34,0
2022,S03,Hillsborough,S03-2022-P1,11,77,Sebring,29.9,15.61,54.2,2.34,0
2022,S03,Hillsborough,S03-2022-P1,12,84,Sebring,31.1,18.29,38.5,2.34,0
2022,S03,Hillsborough,S03-2022-P2,1,7,FL-8000,34.6,17.06,31.9,3.54,0
2022,S03,Hillsborough,S03-2022-P2,2,14,FL-8000,26.0,16.56,13.5,3.54,0
2022,S03,Hillsborough,S03-2022-P2,3,21,FL-8000,30.9,16.22,26.0,3.54,0
2022,S03,Hillsborough,S03-2022-P2,4,28,FL-8000,30.3,17.38,31.7,3.54,1
2022,S03,Hillsborough,S03-2022-P2,5,35,FL-8000,27.8,17.99,26.1,3.54,0
2022,S03,Hillsborough,S03-2022-P2,6,42,FL-8000,30.9,17.61,23.7,3.54,0
2022,S03,Hillsborough,S03-2022-P2,7,49,FL-8000,39.2,16.03,21.4,3.54,0
2022,S03,Hillsborough,S03-2022-P2,8,56,FL-8000,23.8,16.95,22.0,3.54,0
2022,S03,Hillsborough,S03-2022-P2,9,63,FL-8000,36.7,17.16,22.6,3.54,0
2022,S03,Hillsborough,S03-2022-P2,10,70,FL-8000,38.2,18.43,22.2,3.54,0
2022,S03,Hillsborough,S03-2022-P2,11,77,FL-8000,26.9,17.34,32.3,3.54,1
2022,S03,Hillsborough,S03-2022-P2,12,84,FL-8000,26.4,17.58,22.8,3.54,0
2022,S03,Hillsborough,S03-2022-P3,1,7,HM-1823,31.5,18.05,35.1,3.02,0
2022,S03,Hillsborough,S03-2022-P3,2,14,HM-1823,30.2,18.81,23.8,3.02,0
2022,S03,Hillsborough,S03-2022-P3,3,21,HM-1823,28.8,18.31,16.1,3.02,0
2022,S03,Hillsborough,S03-2022-P3,4,28,HM-1823,27.4,18.7,22.9,3.02,0
2022,S03,Hillsborough,S03-2022-P3,5,35,HM-1823,28.1,19.29,20.7,3.02,0
2022,S03,Hillsborough,S03-2022-P3,6,42,HM-1823,27.7,15.46,18.0,3.02,0
2022,S03,Hillsborough,S03-2022-P3,7,49,HM-1823,30.1,17.78,34.2,3.02,0
2022,S03,Hillsborough,S03-2022-P3,8,56,HM-1823,15.5,17.67,34.6,3.02,0
2022,S03,Hillsborough,S03-2022-P3,9,63,HM-1823,29.4,17.01,17.3,3.02,0
2022,S03,Hillsborough,S03-2022-P3,10,70,HM-1823,36.7,17.46,26.5,3.02,0
2022,S03,Hillsborough,S03-2022-P3,11,77,HM-1823,32.1,17.3,35.6,3.02,0
2022,S03,Hillsborough,S03-2022-P3,12,84,HM-1823,27.7,17.96,27.8,3.02,1
2022,S03,Hillsborough,S03-2022-P4,1,7,Tygress,38.5,20.71,38.5,2.33,0
2022,S03,Hillsborough,S03-2022-P4,2,14,Tygress,37.1,19.52,22.9,2.33,0
2022,S03,Hillsborough,S03-2022-P4,3,21,Tygress,31.1,17.94,42.6,2.33,0
2022,S03,Hillsborough,S03-2022-P4,4,28,Tygress,30.3,20.16,33.9,2.33,0
2022,S03,Hillsborough,S03-2022-P4,5,35,Tygress,33.1,18.64,37.8,2.33,0
2022,S03,Hillsborough,S03-2022-P4,6,42,Tygress,29.6,16.79,38.6,2.33,0
2022,S03,Hillsborough,S03-2022-P4,7,49,Tygress,34.1,17.9,37.7,2.33,0
2022,S03,Hillsborough,S03-2022-P4,8,56,Tygress,38.4,17.47,23.7,2.33,0
2022,S03,Hillsborough,S03-2022-P4,9,63,Tygress,31.3,21.65,37.3,2.33,0
2022,S03,Hillsborough,S03-2022-P4,10,70,Tygress,35.4,18.74,50.6,2.33,0
2022,S03,Hillsborough,S03-2022-P4,11,77,Tygress,38.0,17.65,38.8,2.33,0
2022,S03,Hillsborough,S03-2022-P4,12,84,Tygress,28.4,18.5,37.2,2.33,0
2022,S03,Hillsborough,S03-2022-P5,1,7,HM-1823,37.9,17.74,46.7,3.61,1
2022,S03,Hillsborough,S03-2022-P5,2,14,HM-1823,19.4,18.45,27.0,3.61,1
2022,S03,Hillsborough,S03-2022-P5,3,21,HM-1823,26.8,18.56,29.6,3.61,0
2022,S03,Hillsborough,S03-2022-P5,4,28,HM-1823,34.5,18.4,27.6,3.61,1
2022,S03,Hillsborough,S03-2022-P5,5,35,HM-1823,26.3,16.11,34.4,3.61,0
2022,S03,Hillsborough,S03-2022-P5,6,42,HM-1823,36.6,19.42,39.7,3.61,1
2022,S03,Hillsborough,S03-2022-P5,7,49,HM-1823,33.5,17.39,39.1,3.61,1
2022,S03,Hillsborough,S03-2022-P5,8,56,HM-1823,36.3,18.9,30.8,3.61,1
2022,S03,Hillsborough,S03-2022-P5,9,63,HM-1823,33.2,18.15,49.1,3.61,0
2022,S03,Hillsborough,S03-2022-P5,10,70,HM-1823,32.9,15.81,37.8,3.61,0
2022,S03,Hillsborough,S03-2022-P5,11,77,HM-1823,20.2,17.93,25.2,3.61,0
2022,S03,Hillsborough,S03-2022-P5,12,84,HM-1823,33.1,18.56,31.6,3.61,1
2022,S03,Hillsborough,S03-2022-P6,1,7,FL-8000,33.0,15.89,13.1,4.02,0
2022,S03,Hillsborough,S03-2022-P6,2,14,FL-8000,28.8,18.19,13.5,4.02,0
2022,S03,Hillsborough,S03-2022-P6,3,21,FL-8000,40.4,19.37,23.0,4.02,0
2022,S03,Hillsborough,S03-2022-P6,4,28,FL-8000,26.1,17.63,21.3,4.02,1
2022,S03,Hillsborough,S03-2022-P6,5,35,FL-8000,25.7,15.82,14.1,4.02,0
2022,S03,Hillsborough,S03-2022-P6,6,42,FL-8000,34.7,16.9,11.1,4.02,0
2022,S03,Hillsborough,S03-2022-P6,7,49,FL-8000,35.7,18.56,7.5,4.02,0
2022,S03,Hillsborough,S03-2022-P6,8,56,FL-8000,29.8,17.93,28.3,4.02,1
2022,S03,Hillsborough,S03-2022-P6,9,63,FL-8000,30.8,16.92,23.7,4.02,0
2022,S03,Hillsborough,S03-2022-P6,10,70,FL-8000,25.4,19.86,9.7,4.02,0
2022,S03,Hillsborough,S03-2022-P6,11,77,FL-8000,13.1,18.24,13.8,4.02,0
2022,S03,Hillsborough,S03-2022-P6,12,84,FL-8000,24.7,16.71,28.4,4.02,0
2022,S04,Hillsborough,S04-2022-P1,1,7,Sanibel,32.1,16.99,42.1,2.74,0
2022,S04,Hillsborough,S04-2022-P1,2,14,Sanibel,19.8,17.75,37.3,2.74,0
2022,S04,Hillsborough,S04-2022-P1,3,21,Sanibel,38.6,18.66,25.8,2.74,0
2022,S04,Hillsborough,S04-2022-P1,4,28,Sanibel,27.2,15.69,30.7,2.74,0
2022,S04,Hillsborough,S04-2022-P1,5,35,Sanibel,23.5,15.95,30.0,2.74,0
2022,S04,Hillsborough,S04-2022-P1,6,42,Sanibel,36.4,18.82,24.0,2.74,0
2022,S04,Hillsborough,S04-2022-P1,7,49,Sanibel,29.5,16.36,23.5,2.74,0
2022,S04,Hillsborough,S04-2022-P1,8,56,Sanibel,19.5,17.87,17.2,2.74,0
2022,S04,Hillsborough,S04-2022-P1,9,63,Sanibel,31.4,15.99,48.6,2.74,0
2022,S04,Hillsborough,S04-2022-P1,10,70,Sanibel,29.9,19.37,25.7,2.74,0
2022,S04,Hillsborough,S04-2022-P1,11,77,Sanibel,34.1,16.06,18.6,2.74,0
2022,S04,Hillsborough,S04-2022-P1,12,84,Sanibel,36.9,18.97,33.8,2.74,0
2022,S04,Hillsborough,S04-2022-P2,1,7,Tygress,41.6,19.51,22.0,3.11,0
2022,S04,Hillsborough,S04-2022-P2,2,14,Tygress,29.9,15.67,28.4,3.11,0
2022,S04,Hillsborough,S04-2022-P2,3,21,Tygress,32.3,19.64,34.1,3.11,0
2022,S04,Hillsborough,S04-2022-P2,4,28,Tygress,30.4,18.5,27.9,3.11,0
2022,S04,Hillsborough,S04-2022-P2,5,35,Tygress,26.0,18.44,31.3,3.11,0
2022,S04,Hillsborough,S04-2022-P2,6,42,Tygress,44.1,18.47,33.4,3.11,0
2022,S04,Hillsborough,S04-2022-P2,7,49,Tygress,31.2,16.66,30.8,3.11,0
2022,S04,Hillsborough,S04-2022-P2,8,56,Tygress,39.0,16.53,31.8,3.11,0
2022,S04,Hillsborough,S04-2022-P2,9,63,Tygress,39.1,17.33,43.1,3.11,0
2022,S04,Hillsborough,S04-2022-P2,10,70,Tygress,34.6,17.94,48.3,3.11,0
2022,S04,Hillsborough,S04-2022-P2,11,77,Tygress,28.0,15.78,29.3,3.11,0
2022,S04,Hillsborough,S04-2022-P2,12,84,Tygress,37.7,16.44,23.0,3.11,0
2022,S04,Hillsborough,S04-2022-P3,1,7,HM-1823,36.1,16.09,36.2,4.06,0
2022,S04,Hillsborough,S04-2022-P3,2,14,HM-1823,40.3,17.22,43.3,4.06,1
2022,S04,Hillsborough,S04-2022-P3,3,21,HM-1823,42.7,18.09,21.9,4.06,1
2022,S04,Hillsborough,S04-2022-P3,4,28,HM-1823,36.9,18.26,44.2,4.06,0
2022,S04,Hillsborough,S04-2022-P3,5,35,HM-1823,32.6,16.54,41.0,4.06,0
2022,S04,Hillsborough,S04-2022-P3,6,42,HM-1823,41.8,17.36,36.0,4.06,0
2022,S04,Hillsborough,S04-2022-P3,7,49,HM-1823,36.1,19.04,36.3,4.06,1
2022,S04,Hillsborough,S04-2022-P3,8,56,HM-1823,30.7,18.68,34.8,4.06,1
2022,S04,Hillsborough,S04-2022-P3,9,63,HM-1823,32.7,18.57,36.3,4.06,0
2022,S04,Hillsborough,S04-2022-P3,10,70,HM-1823,37.2,17.84,37.4,4.06,0
2022,S04,Hillsborough,S04-2022-P3,11,77,HM-1823,19.8,15.9,21.7,4.06,0
2022,S04,Hillsborough,S04-2022-P3,12,84,HM-1823,29.4,19.39,33.8,4.06,0
2022,S04,Hillsborough,S04-2022-P4,1,7,Sebring,28.1,14.35,20.6,3.73,0
2022,S04,Hillsborough,S04-2022-P4,2,14,Sebring,37.3,15.61,21.5,3.73,0
2022,S04,Hillsborough,S04-2022-P4,3,21,Sebring,34.7,13.64,41.7,3.73,0
2022,S04,Hillsborough,S04-2022-P4,4,28,Sebring,29.8,17.06,24.7,3.73,0
2022,S04,Hillsborough,S04-2022-P4,5,35,Sebring,21.7,19.03,27.8,3.73,0
2022,S04,Hillsborough,S04-2022-P4,6,42,Sebring,40.3,16.93,36.6,3.73,0
2022,S04,Hillsborough,S04-2022-P4,7,49,Sebring,34.5,15.88,52.5,3.73,0
2022,S04,Hillsborough,S04-2022-P4,8,56,Sebring,35.7,14.19,35.0,3.73,1
2022,S04,Hillsborough,S04-2022-P4,9,63,Sebring,20.8,19.36,36.0,3.73,0
2022,S04,Hillsborough,S04-2022-P4,10,70,Sebring,36.7,16.43,35.0,3.73,1
2022,S04,Hillsborough,S04-2022-P4,11,77,Sebring,36.7,18.42,31.1,3.73,1
2022,S04,Hillsborough,S04-2022-P4,12,84,Sebring,18.1,16.26,26.8,3.73,1
2022,S04,Hillsborough,S04-2022-P5,1,7,FL-8000,32.4,18.34,21.9,2.95,0
2022,S04,Hillsborough,S04-2022-P5,2,14,FL-8000,40.7,17.23,33.7,2.95,0
2022,S04,Hillsborough,S04-2022-P5,3,21,FL-8000,39.5,17.05,26.4,2.95,0
2022,S04,Hillsborough,S04-2022-P5,4,28,FL-8000,40.3,16.62,32.2,2.95,0
2022,S04,Hillsborough,S04-2022-P5,5,35,FL-8000,29.2,14.61,22.0,2.95,0
2022,S04,Hillsborough,S04-2022-P5,6,42,FL-8000,34.4,15.77,14.4,2.95,0
2022,S04,Hillsborough,S04-2022-P5,7,49,FL-8000,25.9,17.3,30.7,2.95,0
2022,S04,Hillsborough,S04-2022-P5,8,56,FL-8000,24.7,17.79,22.0,2.95,0
2022,S04,Hillsborough,S04-2022-P5,9,63,FL-8000,32.1,14.92,21.5,2.95,0
2022,S04,Hillsborough,S04-2022-P5,10,70,FL-8000,40.8,15.23,9.2,2.95,0
2022,S04,Hillsborough,S04-2022-P5,11,77,FL-8000,33.6,14.04,24.5,2.95,0
2022,S04,Hillsborough,S04-2022-P5,12,84,FL-8000,25.4,17.45,24.1,2.95,0
2022,S04,Hillsborough,S04-2022-P6,1,7,Tygress,23.7,18.4,42.0,3.68,0
2022,S04,Hillsborough,S04-2022-P6,2,14,Tygress,41.4,17.3,38.9,3.68,0
2022,S04,Hillsborough,S04-2022-P6,3,21,Tygress,35.0,16.06,39.9,3.68,0
2022,S04,Hillsborough,S04-2022-P6,4,28,Tygress,39.6,19.1,52.7,3.68,1
2022,S04,Hillsborough,S04-2022-P6,5,35,Tygress,31.1,15.7,48.4,3.68,1
2022,S04,Hillsborough,S04-2022-P6,6,42,Tygress,33.3,18.04,37.2,3.68,0
2022,S04,Hillsborough,S04-2022-P6,7,49,Tygress,28.0,16.23,37.8,3.68,0
2022,S04,Hillsborough,S04-2022-P6,8,56,Tygress,30.8,17.33,40.3,3.68,0
2022,S04,Hillsborough,S04-2022-P6,9,63,Tygress,44.4,17.97,53.6,3.68,1
2022,S04,Hillsborough,S04-2022-P6,10,70,Tygress,40.3,19.73,45.0,3.68,0
2022,S04,Hillsborough,S04-2022-P6,11,77,Tygress,35.7,16.87,51.9,3.68,0
2022,S04,Hillsborough,S04-2022-P6,12,84,Tygress,28.8,16.63,62.0,3.68,0
2022,S05,Collier,S05-2022-P1,1,7,Sebring,27.4,17.19,25.0,2.16,0
2022,S05,Collier,S05-2022-P1,2,14,Sebring,36.0,17.8,36.8,2.16,0
2022,S05,Collier,S05-2022-P1,3,21,Sebring,27.3,20.09,10.8,2.16,0
2022,S05,Collier,S05-2022-P1,4,28,Sebring,43.9,16.98,41.4,2.16,0
2022,S05,Collier,S05-2022-P1,5,35,Sebring,28.8,16.11,39.5,2.16,0
2022,S05,Collier,S05-2022-P1,6,42,Sebring,22.8,17.81,28.5,2.16,0
2022,S05,Collier,S05-2022-P1,7,49,Sebring,32.0,18.16,42.1,2.16,0
2022,S05,Collier,S05-2022-P1,8,56,Sebring,25.8,18.84,27.1,2.16,0
2022,S05,Collier,S05-2022-P1,9,63,Sebring,36.2,17.01,16.3,2.16,0
2022,S05,Collier,S05-2022-P1,10,70,Sebring,30.0,17.5,36.3,2.16,0
2022,S05,Collier,S05-2022-P1,11,77,Sebring,24.3,17.71,31.8,2.16,0
2022,S05,Collier,S05-2022-P1,12,84,Sebring,21.0,20.13,20.7,2.16,0
2022,S05,Collier,S05-2022-P2,1,7,FL-8000,24.7,20.07,16.6,3.56,0
2022,S05,Collier,S05-2022-P2,2,14,FL-8000,27.6,19.28,26.6,3.56,0
2022,S05,Collier,S05-2022-P2,3,21,FL-8000,30.5,20.86,29.0,3.56,0
2022,S05,Collier,S05-2022-P2,4,28,FL-8000,23.5,19.46,26.6,3.56,0
2022,S05,Collier,S05-2022-P2,5,35,FL-8000,31.8,18.37,15.8,3.56,0
2022,S05,Collier,S05-2022-P2,6,42,FL-8000,20.4,15.45,16.5,3.56,0
2022,S05,Collier,S05-2022-P2,7,49,FL-8000,26.8,19.49,29.2,3.56,0
2022,S05,Collier,S05-2022-P2,8,56,FL-8000,22.3,18.57,10.7,3.56,0
2022,S05,Collier,S05-2022-P2,9,63,FL-8000,14.5,20.13,39.7,3.56,0
2022,S05,Collier,S05-2022-P2,10,70,FL-8000,39.1,18.19,35.9,3.56,0
2022,S05,Collier,S05-2022-P2,11,77,FL-8000,24.9,19.9,30.8,3.56,0
2022,S05,Collier,S05-2022-P2,12,84,FL-8000,26.5,16.08,17.8,3.56,0
2022,S05,Collier,S05-2022-P3,1,7,Tygress,28.3,16.25,40.6,3.93,0
2022,S05,Collier,S05-2022-P3,2,14,Tygress,18.3,16.52,37.9,3.93,0
2022,S05,Collier,S05-2022-P3,3,21,Tygress,18.5,18.92,40.0,3.93,0
2022,S05,Collier,S05-2022-P3,4,28,Tygress,24.4,15.8,28.2,3.93,0
2022,S05,Collier,S05-2022-P3,5,35,Tygress,33.8,18.39,21.0,3.93,0
2022,S05,Collier,S05-2022-P3,6,42,Tygress,14.2,16.58,45.4,3.93,0
2022,S05,Collier,S05-2022-P3,7,49,Tygress,29.7,16.82,28.1,3.93,0
2022,S05,Collier,S05-2022-P3,8,56,Tygress,19.5,19.24,30.5,3.93,0
2022,S05,Collier,S05-2022-P3,9,63,Tygress,24.9,20.32,36.9,3.93,0
2022,S05,Collier,S05-2022-P3,10,70,Tygress,24.4,19.42,26.5,3.93,0
2022,S05,Collier,S05-2022-P3,11,77,Tygress,25.8,17.83,50.9,3.93,0
2022,S05,Collier,S05-2022-P3,12,84,Tygress,22.5,18.17,32.6,3.93,0
2022,S05,Collier,S05-2022-P4,1,7,FL-8000,41.3,17.12,0.0,3.07,0
2022,S05,Collier,S05-2022-P4,2,14,FL-8000,27.6,18.84,14.2,3.07,0
2022,S05,Collier,S05-2022-P4,3,21,FL-8000,28.7,20.44,11.3,3.07,0
2022,S05,Collier,S05-2022-P4,4,28,FL-8000,19.7,18.67,6.6,3.07,0
2022,S05,Collier,S05-2022-P4,5,35,FL-8000,27.7,17.68,8.1,3.07,0
2022,S05,Collier,S05-2022-P4,6,42,FL-8000,31.1,17.77,12.6,3.07,0
2022,S05,Collier,S05-2022-P4,7,49,FL-8000,22.4,18.46,25.9,3.07,0
2022,S05,Collier,S05-2022-P4,8,56,FL-8000,21.5,20.8,13.8,3.07,0
2022,S05,Collier,S05-2022-P4,9,63,FL-8000,26.9,19.31,20.5,3.07,0
2022,S05,Collier,S05-2022-P4,10,70,FL-8000,31.0,15.88,14.8,3.07,0
2022,S05,Collier,S05-2022-P4,11,77,FL-8000,37.2,18.39,9.6,3.07,0
2022,S05,Collier,S05-2022-P4,12,84,FL-8000,28.1,16.35,4.3,3.07,0
2022,S05,Collier,S05-2022-P5,1,7,FL-8000,28.3,20.82,16.0,4.0,0
2022,S05,Collier,S05-2022-P5,2,14,FL-8000,25.2,17.53,8.7,4.0,0
2022,S05,Collier,S05-2022-P5,3,21,FL-8000,30.5,20.6,16.2,4.0,0
2022,S05,Collier,S05-2022-P5,4,28,FL-8000,25.7,17.87,18.3,4.0,1
2022,S05,Collier,S05-2022-P5,5,35,FL-8000,21.7,20.18,21.8,4.0,0
2022,S05,Collier,S05-2022-P5,6,42,FL-8000,28.0,19.78,12.6,4.0,0
2022,S05,Collier,S05-2022-P5,7,49,FL-8000,26.8,19.33,14.5,4.0,1
2022,S05,Collier,S05-2022-P5,8,56,FL-8000,18.6,15.77,25.8,4.0,0
2022,S05,Collier,S05-2022-P5,9,63,FL-8000,25.5,19.14,10.6,4.0,1
2022,S05,Collier,S05-2022-P5,10,70,FL-8000,14.5,19.14,8.9,4.0,0
2022,S05,Collier,S05-2022-P5,11,77,FL-8000,21.0,19.74,13.0,4.0,1
2022,S05,Collier,S05-2022-P5,12,84,FL-8000,23.1,16.76,8.8,4.0,1
2022,S05,Collier,S05-2022-P6,1,7,HM-1823,35.5,18.97,35.8,2.29,0
2022,S05,Collier,S05-2022-P6,2,14,HM-1823,32.0,17.18,35.9,2.29,0
2022,S05,Collier,S05-2022-P6,3,21,HM-1823,34.4,17.24,18.2,2.29,0
2022,S05,Collier,S05-2022-P6,4,28,HM-1823,15.9,19.73,25.8,2.29,0
2022,S05,Collier,S05-2022-P6,5,35,HM-1823,30.1,19.79,27.7,2.29,0
2022,S05,Collier,S05-2022-P6,6,42,HM-1823,23.4,19.91,29.6,2.29,0
2022,S05,Collier,S05-2022-P6,7,49,HM-1823,32.2,17.97,36.3,2.29,0
2022,S05,Collier,S05-2022-P6,8,56,HM-1823,25.6,17.9,29.4,2.29,0
2022,S05,Collier,S05-2022-P6,9,63,HM-1823,29.1,17.31,25.7,2.29,0
2022,S05,Collier,S05-2022-P6,10,70,HM-1823,28.8,18.15,35.3,2.29,0
2022,S05,Collier,S05-2022-P6,11,77,HM-1823,34.8,19.04,47.1,2.29,0
2022,S05,Collier,S05-2022-P6,12,84,HM-1823,34.0,18.41,25.5,2.29,1
2022,S06,Collier,S06-2022-P1,1,7,FL-8000,22.2,19.07,55.1,4.75,1
2022,S06,Collier,S06-2022-P1,2,14,FL-8000,36.5,19.42,46.0,4.75,1
2022,S06,Collier,S06-2022-P1,3,21,FL-8000,36.7,17.54,50.0,4.75,1
2022,S06,Collier,S06-2022-P1,4,28,FL-8000,37.5,17.48,49.6,4.75,1
2022,S06,Collier,S06-2022-P1,5,35,FL-8000,37.8,17.17,51.3,4.75,1
2022,S06,Collier,S06-2022-P1,6,42,FL-8000,33.8,17.59,51.8,4.75,0
2022,S06,Collier,S06-2022-P1,7,49,FL-8000,30.2,17.77,51.2,4.75,0
2022,S06,Collier,S06-2022-P1,8,56,FL-8000,33.7,17.63,60.1,4.75,1
2022,S06,Collier,S06-2022-P1,9,63,FL-8000,29.2,18.93,60.6,4.75,0
2022,S06,Collier,S06-2022-P1,10,70,FL-8000,36.8,15.08,52.2,4.75,1
2022,S06,Collier,S06-2022-P1,11,77,FL-8000,32.2,18.56,64.0,4.75,1
2022,S06,Collier,S06-2022-P1,12,84,FL-8000,39.1,18.48,51.5,4.75,0
2022,S06,Collier,S06-2022-P2,1,7,FL-8000,33.3,19.24,68.7,3.38,0
2022,S06,Collier,S06-2022-P2,2,14,FL-8000,32.2,18.55,43.7,3.38,0
2022,S06,Collier,S06-2022-P2,3,21,FL-8000,26.0,18.74,58.0,3.38,0
2022,S06,Collier,S06-2022-P2,4,28,FL-8000,22.9,19.13,42.6,3.38,0
2022,S06,Collier,S06-2022-P2,5,35,FL-8000,40.0,19.21,54.0,3.38,0
2022,S06,Collier,S06-2022-P2,6,42,FL-8000,35.8,19.29,55.5,3.38,0
2022,S06,Collier,S06-2022-P2,7,49,FL-8000,34.2,19.35,55.7,3.38,0
2022,S06,Collier,S06-2022-P2,8,56,FL-8000,26.0,18.48,34.8,3.38,0
2022,S06,Collier,S06-2022-P2,9,63,FL-8000,26.7,16.03,48.1,3.38,0
2022,S06,Collier,S06-2022-P2,10,70,FL-8000,34.9,17.33,45.2,3.38,0
2022,S06,Collier,S06-2022-P2,11,77,FL-8000,34.3,18.02,41.8,3.38,0
2022,S06,Collier,S06-2022-P2,12,84,FL-8000,31.2,18.51,42.1,3.38,0
2022,S06,Collier,S06-2022-P3,1,7,Sanibel,32.3,20.38,41.6,3.37,0
2022,S06,Collier,S06-2022-P3,2,14,Sanibel,30.7,19.0,37.5,3.37,0
2022,S06,Collier,S06-2022-P3,3,21,Sanibel,36.4,19.51,53.4,3.37,0
2022,S06,Collier,S06-2022-P3,4,28,Sanibel,24.8,18.05,48.5,3.37,0
2022,S06,Collier,S06-2022-P3,5,35,Sanibel,32.2,19.32,67.1,3.37,0
2022,S06,Collier,S06-2022-P3,6,42,Sanibel,31.0,18.6,51.4,3.37,0
2022,S06,Collier,S06-2022-P3,7,49,Sanibel,30.2,18.51,48.1,3.37,0
2022,S06,Collier,S06-2022-P3,8,56,Sanibel,39.5,17.06,49.3,3.37,1
2022,S06,Collier,S06-2022-P3,9,63,Sanibel,25.6,19.99,54.8,3.37,0
2022,S06,Collier,S06-2022-P3,10,70,Sanibel,25.7,17.89,41.7,3.37,0
2022,S06,Collier,S06-2022-P3,11,77,Sanibel,26.5,18.43,41.1,3.37,0
2022,S06,Collier,S06-2022-P3,12,84,Sanibel,21.0,17.19,43.0,3.37,0
2022,S06,Collier,S06-2022-P4,1,7,Sebring,30.3,18.82,30.8,2.19,0
2022,S06,Collier,S06-2022-P4,2,14,Sebring,28.3,19.3,15.9,2.19,0
2022,S06,Collier,S06-2022-P4,3,21,Sebring,28.8,16.29,20.7,2.19,0
2022,S06,Collier,S06-2022-P4,4,28,Sebring,26.1,17.41,14.7,2.19,0
2022,S06,Collier,S06-2022-P4,5,35,Sebring,31.0,22.59,16.7,2.19,0
2022,S06,Collier,S06-2022-P4,6,42,Sebring,23.2,18.0,8.2,2.19,0
2022,S06,Collier,S06-2022-P4,7,49,Sebring,24.6,19.62,24.4,2.19,0
2022,S06,Collier,S06-2022-P4,8,56,Sebring,44.8,18.73,10.4,2.19,0
2022,S06,Collier,S06-2022-P4,9,63,Sebring,33.1,20.41,6.2,2.19,0
2022,S06,Collier,S06-2022-P4,10,70,Sebring,24.4,19.48,16.2,2.19,0
2022,S06,Collier,S06-2022-P4,11,77,Sebring,28.7,21.58,22.5,2.19,0
2022,S06,Collier,S06-2022-P4,12,84,Sebring,26.8,16.04,14.1,2.19,0
2022,S06,Collier,S06-2022-P5,1,7,Sanibel,16.1,17.48,30.7,2.96,0
2022,S06,Collier,S06-2022-P5,2,14,Sanibel,35.0,19.79,29.6,2.96,0
2022,S06,Collier,S06-2022-P5,3,21,Sanibel,14.9,18.17,32.1,2.96,0
2022,S06,Collier,S06-2022-P5,4,28,Sanibel,35.0,14.94,27.8,2.96,0
2022,S06,Collier,S06-2022-P5,5,35,Sanibel,25.7,18.06,22.8,2.96,0
2022,S06,Collier,S06-2022-P5,6,42,Sanibel,26.5,17.7,27.0,2.96,0
2022,S06,Collier,S06-2022-P5,7,49,Sanibel,26.2,17.95,38.1,2.96,0
2022,S06,Collier,S06-2022-P5,8,56,Sanibel,28.9,20.58,22.5,2.96,0
2022,S06,Collier,S06-2022-P5,9,63,Sanibel,25.2,16.89,15.8,2.96,1
2022,S06,Collier,S06-2022-P5,10,70,Sanibel,22.2,17.59,24.2,2.96,0
2022,S06,Collier,S06-2022-P5,11,77,Sanibel,26.3,16.96,29.0,2.96,0
2022,S06,Collier,S06-2022-P5,12,84,Sanibel,11.9,18.51,39.0,2.96,0
2022,S06,Collier,S06-2022-P6,1,7,Tygress,29.2,17.44,32.5,3.15,0
2022,S06,Collier,S06-2022-P6,2,14,Tygress,25.0,18.31,43.6,3.15,0
2022,S06,Collier,S06-2022-P6,3,21,Tygress,28.4,21.55,24.6,3.15,0
2022,S06,Collier,S06-2022-P6,4,28,Tygress,27.0,18.66,17.9,3.15,0
2022,S06,Collier,S06-2022-P6,5,35,Tygress,24.8,19.35,2.0,3.15,0
2022,S06,Collier,S06-2022-P6,6,42,Tygress,24.7,19.1,26.8,3.15,0
2022,S06,Collier,S06-2022-P6,7,49,Tygress,39.3,18.89,33.1,3.15,0
2022,S06,Collier,S06-2022-P6,8,56,Tygress,25.3,19.71,42.5,3.15,0
2022,S06,Collier,S06-2022-P6,9,63,Tygress,26.1,18.77,26.9,3.15,0
2022,S06,Collier,S06-2022-P6,10,70,Tygress,32.9,16.26,31.5,3.15,0
2022,S06,Collier,S06-2022-P6,11,77,Tygress,30.0,20.02,32.1,3.15,0
2022,S06,Collier,S06-2022-P6,12,84,Tygress,29.1,19.37,36.5,3.15,0
2022,S07,Miami-Dade,S07-2022-P1,1,7,FL-8000,38.1,18.67,40.4,4.84,0
2022,S07,Miami-Dade,S07-2022-P1,2,14,FL-8000,28.5,18.15,45.7,4.84,0
2022,S07,Miami-Dade,S07-2022-P1,3,21,FL-8000,34.4,17.81,17.2,4.84,0
2022,S07,Miami-Dade,S07-2022-P1,4,28,FL-8000,30.1,17.64,27.7,4.84,0
2022,S07,Miami-Dade,S07-2022-P1,5,35,FL-8000,28.4,16.17,16.8,4.84,0
2022,S07,Miami-Dade,S07-2022-P1,6,42,FL-8000,36.2,16.8,22.1,4.84,0
2022,S07,Miami-Dade,S07-2022-P1,7,49,FL-8000,21.6,17.51,21.9,4.84,0
2022,S07,Miami-Dade,S07-2022-P1,8,56,FL-8000,21.0,17.11,31.8,4.84,0
2022,S07,Miami-Dade,S07-2022-P1,9,63,FL-8000,32.3,16.32,33.2,4.84,0
2022,S07,Miami-Dade,S07-2022-P1,10,70,FL-8000,32.7,17.88,34.2,4.84,0
2022,S07,Miami-Dade,S07-2022-P1,11,77,FL-8000,28.4,16.48,20.8,4.84,0
2022,S07,Miami-Dade,S07-2022-P1,12,84,FL-8000,25.7,18.73,14.4,4.84,1
2022,S07,Miami-Dade,S07-2022-P2,1,7,Sanibel,33.9,19.69,15.0,2.43,0
2022,S07,Miami-Dade,S07-2022-P2,2,14,Sanibel,37.4,17.8,19.3,2.43,0
2022,S07,Miami-Dade,S07-2022-P2,3,21,Sanibel,25.8,16.98,0.0,2.43,0
2022,S07,Miami-Dade,S07-2022-P2,4,28,Sanibel,28.5,17.8,15.7,2.43,0
2022,S07,Miami-Dade,S07-2022-P2,5,35,Sanibel,35.6,19.79,19.3,2.43,0
2022,S07,Miami-Dade,S07-2022-P2,6,42,Sanibel,30.5,16.72,0.0,2.43,0
2022,S07,Miami-Dade,S07-2022-P2,7,49,Sanibel,33.1,17.37,29.4,2.43,0
2022,S07,Miami-Dade,S07-2022-P2,8,56,Sanibel,25.9,18.1,19.6,2.43,0
2022,S07,Miami-Dade,S07-2022-P2,9,63,Sanibel,34.9,16.27,7.1,2.43,0
2022,S07,Miami-Dade,S07-2022-P2,10,70,Sanibel,36.0,17.0,8.3,2.43,0
2022,S07,Miami-Dade,S07-2022-P2,11,77,Sanibel,22.1,18.98,12.9,2.43,0
2022,S07,Miami-Dade,S07-2022-P2,12,84,Sanibel,30.7,18.15,22.2,2.43,0
2022,S07,Miami-Dade,S07-2022-P3,1,7,FL-8000,28.3,18.95,16.6,4.01,0
2022,S07,Miami-Dade,S07-2022-P3,2,14,FL-8000,29.1,17.28,7.4,4.01,0
2022,S07,Miami-Dade,S07-2022-P3,3,21,FL-8000,24.7,18.89,22.3,4.01,0
2022,S07,Miami-Dade,S07-2022-P3,4,28,FL-8000,24.8,19.49,9.3,4.01,1
2022,S07,Miami-Dade,S07-2022-P3,5,35,FL-8000,28.8,19.36,16.4,4.01,0
2022,S07,Miami-Dade,S07-2022-P3,6,42,FL-8000,27.7,17.62,26.6,4.01,0
2022,S07,Miami-Dade,S07-2022-P3,7,49,FL-8000,28.1,16.14,20.4,4.01,0
2022,S07,Miami-Dade,S07-2022-P3,8,56,FL-8000,33.4,15.14,2.0,4.01,1
2022,S07,Miami-Dade,S07-2022-P3,9,63,FL-8000,43.6,17.83,18.1,4.01,0
2022,S07,Miami-Dade,S07-2022-P3,10,70,FL-8000,27.0,17.31,2.6,4.01,1
2022,S07,Miami-Dade,S07-2022-P3,11,77,FL-8000,25.5,18.34,11.5,4.01,1
2022,S07,Miami-Dade,S07-2022-P3,12,84,FL-8000,26.9,16.85,9.5,4.01,1
2022,S07,Miami-Dade,S07-2022-P4,1,7,FL-8000,23.3,19.31,21.7,4.01,1
2022,S07,Miami-Dade,S07-2022-P4,2,14,FL-8000,22.7,19.1,10.9,4.01,0
2022,S07,Miami-Dade,S07-2022-P4,3,21,FL-8000,29.7,19.55,23.8,4.01,0
2022,S07,Miami-Dade,S07-2022-P4,4,28,FL-8000,27.4,18.92,21.7,4.01,0
2022,S07,Miami-Dade,S07-2022-P4,5,35,FL-8000,33.9,17.25,30.2,4.01,1
2022,S07,Miami-Dade,S07-2022-P4,6,42,FL-8000,25.7,16.18,8.2,4.01,0
2022,S07,Miami-Dade,S07-2022-P4,7,49,FL-8000,16.7,20.05,22.1,4.01,0
2022,S07,Miami-Dade,S07-2022-P4,8,56,FL-8000,21.7,18.03,32.9,4.01,0
2022,S07,Miami-Dade,S07-2022-P4,9,63,FL-8000,17.0,19.65,48.3,4.01,1
2022,S07,Miami-Dade,S07-2022-P4,10,70,FL-8000,39.3,18.79,29.7,4.01,0
2022,S07,Miami-Dade,S07-2022-P4,11,77,FL-8000,25.0,19.79,21.9,4.01,0
2022,S07,Miami-Dade,S07-2022-P4,12,84,FL-8000,39.6,18.2,30.7,4.01,0
2022,S07,Miami-Dade,S07-2022-P5,1,7,Tygress,34.8,19.88,19.5,2.08,0
2022,S07,Miami-Dade,S07-2022-P5,2,14,Tygress,26.7,19.79,16.6,2.08,0
2022,S07,Miami-Dade,S07-2022-P5,3,21,Tygress,32.3,16.85,22.1,2.08,0
2022,S07,Miami-Dade,S07-2022-P5,4,28,Tygress,23.6,15.74,24.1,2.08,0
2022,S07,Miami-Dade,S07-2022-P5,5,35,Tygress,27.4,17.56,20.3,2.08,0
2022,S07,Miami-Dade,S07-2022-P5,6,42,Tygress,24.7,17.07,6.7,2.08,0
2022,S07,Miami-Dade,S07-2022-P5,7,49,Tygress,31.1,15.05,8.7,2.08,0
2022,S07,Miami-Dade,S07-2022-P5,8,56,Tygress,15.0,16.44,18.4,2.08,0
2022,S07,Miami-Dade,S07-2022-P5,9,63,Tygress,33.9,17.75,24.1,2.08,0
2022,S07,Miami-Dade,S07-2022-P5,10,70,Tygress,13.1,17.31,3.6,2.08,0
2022,S07,Miami-Dade,S07-2022-P5,11,77,Tygress,33.0,15.57,26.3,2.08,0
2022,S07,Miami-Dade,S07-2022-P5,12,84,Tygress,38.6,16.48,14.1,2.08,0
2022,S07,Miami-Dade,S07-2022-P6,1,7,Tygress,39.2,16.95,55.3,1.27,0
2022,S07,Miami-Dade,S07-2022-P6,2,14,Tygress,32.0,17.31,36.2,1.27,0
2022,S07,Miami-Dade,S07-2022-P6,3,21,Tygress,28.0,19.15,56.1,1.27,0
2022,S07,Miami-Dade,S07-2022-P6,4,28,Tygress,18.5,17.72,45.4,1.27,0
2022,S07,Miami-Dade,S07-2022-P6,5,35,Tygress,36.1,17.04,48.0,1.27,0
2022,S07,Miami-Dade,S07-2022-P6,6,42,Tygress,27.8,16.73,39.6,1.27,0
2022,S07,Miami-Dade,S07-2022-P6,7,49,Tygress,32.6,17.79,57.2,1.27,0
2022,S07,Miami-Dade,S07-2022-P6,8,56,Tygress,23.5,16.36,56.3,1.27,0
2022,S07,Miami-Dade,S07-2022-P6,9,63,Tygress,28.1,17.42,49.6,1.27,0
2022,S07,Miami-Dade,S07-2022-P6,10,70,Tygress,36.2,18.82,36.7,1.27,0
2022,S07,Miami-Dade,S07-2022-P6,11,77,Tygress,34.7,18.64,40.4,1.27,0
2022,S07,Miami-Dade,S07-2022-P6,12,84,Tygress,16.3,16.85,42.0,1.27,0
2022,S08,Miami-Dade,S08-2022-P1,1,7,Sebring,36.5,17.45,7.1,4.7,0
2022,S08,Miami-Dade,S08-2022-P1,2,14,Sebring,37.7,15.54,42.2,4.7,0
2022,S08,Miami-Dade,S08-2022-P1,3,21,Sebring,34.2,17.56,27.5,4.7,0
2022,S08,Miami-Dade,S08-2022-P1,4,28,Sebring,42.7,19.41,56.6,4.7,1
2022,S08,Miami-Dade,S08-2022-P1,5,35,Sebring,32.3,19.08,40.9,4.7,0
2022,S08,Miami-Dade,S08-2022-P1,6,42,Sebring,36.4,16.26,47.8,4.7,0
2022,S08,Miami-Dade,S08-2022-P1,7,49,Sebring,36.3,17.13,32.7,4.7,1
2022,S08,Miami-Dade,S08-2022-P1,8,56,Sebring,31.9,17.7,32.5,4.7,0
2022,S08,Miami-Dade,S08-2022-P1,9,63,Sebring,36.5,16.29,32.9,4.7,0
2022,S08,Miami-Dade,S08-2022-P1,10,70,Sebring,17.2,19.18,17.9,4.7,0
2022,S08,Miami-Dade,S08-2022-P1,11,77,Sebring,28.5,19.28,26.2,4.7,0
2022,S08,Miami-Dade,S08-2022-P1,12,84,Sebring,31.1,16.94,21.6,4.7,0
2022,S08,Miami-Dade,S08-2022-P2,1,7,Sanibel,36.5,19.01,23.6,4.17,0
2022,S08,Miami-Dade,S08-2022-P2,2,14,Sanibel,22.6,17.6,35.7,4.17,0
2022,S08,Miami-Dade,S08-2022-P2,3,21,Sanibel,23.3,16.78,33.8,4.17,0
2022,S08,Miami-Dade,S08-2022-P2,4,28,Sanibel,25.0,17.24,27.7,4.17,0
2022,S08,Miami-Dade,S08-2022-P2,5,35,Sanibel,23.1,15.36,24.6,4.17,0
2022,S08,Miami-Dade,S08-2022-P2,6,42,Sanibel,27.6,14.72,37.1,4.17,0
2022,S08,Miami-Dade,S08-2022-P2,7,49,Sanibel,26.1,16.94,28.9,4.17,1
2022,S08,Miami-Dade,S08-2022-P2,8,56,Sanibel,21.6,18.74,43.3,4.17,0
2022,S08,Miami-Dade,S08-2022-P2,9,63,Sanibel,25.5,17.93,48.1,4.17,0
2022,S08,Miami-Dade,S08-2022-P2,10,70,Sanibel,30.1,18.55,24.5,4.17,0
2022,S08,Miami-Dade,S08-2022-P2,11,77,Sanibel,19.7,17.84,38.6,4.17,0
2022,S08,Miami-Dade,S08-2022-P2,12,84,Sanibel,30.0,17.85,22.8,4.17,0
2022,S08,Miami-Dade,S08-2022-P3,1,7,HM-1823,33.5,15.6,0.0,2.5,0
2022,S08,Miami-Dade,S08-2022-P3,2,14,HM-1823,36.8,17.37,12.8,2.5,0
2022,S08,Miami-Dade,S08-2022-P3,3,21,HM-1823,25.7,16.67,8.0,2.5,0
2022,S08,Miami-Dade,S08-2022-P3,4,28,HM-1823,24.2,16.43,26.2,2.5,0
2022,S08,Miami-Dade,S08-2022-P3,5,35,HM-1823,21.6,17.07,23.3,2.5,0
2022,S08,Miami-Dade,S08-2022-P3,6,42,HM-1823,27.2,17.29,26.5,2.5,0
2022,S08,Miami-Dade,S08-2022-P3,7,49,HM-1823,20.8,17.32,20.4,2.5,0
2022,S08,Miami-Dade,S08-2022-P3,8,56,HM-1823,33.2,18.21,31.2,2.5,0
2022,S08,Miami-Dade,S08-2022-P3,9,63,HM-1823,13.7,17.56,24.3,2.5,0
2022,S08,Miami-Dade,S08-2022-P3,10,70,HM-1823,30.6,15.56,16.8,2.5,0
2022,S08,Miami-Dade,S08-2022-P3,11,77,HM-1823,20.0,17.13,28.7,2.5,0
2022,S08,Miami-Dade,S08-2022-P3,12,84,HM-1823,28.1,17.86,17.5,2.5,1
2022,S08,Miami-Dade,S08-2022-P4,1,7,Tygress,24.9,15.11,30.0,1.3,0
2022,S08,Miami-Dade,S08-2022-P4,2,14,Tygress,18.1,16.6,24.5,1.3,0
2022,S08,Miami-Dade,S08-2022-P4,3,21,Tygress,34.8,19.1,36.4,1.3,0
2022,S08,Miami-Dade,S08-2022-P4,4,28,Tygress,26.7,14.31,19.2,1.3,0
2022,S08,Miami-Dade,S08-2022-P4,5,35,Tygress,28.8,19.17,21.4,1.3,0
2022,S08,Miami-Dade,S08-2022-P4,6,42,Tygress,21.5,19.38,2.5,1.3,0
2022,S08,Miami-Dade,S08-2022-P4,7,49,Tygress,34.9,19.07,38.7,1.3,0
2022,S08,Miami-Dade,S08-2022-P4,8,56,Tygress,31.9,16.54,35.1,1.3,0
2022,S08,Miami-Dade,S08-2022-P4,9,63,Tygress,23.8,17.3,17.0,1.3,0
2022,S08,Miami-Dade,S08-2022-P4,10,70,Tygress,25.0,16.7,30.4,1.3,0
2022,S08,Miami-Dade,S08-2022-P4,11,77,Tygress,39.1,19.17,25.9,1.3,0
2022,S08,Miami-Dade,S08-2022-P4,12,84,Tygress,33.7,18.08,36.1,1.3,0
2022,S08,Miami-Dade,S08-2022-P5,1,7,Sanibel,30.2,19.06,6.6,3.21,0
2022,S08,Miami-Dade,S08-2022-P5,2,14,Sanibel,30.4,17.74,13.5,3.21,0
2022,S08,Miami-Dade,S08-2022-P5,3,21,Sanibel,39.3,16.7,16.1,3.21,0
2022,S08,Miami-Dade,S08-2022-P5,4,28,Sanibel,29.5,15.98,14.6,3.21,0
2022,S08,Miami-Dade,S08-2022-P5,5,35,Sanibel,32.3,16.69,15.3,3.21,0
2022,S08,Miami-Dade,S08-2022-P5,6,42,Sanibel,30.0,14.2,18.9,3.21,0
2022,S08,Miami-Dade,S08-2022-P5,7,49,Sanibel,35.4,17.69,23.2,3.21,0
2022,S08,Miami-Dade,S08-2022-P5,8,56,Sanibel,32.8,17.25,14.4,3.21,1
2022,S08,Miami-Dade,S08-2022-P5,9,63,Sanibel,26.7,17.38,15.6,3.21,0
2022,S08,Miami-Dade,S08-2022-P5,10,70,Sanibel,21.7,15.85,10.5,3.21,0
2022,S08,Miami-Dade,S08-2022-P5,11,77,Sanibel,23.3,17.77,13.3,3.21,0
2022,S08,Miami-Dade,S08-2022-P5,12,84,Sanibel,18.5,16.03,18.6,3.21,0
2022,S08,Miami-Dade,S08-2022-P6,1,7,Sanibel,22.3,18.34,18.5,4.12,0
2022,S08,Miami-Dade,S08-2022-P6,2,14,Sanibel,35.2,18.69,24.4,4.12,1
2022,S08,Miami-Dade,S08-2022-P6,3,21,Sanibel,33.2,16.9,34.3,4.12,0
2022,S08,Miami-Dade,S08-2022-P6,4,28,Sanibel,29.9,17.35,40.7,4.12,0
2022,S08,Miami-Dade,S08-2022-P6,5,35,Sanibel,39.4,18.77,18.0,4.12,0
2022,S08,Miami-Dade,S08-2022-P6,6,42,Sanibel,22.6,15.52,38.9,4.12,0
2022,S08,Miami-Dade,S08-2022-P6,7,49,Sanibel,37.1,19.53,27.2,4.12,0
2022,S08,Miami-Dade,S08-2022-P6,8,56,Sanibel,24.9,17.96,18.6,4.12,0
2022,S08,Miami-Dade,S08-2022-P6,9,63,Sanibel,35.1,17.34,16.2,4.12,0
2022,S08,Miami-Dade,S08-2022-P6,10,70,Sanibel,38.8,20.12,19.1,4.12,0
2022,S08,Miami-Dade,S08-2022-P6,11,77,Sanibel,33.8,15.9,15.2,4.12,0
2022,S08,Miami-Dade,S08-2022-P6,12,84,Sanibel,36.6,16.66,27.1,4.12,0
2023,S01,Manatee,S01-2023-P1,1,7,Sanibel,19.9,18.46,7.3,3.39,0
2023,S01,Manatee,S01-2023-P1,2,14,Sanibel,32.0,19.45,34.5,3.39,0
2023,S01,Manatee,S01-2023-P1,3,21,Sanibel,14.8,21.21,0.7,3.39,0
2023,S01,Manatee,S01-2023-P1,4,28,Sanibel,21.5,20.2,17.2,3.39,0
2023,S01,Manatee,S01-2023-P1,5,35,Sanibel,20.3,21.19,22.9,3.39,0
2023,S01,Manatee,S01-2023-P1,6,42,Sanibel,28.2,19.05,24.0,3.39,0
2023,S01,Manatee,S01-2023-P1,7,49,Sanibel,32.3,18.82,15.5,3.39,0
2023,S01,Manatee,S01-2023-P1,8,56,Sanibel,33.1,20.34,17.5,3.39,0
2023,S01,Manatee,S01-2023-P1,9,63,Sanibel,28.9,19.74,31.3,3.39,0
2023,S01,Manatee,S01-2023-P1,10,70,Sanibel,16.8,19.38,26.0,3.39,0
2023,S01,Manatee,S01-2023-P1,11,77,Sanibel,17.6,20.23,27.4,3.39,0
2023,S01,Manatee,S01-2023-P1,12,84,Sanibel,26.9,19.45,31.6,3.39,0
2023,S01,Manatee,S01-2023-P2,1,7,FL-8000,27.3,17.94,52.6,3.65,0
2023,S01,Manatee,S01-2023-P2,2,14,FL-8000,25.4,19.12,37.2,3.65,0
2023,S01,Manatee,S01-2023-P2,3,21,FL-8000,19.6,17.97,46.4,3.65,0
2023,S01,Manatee,S01-2023-P2,4,28,FL-8000,27.9,19.46,43.7,3.65,1
2023,S01,Manatee,S01-2023-P2,5,35,FL-8000,28.2,18.96,46.8,3.65,0
2023,S01,Manatee,S01-2023-P2,6,42,FL-8000,28.0,18.97,34.6,3.65,0
2023,S01,Manatee,S01-2023-P2,7,49,FL-8000,25.0,18.96,51.3,3.65,0
2023,S01,Manatee,S01-2023-P2,8,56,FL-8000,24.8,18.38,36.6,3.65,0
2023,S01,Manatee,S01-2023-P2,9,63,FL-8000,25.2,18.3,40.1,3.65,0
2023,S01,Manatee,S01-2023-P2,10,70,FL-8000,27.3,21.09,64.9,3.65,0
2023,S01,Manatee,S01-2023-P2,11,77,FL-8000,21.8,20.81,45.8,3.65,0
2023,S01,Manatee,S01-2023-P2,12,84,FL-8000,18.4,18.97,42.1,3.65,0
2023,S01,Manatee,S01-2023-P3,1,7,Sebring,24.2,21.14,34.2,2.23,0
2023,S01,Manatee,S01-2023-P3,2,14,Sebring,26.5,18.24,29.2,2.23,0
2023,S01,Manatee,S01-2023-P3,3,21,Sebring,19.5,22.19,46.4,2.23,0
2023,S01,Manatee,S01-2023-P3,4,28,Sebring,24.4,21.0,26.7,2.23,0
2023,S01,Manatee,S01-2023-P3,5,35,Sebring,30.5,18.41,39.3,2.23,0
2023,S01,Manatee,S01-2023-P3,6,42,Sebring,34.9,20.65,37.4,2.23,0
2023,S01,Manatee,S01-2023-P3,7,49,Sebring,20.9,20.63,7.8,2.23,0
2023,S01,Manatee,S01-2023-P3,8,56,Sebring,29.6,21.55,29.4,2.23,0
2023,S01,Manatee,S01-2023-P3,9,63,Sebring,25.0,19.86,20.6,2.23,0
2023,S01,Manatee,S01-2023-P3,10,70,Sebring,11.8,19.77,30.7,2.23,0
2023,S01,Manatee,S01-2023-P3,11,77,Sebring,22.4,19.35,10.3,2.23,0
2023,S01,Manatee,S01-2023-P3,12,84,Sebring,20.8,22.53,25.4,2.23,0
2023,S01,Manatee,S01-2023-P4,1,7,Sanibel,31.0,19.36,24.8,3.14,0
2023,S01,Manatee,S01-2023-P4,2,14,Sanibel,20.2,19.78,31.7,3.14,0
2023,S01,Manatee,S01-2023-P4,3,21,Sanibel,32.0,15.68,22.0,3.14,0
2023,S01,Manatee,S01-2023-P4,4,28,Sanibel,24.0,19.11,33.3,3.14,0
2023,S01,Manatee,S01-2023-P4,5,35,Sanibel,26.9,21.31,27.1,3.14,0
2023,S01,Manatee,S01-2023-P4,6,42,Sanibel,30.0,17.85,42.8,3.14,0
2023,S01,Manatee,S01-2023-P4,7,49,Sanibel,29.2,21.5,19.2,3.14,0
2023,S01,Manatee,S01-2023-P4,8,56,Sanibel,16.3,18.06,22.1,3.14,0
2023,S01,Manatee,S01-2023-P4,9,63,Sanibel,22.2,17.23,36.6,3.14,0
2023,S01,Manatee,S01-2023-P4,10,70,Sanibel,24.9,19.5,20.4,3.14,0
2023,S01,Manatee,S01-2023-P4,11,77,Sanibel,12.7,20.08,37.7,3.14,0
2023,S01,Manatee,S01-2023-P4,12,84,Sanibel,19.5,19.19,42.6,3.14,0
2023,S01,Manatee,S01-2023-P5,1,7,HM-1823,21.8,20.52,21.9,4.01,0
2023,S01,Manatee,S01-2023-P5,2,14,HM-1823,25.6,18.89,21.5,4.01,0
2023,S01,Manatee,S01-2023-P5,3,21,HM-1823,21.3,20.42,26.2,4.01,0
2023,S01,Manatee,S01-2023-P5,4,28,HM-1823,26.2,20.73,20.6,4.01,0
2023,S01,Manatee,S01-2023-P5,5,35,HM-1823,30.4,21.47,13.4,4.01,0
2023,S01,Manatee,S01-2023-P5,6,42,HM-1823,24.8,23.05,11.7,4.01,0
2023,S01,Manatee,S01-2023-P5,7,49,HM-1823,26.1,19.4,16.8,4.01,0
2023,S01,Manatee,S01-2023-P5,8,56,HM-1823,38.1,18.82,1.4,4.01,0
2023,S01,Manatee,S01-2023-P5,9,63,HM-1823,20.4,24.12,16.9,4.01,1
2023,S01,Manatee,S01-2023-P5,10,70,HM-1823,29.8,18.6,22.9,4.01,0
2023,S01,Manatee,S01-2023-P5,11,77,HM-1823,26.7,21.64,12.0,4.01,0
2023,S01,Manatee,S01-2023-P5,12,84,HM-1823,25.9,20.95,23.5,4.01,0
2023,S01,Manatee,S01-2023-P6,1,7,Sebring,24.1,18.01,51.9,5.08,0
2023,S01,Manatee,S01-2023-P6,2,14,Sebring,28.3,19.04,46.2,5.08,1
2023,S01,Manatee,S01-2023-P6,3,21,Sebring,25.6,19.75,50.1,5.08,0
2023,S01,Manatee,S01-2023-P6,4,28,Sebring,31.3,20.76,34.6,5.08,0
2023,S01,Manatee,S01-2023-P6,5,35,Sebring,29.5,17.73,31.5,5.08,0
2023,S01,Manatee,S01-2023-P6,6,42,Sebring,31.0,19.94,20.4,5.08,0
2023,S01,Manatee,S01-2023-P6,7,49,Sebring,16.5,21.88,40.4,5.08,1
2023,S01,Manatee,S01-2023-P6,8,56,Sebring,39.4,18.22,43.8,5.08,0
2023,S01,Manatee,S01-2023-P6,9,63,Sebring,20.6,19.59,48.4,5.08,1
2023,S01,Manatee,S01-2023-P6,10,70,Sebring,18.5,18.72,38.7,5.08,0
2023,S01,Manatee,S01-2023-P6,11,77,Sebring,21.0,18.51,33.1,5.08,0
2023,S01,Manatee,S01-2023-P6,12,84,Sebring,19.2,19.02,36.0,5.08,1
2023,S02,Manatee,S02-2023-P1,1,7,HM-1823,29.4,21.36,54.9,2.0,0
2023,S02,Manatee,S02-2023-P1,2,14,HM-1823,28.8,20.43,41.4,2.0,0
2023,S02,Manatee,S02-2023-P1,3,21,HM-1823,33.4,18.78,54.8,2.0,0
2023,S02,Manatee,S02-2023-P1,4,28,HM-1823,36.9,21.42,41.1,2.0,0
2023,S02,Manatee,S02-2023-P1,5,35,HM-1823,30.5,21.16,31.8,2.0,0
2023,S02,Manatee,S02-2023-P1,6,42,HM-1823,35.9,18.68,44.7,2.0,0
2023,S02,Manatee,S02-2023-P1,7,49,HM-1823,27.6,18.94,28.6,2.0,1
2023,S02,Manatee,S02-2023-P1,8,56,HM-1823,23.7,19.98,32.7,2.0,0
2023,S02,Manatee,S02-2023-P1,9,63,HM-1823,36.0,18.57,56.4,2.0,0
2023,S02,Manatee,S02-2023-P1,10,70,HM-1823,26.0,17.88,53.2,2.0,0
2023,S02,Manatee,S02-2023-P1,11,77,HM-1823,37.4,20.17,27.6,2.0,0
2023,S02,Manatee,S02-2023-P1,12,84,HM-1823,29.5,19.26,30.1,2.0,0
2023,S02,Manatee,S02-2023-P2,1,7,FL-8000,29.0,19.67,39.2,2.8,0
2023,S02,Manatee,S02-2023-P2,2,14,FL-8000,38.9,18.81,41.3,2.8,0
2023,S02,Manatee,S02-2023-P2,3,21,FL-8000,17.2,20.68,32.4,2.8,0
2023,S02,Manatee,S02-2023-P2,4,28,FL-8000,37.0,18.75,39.8,2.8,0
2023,S02,Manatee,S02-2023-P2,5,35,FL-8000,23.3,20.29,42.4,2.8,0
2023,S02,Manatee,S02-2023-P2,6,42,FL-8000,33.1,19.2,31.8,2.8,0
2023,S02,Manatee,S02-2023-P2,7,49,FL-8000,27.8,19.43,32.8,2.8,0
2023,S02,Manatee,S02-2023-P2,8,56,FL-8000,27.3,19.38,34.7,2.8,0
2023,S02,Manatee,S02-2023-P2,9,63,FL-8000,33.2,18.22,38.6,2.8,0
2023,S02,Manatee,S02-2023-P2,10,70,FL-8000,40.0,17.07,19.9,2.8,1
2023,S02,Manatee,S02-2023-P2,11,77,FL-8000,25.9,20.08,23.6,2.8,1
2023,S02,Manatee,S02-2023-P2,12,84,FL-8000,31.1,20.71,30.2,2.8,1
2023,S02,Manatee,S02-2023-P3,1,7,Sebring,30.2,20.04,37.4,2.91,0
2023,S02,Manatee,S02-2023-P3,2,14,Sebring,24.6,19.17,48.1,2.91,0
2023,S02,Manatee,S02-2023-P3,3,21,Sebring,31.0,16.73,45.7,2.91,0
2023,S02,Manatee,S02-2023-P3,4,28,Sebring,30.3,16.22,38.2,2.91,0
2023,S02,Manatee,S02-2023-P3,5,35,Sebring,27.2,21.08,30.7,2.91,1
2023,S02,Manatee,S02-2023-P3,6,42,Sebring,36.3,20.97,36.5,2.91,0
2023,S02,Manatee,S02-2023-P3,7,49,Sebring,28.5,18.58,39.3,2.91,0
2023,S02,Manatee,S02-2023-P3,8,56,Sebring,28.7,20.26,35.0,2.91,1
2023,S02,Manatee,S02-2023-P3,9,63,Sebring,27.4,19.15,27.7,2.91,0
2023,S02,Manatee,S02-2023-P3,10,70,Sebring,30.4,19.34,32.8,2.91,0
2023,S02,Manatee,S02-2023-P3,11,77,Sebring,33.2,19.58,46.9,2.91,0
2023,S02,Manatee,S02-2023-P3,12,84,Sebring,33.0,19.96,45.8,2.91,1
2023,S02,Manatee,S02-2023-P4,1,7,HM-1823,38.7,18.6,30.5,2.53,0
2023,S02,Manatee,S02-2023-P4,2,14,HM-1823,30.6,20.13,7.8,2.53,0
2023,S02,Manatee,S02-2023-P4,3,21,HM-1823,44.5,17.9,22.3,2.53,0
2023,S02,Manatee,S02-2023-P4,4,28,HM-1823,23.2,20.12,23.1,2.53,0
2023,S02,Manatee,S02-2023-P4,5,35,HM-1823,30.5,18.79,11.5,2.53,0
2023,S02,Manatee,S02-2023-P4,6,42,HM-1823,20.8,16.16,8.7,2.53,0
2023,S02,Manatee,S02-2023-P4,7,49,HM-1823,25.6,18.49,27.1,2.53,0
2023,S02,Manatee,S02-2023-P4,8,56,HM-1823,25.2,20.56,26.2,2.53,0
2023,S02,Manatee,S02-2023-P4,9,63,HM-1823,38.7,19.83,32.4,2.53,1
2023,S02,Manatee,S02-2023-P4,10,70,HM-1823,20.1,21.59,35.8,2.53,0
2023,S02,Manatee,S02-2023-P4,11,77,HM-1823,21.1,17.59,2.0,2.53,0
2023,S02,Manatee,S02-2023-P4,12,84,HM-1823,24.9,18.67,24.7,2.53,0
2023,S02,Manatee,S02-2023-P5,1,7,FL-8000,23.8,17.86,17.3,3.35,0
2023,S02,Manatee,S02-2023-P5,2,14,FL-8000,43.5,17.62,25.2,3.35,1
2023,S02,Manatee,S02-2023-P5,3,21,FL-8000,27.8,15.66,34.4,3.35,0
2023,S02,Manatee,S02-2023-P5,4,28,FL-8000,20.8,17.54,33.2,3.35,0
2023,S02,Manatee,S02-2023-P5,5,35,FL-8000,29.4,20.92,3.5,3.35,1
2023,S02,Manatee,S02-2023-P5,6,42,FL-8000,30.7,21.24,14.5,3.35,1
2023,S02,Manatee,S02-2023-P5,7,49,FL-8000,27.3,19.41,22.2,3.35,0
2023,S02,Manatee,S02-2023-P5,8,56,FL-8000,24.0,17.58,15.6,3.35,0
2023,S02,Manatee,S02-2023-P5,9,63,FL-8000,21.9,18.2,28.2,3.35,0
2023,S02,Manatee,S02-2023-P5,10,70,FL-8000,25.5,17.62,4.8,3.35,0
2023,S02,Manatee,S02-2023-P5,11,77,FL-8000,24.9,19.89,24.2,3.35,0
2023,S02,Manatee,S02-2023-P5,12,84,FL-8000,28.2,18.96,31.8,3.35,0
2023,S02,Manatee,S02-2023-P6,1,7,FL-8000,32.6,21.15,51.5,2.59,0
2023,S02,Manatee,S02-2023-P6,2,14,FL-8000,34.8,17.94,46.2,2.59,0
2023,S02,Manatee,S02-2023-P6,3,21,FL-8000,29.3,20.37,48.7,2.59,0
2023,S02,Manatee,S02-2023-P6,4,28,FL-8000,37.9,20.78,29.0,2.59,0
2023,S02,Manatee,S02-2023-P6,5,35,FL-8000,29.7,20.68,45.9,2.59,0
2023,S02,Manatee,S02-2023-P6,6,42,FL-8000,27.9,19.95,44.0,2.59,1
2023,S02,Manatee,S02-2023-P6,7,49,FL-8000,31.3,19.99,40.5,2.59,0
2023,S02,Manatee,S02-2023-P6,8,56,FL-8000,22.6,20.05,42.6,2.59,0
2023,S02,Manatee,S02-2023-P6,9,63,FL-8000,22.7,18.46,51.6,2.59,0
2023,S02,Manatee,S02-2023-P6,10,70,FL-8000,29.3,18.99,46.4,2.59,0
2023,S02,Manatee,S02-2023-P6,11,77,FL-8000,28.2,19.5,44.9,2.59,0
2023,S02,Manatee,S02-2023-P6,12,84,FL-8000,33.9,18.97,43.7,2.59,0
2023,S03,Hillsborough,S03-2023-P1,1,7,FL-8000,27.1,17.68,48.7,3.52,0
2023,S03,Hillsborough,S03-2023-P1,2,14,FL-8000,12.4,17.53,35.9,3.52,0
2023,S03,Hillsborough,S03-2023-P1,3,21,FL-8000,24.0,18.99,16.0,3.52,0
2023,S03,Hillsborough,S03-2023-P1,4,28,FL-8000,28.4,20.18,30.7,3.52,0
2023,S03,Hillsborough,S03-2023-P1,5,35,FL-8000,12.3,15.21,35.6,3.52,0
2023,S03,Hillsborough,S03-2023-P1,6,42,FL-8000,28.7,19.0,13.9,3.52,0
2023,S03,Hillsborough,S03-2023-P1,7,49,FL-8000,31.2,20.32,34.6,3.52,0
2023,S03,Hillsborough,S03-2023-P1,8,56,FL-8000,25.3,18.12,23.1,3.52,0
2023,S03,Hillsborough,S03-2023-P1,9,63,FL-8000,20.8,19.63,26.7,3.52,0
2023,S03,Hillsborough,S03-2023-P1,10,70,FL-8000,27.9,19.07,33.2,3.52,0
2023,S03,Hillsborough,S03-2023-P1,11,77,FL-8000,27.1,19.59,62.0,3.52,0
2023,S03,Hillsborough,S03-2023-P1,12,84,FL-8000,36.9,19.38,38.5,3.52,1
2023,S03,Hillsborough,S03-2023-P2,1,7,Sebring,20.0,17.88,19.4,3.26,0
2023,S03,Hillsborough,S03-2023-P2,2,14,Sebring,26.8,16.41,26.9,3.26,0
2023,S03,Hillsborough,S03-2023-P2,3,21,Sebring,24.8,20.02,39.0,3.26,0
2023,S03,Hillsborough,S03-2023-P2,4,28,Sebring,22.5,17.92,26.2,3.26,0
2023,S03,Hillsborough,S03-2023-P2,5,35,Sebring,26.0,17.77,34.7,3.26,0
2023,S03,Hillsborough,S03-2023-P2,6,42,Sebring,26.2,18.12,31.0,3.26,0
2023,S03,Hillsborough,S03-2023-P2,7,49,Sebring,21.3,18.47,19.3,3.26,0
2023,S03,Hillsborough,S03-2023-P2,8,56,Sebring,20.1,16.69,24.8,3.26,0
2023,S03,Hillsborough,S03-2023-P2,9,63,Sebring,25.0,20.14,34.1,3.26,0
2023,S03,Hillsborough,S03-2023-P2,10,70,Sebring,23.7,18.77,40.0,3.26,1
2023,S03,Hillsborough,S03-2023-P2,11,77,Sebring,18.6,17.99,26.0,3.26,0
2023,S03,Hillsborough,S03-2023-P2,12,84,Sebring,21.4,18.49,52.5,3.26,0
2023,S03,Hillsborough,S03-2023-P3,1,7,Sebring,28.2,17.19,8.1,3.65,0
2023,S03,Hillsborough,S03-2023-P3,2,14,Sebring,31.2,17.31,14.2,3.65,0
2023,S03,Hillsborough,S03-2023-P3,3,21,Sebring,14.3,18.48,30.6,3.65,0
2023,S03,Hillsborough,S03-2023-P3,4,28,Sebring,9.9,18.38,18.5,3.65,0
2023,S03,Hillsborough,S03-2023-P3,5,35,Sebring,31.6,21.33,17.6,3.65,1
2023,S03,Hillsborough,S03-2023-P3,6,42,Sebring,31.8,16.2,2.2,3.65,0
2023,S03,Hillsborough,S03-2023-P3,7,49,Sebring,15.5,17.57,11.5,3.65,0
2023,S03,Hillsborough,S03-2023-P3,8,56,Sebring,21.0,17.41,9.8,3.65,0
2023,S03,Hillsborough,S03-2023-P3,9,63,Sebring,20.6,19.01,29.7,3.65,0
2023,S03,Hillsborough,S03-2023-P3,10,70,Sebring,19.5,16.38,6.4,3.65,0
2023,S03,Hillsborough,S03-2023-P3,11,77,Sebring,31.1,19.07,24.3,3.65,0
2023,S03,Hillsborough,S03-2023-P3,12,84,Sebring,13.5,20.09,7.4,3.65,0
2023,S03,Hillsborough,S03-2023-P4,1,7,Sebring,22.6,18.71,0.0,4.02,0
2023,S03,Hillsborough,S03-2023-P4,2,14,Sebring,25.4,16.51,1.7,4.02,0
2023,S03,Hillsborough,S03-2023-P4,3,21,Sebring,23.4,19.14,2.0,4.02,0
2023,S03,Hillsborough,S03-2023-P4,4,28,Sebring,25.1,18.39,0.0,4.02,0
2023,S03,Hillsborough,S03-2023-P4,5,35,Sebring,25.9,16.25,0.0,4.02,0
2023,S03,Hillsborough,S03-2023-P4,6,42,Sebring,28.1,18.94,4.4,4.02,0
2023,S03,Hillsborough,S03-2023-P4,7,49,Sebring,22.7,18.0,0.0,4.02,0
2023,S03,Hillsborough,S03-2023-P4,8,56,Sebring,36.2,20.31,0.0,4.02,0
2023,S03,Hillsborough,S03-2023-P4,9,63,Sebring,23.7,18.43,6.6,4.02,0
2023,S03,Hillsborough,S03-2023-P4,10,70,Sebring,24.9,18.32,4.2,4.02,0
2023,S03,Hillsborough,S03-2023-P4,11,77,Sebring,14.8,18.17,4.9,4.02,0
2023,S03,Hillsborough,S03-2023-P4,12,84,Sebring,28.5,19.03,0.0,4.02,0
2023,S03,Hillsborough,S03-2023-P5,1,7,FL-8000,30.5,15.48,49.8,3.85,0
2023,S03,Hillsborough,S03-2023-P5,2,14,FL-8000,26.2,17.88,39.1,3.85,0
2023,S03,Hillsborough,S03-2023-P5,3,21,FL-8000,25.0,17.15,51.0,3.85,0
2023,S03,Hillsborough,S03-2023-P5,4,28,FL-8000,19.8,16.83,15.5,3.85,0
2023,S03,Hillsborough,S03-2023-P5,5,35,FL-8000,30.2,16.38,32.3,3.85,0
2023,S03,Hillsborough,S03-2023-P5,6,42,FL-8000,19.9,17.55,28.5,3.85,0
2023,S03,Hillsborough,S03-2023-P5,7,49,FL-8000,30.8,19.08,42.1,3.85,0
2023,S03,Hillsborough,S03-2023-P5,8,56,FL-8000,30.9,18.69,26.7,3.85,0
2023,S03,Hillsborough,S03-2023-P5,9,63,FL-8000,27.0,19.27,34.4,3.85,1
2023,S03,Hillsborough,S03-2023-P5,10,70,FL-8000,23.0,19.15,37.0,3.85,0
2023,S03,Hillsborough,S03-2023-P5,11,77,FL-8000,19.0,17.68,36.2,3.85,0
2023,S03,Hillsborough,S03-2023-P5,12,84,FL-8000,22.0,18.5,40.7,3.85,0
2023,S03,Hillsborough,S03-2023-P6,1,7,FL-8000,20.4,16.86,2.9,2.16,1
2023,S03,Hillsborough,S03-2023-P6,2,14,FL-8000,17.6,20.11,15.2,2.16,0
2023,S03,Hillsborough,S03-2023-P6,3,21,FL-8000,27.3,19.86,11.6,2.16,0
2023,S03,Hillsborough,S03-2023-P6,4,28,FL-8000,25.0,18.48,28.6,2.16,1
2023,S03,Hillsborough,S03-2023-P6,5,35,FL-8000,30.3,19.79,23.2,2.16,0
2023,S03,Hillsborough,S03-2023-P6,6,42,FL-8000,15.9,17.17,14.5,2.16,0
2023,S03,Hillsborough,S03-2023-P6,7,49,FL-8000,29.8,18.04,4.7,2.16,1
2023,S03,Hillsborough,S03-2023-P6,8,56,FL-8000,20.8,18.51,12.9,2.16,0
2023,S03,Hillsborough,S03-2023-P6,9,63,FL-8000,27.5,16.63,17.9,2.16,0
2023,S03,Hillsborough,S03-2023-P6,10,70,FL-8000,26.8,18.69,32.4,2.16,0
2023,S03,Hillsborough,S03-2023-P6,11,77,FL-8000,31.9,19.04,22.9,2.16,0
2023,S03,Hillsborough,S03-2023-P6,12,84,FL-8000,24.5,19.2,35.3,2.16,0
2023,S04,Hillsborough,S04-2023-P1,1,7,Sebring,14.3,19.89,37.1,3.65,0
2023,S04,Hillsborough,S04-2023-P1,2,14,Sebring,16.3,19.47,35.8,3.65,0
2023,S04,Hillsborough,S04-2023-P1,3,21,Sebring,20.9,18.06,15.4,3.65,0
2023,S04,Hillsborough,S04-2023-P1,4,28,Sebring,22.8,17.67,26.8,3.65,0
2023,S04,Hillsborough,S04-2023-P1,5,35,Sebring,31.1,16.91,16.6,3.65,0
2023,S04,Hillsborough,S04-2023-P1,6,42,Sebring,19.0,21.84,40.6,3.65,0
2023,S04,Hillsborough,S04-2023-P1,7,49,Sebring,15.1,21.47,26.7,3.65,0
2023,S04,Hillsborough,S04-2023-P1,8,56,Sebring,20.0,18.74,26.8,3.65,1
2023,S04,Hillsborough,S04-2023-P1,9,63,Sebring,20.9,19.5,30.2,3.65,0
2023,S04,Hillsborough,S04-2023-P1,10,70,Sebring,25.1,18.45,16.1,3.65,1
2023,S04,Hillsborough,S04-2023-P1,11,77,Sebring,22.3,18.96,28.8,3.65,0
2023,S04,Hillsborough,S04-2023-P1,12,84,Sebring,23.3,20.78,13.8,3.65,1
2023,S04,Hillsborough,S04-2023-P2,1,7,Sanibel,30.5,19.31,25.8,1.72,0
2023,S04,Hillsborough,S04-2023-P2,2,14,Sanibel,30.6,18.28,15.9,1.72,0
2023,S04,Hillsborough,S04-2023-P2,3,21,Sanibel,26.6,20.9,20.3,1.72,0
2023,S04,Hillsborough,S04-2023-P2,4,28,Sanibel,31.3,20.15,18.4,1.72,0
2023,S04,Hillsborough,S04-2023-P2,5,35,Sanibel,24.2,20.45,35.8,1.72,0
2023,S04,Hillsborough,S04-2023-P2,6,42,Sanibel,29.2,18.6,27.2,1.72,0
2023,S04,Hillsborough,S04-2023-P2,7,49,Sanibel,25.2,20.32,17.5,1.72,0
2023,S04,Hillsborough,S04-2023-P2,8,56,Sanibel,26.8,19.72,41.6,1.72,0
2023,S04,Hillsborough,S04-2023-P2,9,63,Sanibel,22.2,19.25,24.6,1.72,0
2023,S04,Hillsborough,S04-2023-P2,10,70,Sanibel,21.2,19.66,28.9,1.72,0
2023,S04,Hillsborough,S04-2023-P2,11,77,Sanibel,30.5,19.16,31.4,1.72,0
2023,S04,Hillsborough,S04-2023-P2,12,84,Sanibel,21.8,18.9,3.1,1.72,0
2023,S04,Hillsborough,S04-2023-P3,1,7,Sebring,24.9,16.56,25.7,2.85,0
2023,S04,Hillsborough,S04-2023-P3,2,14,Sebring,28.2,19.93,35.7,2.85,0
2023,S04,Hillsborough,S04-2023-P3,3,21,Sebring,20.6,18.57,30.9,2.85,0
2023,S04,Hillsborough,S04-2023-P3,4,28,Sebring,30.6,20.22,41.4,2.85,0
2023,S04,Hillsborough,S04-2023-P3,5,35,Sebring,27.2,19.83,33.7,2.85,0
2023,S04,Hillsborough,S04-2023-P3,6,42,Sebring,26.1,21.59,27.0,2.85,0
2023,S04,Hillsborough,S04-2023-P3,7,49,Sebring,21.7,18.09,41.6,2.85,0
2023,S04,Hillsborough,S04-2023-P3,8,56,Sebring,31.7,20.6,28.9,2.85,0
2023,S04,Hillsborough,S04-2023-P3,9,63,Sebring,17.2,19.78,29.5,2.85,0
2023,S04,Hillsborough,S04-2023-P3,10,70,Sebring,12.8,18.05,21.2,2.85,0
2023,S04,Hillsborough,S04-2023-P3,11,77,Sebring,32.2,18.67,14.0,2.85,0
2023,S04,Hillsborough,S04-2023-P3,12,84,Sebring,33.8,19.09,26.4,2.85,0
2023,S04,Hillsborough,S04-2023-P4,1,7,Sanibel,24.8,20.29,21.4,2.37,0
2023,S04,Hillsborough,S04-2023-P4,2,14,Sanibel,32.1,17.75,34.8,2.37,0
2023,S04,Hillsborough,S04-2023-P4,3,21,Sanibel,30.6,21.05,30.1,2.37,0
2023,S04,Hillsborough,S04-2023-P4,4,28,Sanibel,30.6,19.84,25.6,2.37,0
2023,S04,Hillsborough,S04-2023-P4,5,35,Sanibel,27.7,21.5,27.2,2.37,0
2023,S04,Hillsborough,S04-2023-P4,6,42,Sanibel,23.6,22.01,36.5,2.37,0
2023,S04,Hillsborough,S04-2023-P4,7,49,Sanibel,29.5,20.86,7.8,2.37,0
2023,S04,Hillsborough,S04-2023-P4,8,56,Sanibel,24.2,20.17,18.5,2.37,0
2023,S04,Hillsborough,S04-2023-P4,9,63,Sanibel,36.0,22.55,17.3,2.37,0
2023,S04,Hillsborough,S04-2023-P4,10,70,Sanibel,31.6,22.94,24.5,2.37,0
2023,S04,Hillsborough,S04-2023-P4,11,77,Sanibel,14.8,20.3,43.2,2.37,0
2023,S04,Hillsborough,S04-2023-P4,12,84,Sanibel,27.8,21.45,7.0,2.37,0
2023,S04,Hillsborough,S04-2023-P5,1,7,FL-8000,20.5,22.25,34.3,3.85,1
2023,S04,Hillsborough,S04-2023-P5,2,14,FL-8000,24.9,22.52,24.6,3.85,0
2023,S04,Hillsborough,S04-2023-P5,3,21,FL-8000,26.1,20.46,33.2,3.85,0
2023,S04,Hillsborough,S04-2023-P5,4,28,FL-8000,16.8,21.77,21.3,3.85,0
2023,S04,Hillsborough,S04-2023-P5,5,35,FL-8000,16.4,20.3,23.6,3.85,0
2023,S04,Hillsborough,S04-2023-P5,6,42,FL-8000,22.2,17.52,38.2,3.85,0
2023,S04,Hillsborough,S04-2023-P5,7,49,FL-8000,32.6,21.23,41.7,3.85,1
2023,S04,Hillsborough,S04-2023-P5,8,56,FL-8000,20.7,20.63,33.6,3.85,0
2023,S04,Hillsborough,S04-2023-P5,9,63,FL-8000,29.8,20.41,21.7,3.85,1
2023,S04,Hillsborough,S04-2023-P5,10,70,FL-8000,27.3,20.79,21.3,3.85,1
2023,S04,Hillsborough,S04-2023-P5,11,77,FL-8000,33.1,22.06,33.3,3.85,1
2023,S04,Hillsborough,S04-2023-P5,12,84,FL-8000,22.5,20.32,4.8,3.85,0
2023,S04,Hillsborough,S04-2023-P6,1,7,Sanibel,26.7,22.2,29.3,3.34,0
2023,S04,Hillsborough,S04-2023-P6,2,14,Sanibel,20.7,18.75,22.8,3.34,0
2023,S04,Hillsborough,S04-2023-P6,3,21,Sanibel,27.7,19.2,21.2,3.34,0
2023,S04,Hillsborough,S04-2023-P6,4,28,Sanibel,18.5,20.19,25.9,3.34,0
2023,S04,Hillsborough,S04-2023-P6,5,35,Sanibel,27.0,18.58,22.7,3.34,0
2023,S04,Hillsborough,S04-2023-P6,6,42,Sanibel,22.9,20.19,12.1,3.34,0
2023,S04,Hillsborough,S04-2023-P6,7,49,Sanibel,34.3,18.75,25.2,3.34,1
2023,S04,Hillsborough,S04-2023-P6,8,56,Sanibel,28.4,19.37,10.7,3.34,0
2023,S04,Hillsborough,S04-2023-P6,9,63,Sanibel,19.1,20.0,23.3,3.34,0
2023,S04,Hillsborough,S04-2023-P6,10,70,Sanibel,22.7,17.51,31.2,3.34,0
2023,S04,Hillsborough,S04-2023-P6,11,77,Sanibel,26.4,21.4,25.7,3.34,0
2023,S04,Hillsborough,S04-2023-P6,12,84,Sanibel,26.7,20.58,38.3,3.34,0
2023,S05,Collier,S05-2023-P1,1,7,Sanibel,31.4,18.95,52.9,2.69,0
2023,S05,Collier,S05-2023-P1,2,14,Sanibel,25.5,20.18,41.9,2.69,0
2023,S05,Collier,S05-2023-P1,3,21,Sanibel,21.0,20.48,40.1,2.69,0
2023,S05,Collier,S05-2023-P1,4,28,Sanibel,20.5,20.12,27.9,2.69,0
2023,S05,Collier,S05-2023-P1,5,35,Sanibel,28.0,18.36,30.8,2.69,0
2023,S05,Collier,S05-2023-P1,6,42,Sanibel,41.8,19.56,31.3,2.69,1
2023,S05,Collier,S05-2023-P1,7,49,Sanibel,27.0,19.14,46.6,2.69,0
2023,S05,Collier,S05-2023-P1,8,56,Sanibel,28.1,20.63,37.7,2.69,0
2023,S05,Collier,S05-2023-P1,9,63,Sanibel,32.6,18.99,34.5,2.69,0
2023,S05,Collier,S05-2023-P1,10,70,Sanibel,28.5,18.4,38.2,2.69,0
2023,S05,Collier,S05-2023-P1,11,77,Sanibel,28.6,19.81,31.6,2.69,0
2023,S05,Collier,S05-2023-P1,12,84,Sanibel,31.8,21.02,31.9,2.69,0
2023,S05,Collier,S05-2023-P2,1,7,Sanibel,36.8,21.25,17.3,1.8,0
2023,S05,Collier,S05-2023-P2,2,14,Sanibel,37.5,20.71,24.0,1.8,0
2023,S05,Collier,S05-2023-P2,3,21,Sanibel,23.9,20.8,14.6,1.8,0
2023,S05,Collier,S05-2023-P2,4,28,Sanibel,21.6,19.16,26.1,1.8,0
2023,S05,Collier,S05-2023-P2,5,35,Sanibel,26.1,20.2,24.2,1.8,0
2023,S05,Collier,S05-2023-P2,6,42,Sanibel,29.4,18.6,22.6,1.8,0
2023,S05,Collier,S05-2023-P2,7,49,Sanibel,36.1,20.22,23.2,1.8,0
2023,S05,Collier,S05-2023-P2,8,56,Sanibel,23.1,19.82,30.1,1.8,0
2023,S05,Collier,S05-2023-P2,9,63,Sanibel,22.5,21.85,28.3,1.8,0
2023,S05,Collier,S05-2023-P2,10,70,Sanibel,26.8,19.96,32.5,1.8,0
2023,S05,Collier,S05-2023-P2,11,77,Sanibel,34.9,21.07,28.6,1.8,1
2023,S05,Collier,S05-2023-P2,12,84,Sanibel,23.6,18.09,30.0,1.8,0
2023,S05,Collier,S05-2023-P3,1,7,Tygress,33.3,19.4,44.3,2.76,0
2023,S05,Collier,S05-2023-P3,2,14,Tygress,29.4,20.26,52.0,2.76,0
2023,S05,Collier,S05-2023-P3,3,21,Tygress,34.5,21.41,40.3,2.76,0
2023,S05,Collier,S05-2023-P3,4,28,Tygress,27.0,20.39,46.3,2.76,0
2023,S05,Collier,S05-2023-P3,5,35,Tygress,24.7,20.89,43.5,2.76,0
2023,S05,Collier,S05-2023-P3,6,42,Tygress,31.1,22.58,42.8,2.76,0
2023,S05,Collier,S05-2023-P3,7,49,Tygress,18.2,23.35,38.5,2.76,0
2023,S05,Collier,S05-2023-P3,8,56,Tygress,26.1,19.65,20.7,2.76,0
2023,S05,Collier,S05-2023-P3,9,63,Tygress,34.7,20.6,30.7,2.76,0
2023,S05,Collier,S05-2023-P3,10,70,Tygress,32.0,19.17,36.1,2.76,1
2023,S05,Collier,S05-2023-P3,11,77,Tygress,32.8,21.69,39.5,2.76,0
2023,S05,Collier,S05-2023-P3,12,84,Tygress,24.2,23.07,48.9,2.76,0
2023,S05,Collier,S05-2023-P4,1,7,Tygress,20.1,19.59,18.6,3.15,0
2023,S05,Collier,S05-2023-P4,2,14,Tygress,36.5,19.04,14.9,3.15,0
2023,S05,Collier,S05-2023-P4,3,21,Tygress,25.1,18.77,6.8,3.15,0
2023,S05,Collier,S05-2023-P4,4,28,Tygress,30.4,17.99,7.8,3.15,0
2023,S05,Collier,S05-2023-P4,5,35,Tygress,29.9,18.51,17.3,3.15,0
2023,S05,Collier,S05-2023-P4,6,42,Tygress,35.5,20.19,14.8,3.15,0
2023,S05,Collier,S05-2023-P4,7,49,Tygress,28.7,20.8,18.7,3.15,0
2023,S05,Collier,S05-2023-P4,8,56,Tygress,23.2,19.13,14.5,3.15,0
2023,S05,Collier,S05-2023-P4,9,63,Tygress,33.6,19.21,5.3,3.15,0
2023,S05,Collier,S05-2023-P4,10,70,Tygress,18.6,18.89,9.8,3.15,0
2023,S05,Collier,S05-2023-P4,11,77,Tygress,24.0,19.47,0.4,3.15,0
2023,S05,Collier,S05-2023-P4,12,84,Tygress,22.3,18.25,27.5,3.15,0
2023,S05,Collier,S05-2023-P5,1,7,Tygress,29.7,19.54,35.9,2.73,0
2023,S05,Collier,S05-2023-P5,2,14,Tygress,32.1,21.93,55.4,2.73,0
2023,S05,Collier,S05-2023-P5,3,21,Tygress,21.5,21.67,34.7,2.73,0
2023,S05,Collier,S05-2023-P5,4,28,Tygress,26.0,17.65,23.1,2.73,0
2023,S05,Collier,S05-2023-P5,5,35,Tygress,32.5,19.32,39.1,2.73,0
2023,S05,Collier,S05-2023-P5,6,42,Tygress,36.2,19.47,20.3,2.73,0
2023,S05,Collier,S05-2023-P5,7,49,Tygress,30.3,21.65,29.9,2.73,0
2023,S05,Collier,S05-2023-P5,8,56,Tygress,31.3,19.01,29.0,2.73,0
2023,S05,Collier,S05-2023-P5,9,63,Tygress,31.3,19.72,33.7,2.73,0
2023,S05,Collier,S05-2023-P5,10,70,Tygress,27.4,18.53,43.0,2.73,0
2023,S05,Collier,S05-2023-P5,11,77,Tygress,18.9,21.49,35.4,2.73,0
2023,S05,Collier,S05-2023-P5,12,84,Tygress,37.3,19.83,47.8,2.73,0
2023,S05,Collier,S05-2023-P6,1,7,HM-1823,33.1,20.19,29.0,3.63,1
2023,S05,Collier,S05-2023-P6,2,14,HM-1823,31.4,18.73,34.0,3.63,0
2023,S05,Collier,S05-2023-P6,3,21,HM-1823,31.7,20.31,32.9,3.63,0
2023,S05,Collier,S05-2023-P6,4,28,HM-1823,23.6,17.26,28.1,3.63,0
2023,S05,Collier,S05-2023-P6,5,35,HM-1823,29.7,21.78,28.8,3.63,0
2023,S05,Collier,S05-2023-P6,6,42,HM-1823,23.7,20.49,49.9,3.63,0
2023,S05,Collier,S05-2023-P6,7,49,HM-1823,24.8,20.31,41.6,3.63,0
2023,S05,Collier,S05-2023-P6,8,56,HM-1823,25.7,19.76,24.4,3.63,0
2023,S05,Collier,S05-2023-P6,9,63,HM-1823,24.6,18.33,39.2,3.63,0
2023,S05,Collier,S05-2023-P6,10,70,HM-1823,32.2,19.73,25.8,3.63,0
2023,S05,Collier,S05-2023-P6,11,77,HM-1823,26.7,20.38,27.7,3.63,1
2023,S05,Collier,S05-2023-P6,12,84,HM-1823,23.6,19.99,21.9,3.63,0
2023,S06,Collier,S06-2023-P1,1,7,FL-8000,34.8,20.3,0.0,3.36,0
2023,S06,Collier,S06-2023-P1,2,14,FL-8000,11.8,19.5,18.4,3.36,0
2023,S06,Collier,S06-2023-P1,3,21,FL-8000,13.7,18.51,5.4,3.36,0
2023,S06,Collier,S06-2023-P1,4,28,FL-8000,16.2,16.86,22.5,3.36,0
2023,S06,Collier,S06-2023-P1,5,35,FL-8000,26.8,17.35,25.6,3.36,0
2023,S06,Collier,S06-2023-P1,6,42,FL-8000,26.6,18.08,20.2,3.36,0
2023,S06,Collier,S06-2023-P1,7,49,FL-8000,17.0,18.22,20.4,3.36,0
2023,S06,Collier,S06-2023-P1,8,56,FL-8000,25.4,17.93,12.3,3.36,0
2023,S06,Collier,S06-2023-P1,9,63,FL-8000,17.8,19.29,17.6,3.36,0
2023,S06,Collier,S06-2023-P1,10,70,FL-8000,28.1,15.79,4.0,3.36,0
2023,S06,Collier,S06-2023-P1,11,77,FL-8000,22.0,19.05,28.0,3.36,0
2023,S06,Collier,S06-2023-P1,12,84,FL-8000,21.0,17.02,9.2,3.36,1
2023,S06,Collier,S06-2023-P2,1,7,HM-1823,19.4,18.62,42.8,1.53,0
2023,S06,Collier,S06-2023-P2,2,14,HM-1823,26.7,17.8,24.7,1.53,0
2023,S06,Collier,S06-2023-P2,3,21,HM-1823,13.1,17.59,40.4,1.53,0
2023,S06,Collier,S06-2023-P2,4,28,HM-1823,28.0,17.77,32.3,1.53,0
2023,S06,Collier,S06-2023-P2,5,35,HM-1823,20.1,17.05,37.0,1.53,0
2023,S06,Collier,S06-2023-P2,6,42,HM-1823,14.6,16.95,29.2,1.53,0
2023,S06,Collier,S06-2023-P2,7,49,HM-1823,18.1,18.05,12.1,1.53,0
2023,S06,Collier,S06-2023-P2,8,56,HM-1823,35.2,16.56,32.4,1.53,0
2023,S06,Collier,S06-2023-P2,9,63,HM-1823,21.4,18.61,47.1,1.53,0
2023,S06,Collier,S06-2023-P2,10,70,HM-1823,13.8,18.98,41.6,1.53,0
2023,S06,Collier,S06-2023-P2,11,77,HM-1823,22.8,18.73,46.2,1.53,0
2023,S06,Collier,S06-2023-P2,12,84,HM-1823,20.2,16.21,40.1,1.53,0
2023,S06,Collier,S06-2023-P3,1,7,HM-1823,15.5,17.83,36.2,3.19,0
2023,S06,Collier,S06-2023-P3,2,14,HM-1823,32.9,15.83,38.0,3.19,0
2023,S06,Collier,S06-2023-P3,3,21,HM-1823,20.4,16.56,15.3,3.19,1
2023,S06,Collier,S06-2023-P3,4,28,HM-1823,23.8,16.38,22.2,3.19,0
2023,S06,Collier,S06-2023-P3,5,35,HM-1823,21.9,16.64,32.1,3.19,0
2023,S06,Collier,S06-2023-P3,6,42,HM-1823,20.0,17.27,24.4,3.19,0
2023,S06,Collier,S06-2023-P3,7,49,HM-1823,22.9,17.16,29.9,3.19,0
2023,S06,Collier,S06-2023-P3,8,56,HM-1823,29.0,16.65,40.6,3.19,1
2023,S06,Collier,S06-2023-P3,9,63,HM-1823,37.0,18.29,43.5,3.19,1
2023,S06,Collier,S06-2023-P3,10,70,HM-1823,27.4,16.85,39.6,3.19,1
2023,S06,Collier,S06-2023-P3,11,77,HM-1823,24.7,17.21,13.5,3.19,0
2023,S06,Collier,S06-2023-P3,12,84,HM-1823,25.1,16.68,25.0,3.19,0
2023,S06,Collier,S06-2023-P4,1,7,FL-8000,26.1,18.04,24.1,3.46,0
2023,S06,Collier,S06-2023-P4,2,14,FL-8000,16.3,16.46,28.6,3.46,0
2023,S06,Collier,S06-2023-P4,3,21,FL-8000,25.1,18.07,20.2,3.46,0
2023,S06,Collier,S06-2023-P4,4,28,FL-8000,22.8,16.77,28.6,3.46,0
2023,S06,Collier,S06-2023-P4,5,35,FL-8000,24.0,15.32,15.3,3.46,0
2023,S06,Collier,S06-2023-P4,6,42,FL-8000,33.6,16.72,16.3,3.46,0
2023,S06,Collier,S06-2023-P4,7,49,FL-8000,28.2,16.53,33.4,3.46,0
2023,S06,Collier,S06-2023-P4,8,56,FL-8000,24.9,16.85,20.9,3.46,0
2023,S06,Collier,S06-2023-P4,9,63,FL-8000,35.0,16.45,11.7,3.46,0
2023,S06,Collier,S06-2023-P4,10,70,FL-8000,14.0,16.27,4.2,3.46,0
2023,S06,Collier,S06-2023-P4,11,77,FL-8000,33.0,19.77,26.6,3.46,0
2023,S06,Collier,S06-2023-P4,12,84,FL-8000,18.3,17.24,35.7,3.46,0
2023,S06,Collier,S06-2023-P5,1,7,Sanibel,21.9,17.68,26.1,3.35,0
2023,S06,Collier,S06-2023-P5,2,14,Sanibel,28.5,17.42,34.5,3.35,0
2023,S06,Collier,S06-2023-P5,3,21,Sanibel,31.2,14.26,22.6,3.35,0
2023,S06,Collier,S06-2023-P5,4,28,Sanibel,32.2,19.25,15.3,3.35,0
2023,S06,Collier,S06-2023-P5,5,35,Sanibel,19.6,17.81,27.1,3.35,0
2023,S06,Collier,S06-2023-P5,6,42,Sanibel,21.9,14.93,16.4,3.35,0
2023,S06,Collier,S06-2023-P5,7,49,Sanibel,30.4,17.46,25.1,3.35,0
2023,S06,Collier,S06-2023-P5,8,56,Sanibel,27.2,16.71,18.9,3.35,0
2023,S06,Collier,S06-2023-P5,9,63,Sanibel,22.7,16.35,20.9,3.35,0
2023,S06,Collier,S06-2023-P5,10,70,Sanibel,28.9,16.25,43.5,3.35,0
2023,S06,Collier,S06-2023-P5,11,77,Sanibel,26.3,17.44,13.0,3.35,0
2023,S06,Collier,S06-2023-P5,12,84,Sanibel,24.3,16.76,12.9,3.35,0
2023,S06,Collier,S06-2023-P6,1,7,Tygress,22.0,15.97,28.8,2.71,0
2023,S06,Collier,S06-2023-P6,2,14,Tygress,21.4,17.96,23.9,2.71,0
2023,S06,Collier,S06-2023-P6,3,21,Tygress,24.5,18.9,25.6,2.71,0
2023,S06,Collier,S06-2023-P6,4,28,Tygress,15.2,19.3,35.7,2.71,0
2023,S06,Collier,S06-2023-P6,5,35,Tygress,28.0,16.27,29.1,2.71,0
2023,S06,Collier,S06-2023-P6,6,42,Tygress,18.8,17.18,24.5,2.71,0
2023,S06,Collier,S06-2023-P6,7,49,Tygress,36.1,16.01,29.3,2.71,0
2023,S06,Collier,S06-2023-P6,8,56,Tygress,15.6,17.93,43.0,2.71,0
2023,S06,Collier,S06-2023-P6,9,63,Tygress,21.8,13.41,37.7,2.71,0
2023,S06,Collier,S06-2023-P6,10,70,Tygress,23.8,18.82,32.9,2.71,0
2023,S06,Collier,S06-2023-P6,11,77,Tygress,30.4,17.25,51.5,2.71,0
2023,S06,Collier,S06-2023-P6,12,84,Tygress,27.5,17.14,23.9,2.71,0
2023,S07,Miami-Dade,S07-2023-P1,1,7,FL-8000,22.5,20.97,20.4,3.75,1
2023,S07,Miami-Dade,S07-2023-P1,2,14,FL-8000,18.1,15.48,10.1,3.75,0
2023,S07,Miami-Dade,S07-2023-P1,3,21,FL-8000,30.8,17.41,12.7,3.75,1
2023,S07,Miami-Dade,S07-2023-P1,4,28,FL-8000,25.7,18.45,17.3,3.75,0
2023,S07,Miami-Dade,S07-2023-P1,5,35,FL-8000,22.6,18.3,30.4,3.75,0
2023,S07,Miami-Dade,S07-2023-P1,6,42,FL-8000,17.7,17.39,41.2,3.75,0
2023,S07,Miami-Dade,S07-2023-P1,7,49,FL-8000,43.0,19.72,34.3,3.75,1
2023,S07,Miami-Dade,S07-2023-P1,8,56,FL-8000,24.8,20.67,37.4,3.75,0
2023,S07,Miami-Dade,S07-2023-P1,9,63,FL-8000,23.8,20.64,29.8,3.75,0
2023,S07,Miami-Dade,S07-2023-P1,10,70,FL-8000,26.7,20.67,32.9,3.75,1
2023,S07,Miami-Dade,S07-2023-P1,11,77,FL-8000,35.1,22.09,9.2,3.75,1
2023,S07,Miami-Dade,S07-2023-P1,12,84,FL-8000,31.2,22.02,26.9,3.75,0
2023,S07,Miami-Dade,S07-2023-P2,1,7,Sebring,36.8,19.52,15.7,2.69,0
2023,S07,Miami-Dade,S07-2023-P2,2,14,Sebring,29.4,18.91,18.7,2.69,0
2023,S07,Miami-Dade,S07-2023-P2,3,21,Sebring,26.7,21.31,34.6,2.69,0
2023,S07,Miami-Dade,S07-2023-P2,4,28,Sebring,26.9,22.75,20.3,2.69,0
2023,S07,Miami-Dade,S07-2023-P2,5,35,Sebring,21.2,20.14,25.5,2.69,0
2023,S07,Miami-Dade,S07-2023-P2,6,42,Sebring,29.0,20.69,38.0,2.69,0
2023,S07,Miami-Dade,S07-2023-P2,7,49,Sebring,30.0,23.35,32.3,2.69,0
2023,S07,Miami-Dade,S07-2023-P2,8,56,Sebring,41.5,20.54,40.7,2.69,0
2023,S07,Miami-Dade,S07-2023-P2,9,63,Sebring,32.4,21.98,14.1,2.69,0
2023,S07,Miami-Dade,S07-2023-P2,10,70,Sebring,27.2,21.35,18.9,2.69,0
2023,S07,Miami-Dade,S07-2023-P2,11,77,Sebring,30.4,20.22,6.9,2.69,0
2023,S07,Miami-Dade,S07-2023-P2,12,84,Sebring,29.4,22.01,41.3,2.69,1
2023,S07,Miami-Dade,S07-2023-P3,1,7,Sanibel,24.1,20.99,44.6,3.17,0
2023,S07,Miami-Dade,S07-2023-P3,2,14,Sanibel,28.2,20.84,35.0,3.17,0
2023,S07,Miami-Dade,S07-2023-P3,3,21,Sanibel,30.3,22.14,34.6,3.17,0
2023,S07,Miami-Dade,S07-2023-P3,4,28,Sanibel,38.6,21.35,41.6,3.17,0
2023,S07,Miami-Dade,S07-2023-P3,5,35,Sanibel,29.2,20.91,47.5,3.17,0
2023,S07,Miami-Dade,S07-2023-P3,6,42,Sanibel,29.3,20.37,30.6,3.17,0
2023,S07,Miami-Dade,S07-2023-P3,7,49,Sanibel,22.5,21.72,36.2,3.17,1
2023,S07,Miami-Dade,S07-2023-P3,8,56,Sanibel,33.2,22.84,22.5,3.17,0
2023,S07,Miami-Dade,S07-2023-P3,9,63,Sanibel,35.5,21.67,40.7,3.17,1
2023,S07,Miami-Dade,S07-2023-P3,10,70,Sanibel,25.0,20.67,29.1,3.17,0
2023,S07,Miami-Dade,S07-2023-P3,11,77,Sanibel,22.4,21.22,41.3,3.17,0
2023,S07,Miami-Dade,S07-2023-P3,12,84,Sanibel,29.3,21.28,40.7,3.17,0
2023,S07,Miami-Dade,S07-2023-P4,1,7,Sebring,27.6,18.98,31.4,2.59,0
2023,S07,Miami-Dade,S07-2023-P4,2,14,Sebring,32.9,18.35,0.0,2.59,0
2023,S07,Miami-Dade,S07-2023-P4,3,21,Sebring,28.6,17.15,12.1,2.59,0
2023,S07,Miami-Dade,S07-2023-P4,4,28,Sebring,30.6,21.19,20.2,2.59,0
2023,S07,Miami-Dade,S07-2023-P4,5,35,Sebring,22.5,19.42,19.2,2.59,0
2023,S07,Miami-Dade,S07-2023-P4,6,42,Sebring,31.4,18.28,14.9,2.59,0
2023,S07,Miami-Dade,S07-2023-P4,7,49,Sebring,27.2,19.94,23.8,2.59,0
2023,S07,Miami-Dade,S07-2023-P4,8,56,Sebring,36.3,18.58,27.4,2.59,0
2023,S07,Miami-Dade,S07-2023-P4,9,63,Sebring,29.5,19.78,12.5,2.59,0
2023,S07,Miami-Dade,S07-2023-P4,10,70,Sebring,29.1,19.9,11.3,2.59,0
2023,S07,Miami-Dade,S07-2023-P4,11,77,Sebring,23.0,16.49,1.4,2.59,0
2023,S07,Miami-Dade,S07-2023-P4,12,84,Sebring,28.0,21.01,32.5,2.59,0
2023,S07,Miami-Dade,S07-2023-P5,1,7,FL-8000,18.6,20.5,21.8,2.9,0
2023,S07,Miami-Dade,S07-2023-P5,2,14,FL-8000,27.1,19.24,10.6,2.9,0
2023,S07,Miami-Dade,S07-2023-P5,3,21,FL-8000,34.3,20.08,10.6,2.9,0
2023,S07,Miami-Dade,S07-2023-P5,4,28,FL-8000,32.8,23.23,20.2,2.9,0
2023,S07,Miami-Dade,S07-2023-P5,5,35,FL-8000,37.0,19.74,19.9,2.9,1
2023,S07,Miami-Dade,S07-2023-P5,6,42,FL-8000,30.3,21.43,33.8,2.9,0
2023,S07,Miami-Dade,S07-2023-P5,7,49,FL-8000,31.0,21.85,41.1,2.9,0
2023,S07,Miami-Dade,S07-2023-P5,8,56,FL-8000,35.8,19.26,1.6,2.9,0
2023,S07,Miami-Dade,S07-2023-P5,9,63,FL-8000,31.8,20.75,10.8,2.9,0
2023,S07,Miami-Dade,S07-2023-P5,10,70,FL-8000,20.5,18.63,18.1,2.9,0
2023,S07,Miami-Dade,S07-2023-P5,11,77,FL-8000,29.4,21.15,33.5,2.9,0
2023,S07,Miami-Dade,S07-2023-P5,12,84,FL-8000,29.6,20.21,21.8,2.9,0
2023,S07,Miami-Dade,S07-2023-P6,1,7,HM-1823,44.6,19.76,36.5,3.67,0
2023,S07,Miami-Dade,S07-2023-P6,2,14,HM-1823,31.8,19.96,20.6,3.67,0
2023,S07,Miami-Dade,S07-2023-P6,3,21,HM-1823,22.9,19.44,22.9,3.67,0
2023,S07,Miami-Dade,S07-2023-P6,4,28,HM-1823,40.1,18.14,23.0,3.67,0
2023,S07,Miami-Dade,S07-2023-P6,5,35,HM-1823,25.7,22.18,35.8,3.67,0
2023,S07,Miami-Dade,S07-2023-P6,6,42,HM-1823,30.3,21.29,26.7,3.67,0
2023,S07,Miami-Dade,S07-2023-P6,7,49,HM-1823,27.7,20.66,25.8,3.67,0
2023,S07,Miami-Dade,S07-2023-P6,8,56,HM-1823,33.6,19.04,36.1,3.67,0
2023,S07,Miami-Dade,S07-2023-P6,9,63,HM-1823,22.8,18.6,42.5,3.67,0
2023,S07,Miami-Dade,S07-2023-P6,10,70,HM-1823,33.6,19.53,37.1,3.67,0
2023,S07,Miami-Dade,S07-2023-P6,11,77,HM-1823,44.8,20.3,44.1,3.67,1
2023,S07,Miami-Dade,S07-2023-P6,12,84,HM-1823,33.3,21.68,46.0,3.67,0
2023,S08,Miami-Dade,S08-2023-P1,1,7,FL-8000,22.6,16.25,33.2,3.74,1
2023,S08,Miami-Dade,S08-2023-P1,2,14,FL-8000,26.6,15.58,36.6,3.74,0
2023,S08,Miami-Dade,S08-2023-P1,3,21,FL-8000,22.8,20.18,33.6,3.74,0
2023,S08,Miami-Dade,S08-2023-P1,4,28,FL-8000,25.6,19.25,10.8,3.74,0
2023,S08,Miami-Dade,S08-2023-P1,5,35,FL-8000,23.2,19.48,24.3,3.74,1
2023,S08,Miami-Dade,S08-2023-P1,6,42,FL-8000,32.2,18.99,31.1,3.74,0
2023,S08,Miami-Dade,S08-2023-P1,7,49,FL-8000,24.8,18.67,26.4,3.74,0
2023,S08,Miami-Dade,S08-2023-P1,8,56,FL-8000,25.6,18.77,38.9,3.74,0
2023,S08,Miami-Dade,S08-2023-P1,9,63,FL-8000,32.7,18.62,25.8,3.74,0
2023,S08,Miami-Dade,S08-2023-P1,10,70,FL-8000,18.5,19.69,31.8,3.74,0
2023,S08,Miami-Dade,S08-2023-P1,11,77,FL-8000,18.5,21.32,33.9,3.74,0
2023,S08,Miami-Dade,S08-2023-P1,12,84,FL-8000,23.4,18.51,20.7,3.74,0
2023,S08,Miami-Dade,S08-2023-P2,1,7,Sanibel,20.7,16.86,13.8,1.53,0
2023,S08,Miami-Dade,S08-2023-P2,2,14,Sanibel,24.6,17.67,38.0,1.53,0
2023,S08,Miami-Dade,S08-2023-P2,3,21,Sanibel,35.5,17.98,28.9,1.53,0
2023,S08,Miami-Dade,S08-2023-P2,4,28,Sanibel,34.2,19.86,30.9,1.53,0
2023,S08,Miami-Dade,S08-2023-P2,5,35,Sanibel,14.9,19.88,22.7,1.53,0
2023,S08,Miami-Dade,S08-2023-P2,6,42,Sanibel,40.8,17.5,18.5,1.53,0
2023,S08,Miami-Dade,S08-2023-P2,7,49,Sanibel,21.0,18.5,23.2,1.53,0
2023,S08,Miami-Dade,S08-2023-P2,8,56,Sanibel,33.0,20.87,21.2,1.53,0
2023,S08,Miami-Dade,S08-2023-P2,9,63,Sanibel,21.6,21.75,7.5,1.53,0
2023,S08,Miami-Dade,S08-2023-P2,10,70,Sanibel,30.8,17.48,22.5,1.53,0
2023,S08,Miami-Dade,S08-2023-P2,11,77,Sanibel,27.7,18.27,37.1,1.53,0
2023,S08,Miami-Dade,S08-2023-P2,12,84,Sanibel,23.6,20.2,33.9,1.53,0
2023,S08,Miami-Dade,S08-2023-P3,1,7,Tygress,31.5,17.85,45.0,1.82,0
2023,S08,Miami-Dade,S08-2023-P3,2,14,Tygress,32.8,19.37,32.5,1.82,0
2023,S08,Miami-Dade,S08-2023-P3,3,21,Tygress,34.3,17.66,35.6,1.82,0
2023,S08,Miami-Dade,S08-2023-P3,4,28,Tygress,27.0,17.88,45.6,1.82,0
2023,S08,Miami-Dade,S08-2023-P3,5,35,Tygress,34.2,16.76,20.9,1.82,0
2023,S08,Miami-Dade,S08-2023-P3,6,42,Tygress,33.8,19.2,49.1,1.82,0
2023,S08,Miami-Dade,S08-2023-P3,7,49,Tygress,31.5,17.33,39.3,1.82,0
2023,S08,Miami-Dade,S08-2023-P3,8,56,Tygress,32.6,19.68,35.2,1.82,0
2023,S08,Miami-Dade,S08-2023-P3,9,63,Tygress,29.2,17.9,48.3,1.82,0
2023,S08,Miami-Dade,S08-2023-P3,10,70,Tygress,25.1,17.93,42.0,1.82,0
2023,S08,Miami-Dade,S08-2023-P3,11,77,Tygress,25.1,18.02,47.4,1.82,0
2023,S08,Miami-Dade,S08-2023-P3,12,84,Tygress,32.8,20.23,43.7,1.82,0
2023,S08,Miami-Dade,S08-2023-P4,1,7,Tygress,29.7,19.08,21.7,3.29,0
2023,S08,Miami-Dade,S08-2023-P4,2,14,Tygress,26.1,18.08,15.1,3.29,0
2023,S08,Miami-Dade,S08-2023-P4,3,21,Tygress,34.9,18.43,16.2,3.29,0
2023,S08,Miami-Dade,S08-2023-P4,4,28,Tygress,29.5,22.03,16.8,3.29,0
2023,S08,Miami-Dade,S08-2023-P4,5,35,Tygress,27.8,17.87,14.5,3.29,0
2023,S08,Miami-Dade,S08-2023-P4,6,42,Tygress,34.9,19.58,21.2,3.29,0
2023,S08,Miami-Dade,S08-2023-P4,7,49,Tygress,37.7,17.19,19.0,3.29,0
2023,S08,Miami-Dade,S08-2023-P4,8,56,Tygress,11.4,19.3,17.0,3.29,0
2023,S08,Miami-Dade,S08-2023-P4,9,63,Tygress,27.8,20.16,2.3,3.29,0
2023,S08,Miami-Dade,S08-2023-P4,10,70,Tygress,39.9,18.5,13.8,3.29,0
2023,S08,Miami-Dade,S08-2023-P4,11,77,Tygress,16.4,16.92,22.4,3.29,0
2023,S08,Miami-Dade,S08-2023-P4,12,84,Tygress,24.0,20.43,21.2,3.29,0
2023,S08,Miami-Dade,S08-2023-P5,1,7,Sanibel,31.7,21.57,45.2,3.1,0
2023,S08,Miami-Dade,S08-2023-P5,2,14,Sanibel,29.2,17.76,33.2,3.1,0
2023,S08,Miami-Dade,S08-2023-P5,3,21,Sanibel,29.8,19.84,39.2,3.1,0
2023,S08,Miami-Dade,S08-2023-P5,4,28,Sanibel,32.2,17.75,35.1,3.1,0
2023,S08,Miami-Dade,S08-2023-P5,5,35,Sanibel,19.4,18.46,30.6,3.1,0
2023,S08,Miami-Dade,S08-2023-P5,6,42,Sanibel,12.7,17.36,53.5,3.1,0
2023,S08,Miami-Dade,S08-2023-P5,7,49,Sanibel,26.5,18.49,42.6,3.1,0
2023,S08,Miami-Dade,S08-2023-P5,8,56,Sanibel,33.9,16.55,28.7,3.1,0
2023,S08,Miami-Dade,S08-2023-P5,9,63,Sanibel,26.9,19.01,48.3,3.1,0
2023,S08,Miami-Dade,S08-2023-P5,10,70,Sanibel,22.2,16.95,39.8,3.1,0
2023,S08,Miami-Dade,S08-2023-P5,11,77,Sanibel,22.9,20.27,47.9,3.1,0
2023,S08,Miami-Dade,S08-2023-P5,12,84,Sanibel,30.4,19.2,41.6,3.1,0
2023,S08,Miami-Dade,S08-2023-P6,1,7,HM-1823,25.5,18.29,5.2,3.29,0
2023,S08,Miami-Dade,S08-2023-P6,2,14,HM-1823,21.1,18.05,14.1,3.29,0
2023,S08,Miami-Dade,S08-2023-P6,3,21,HM-1823,34.1,20.52,17.8,3.29,0
2023,S08,Miami-Dade,S08-2023-P6,4,28,HM-1823,27.2,18.93,0.9,3.29,0
2023,S08,Miami-Dade,S08-2023-P6,5,35,HM-1823,20.6,18.67,22.2,3.29,0
2023,S08,Miami-Dade,S08-2023-P6,6,42,HM-1823,18.5,20.96,14.2,3.29,0
2023,S08,Miami-Dade,S08-2023-P6,7,49,HM-1823,33.6,18.97,12.3,3.29,0
2023,S08,Miami-Dade,S08-2023-P6,8,56,HM-1823,21.2,18.15,14.2,3.29,1
2023,S08,Miami-Dade,S08-2023-P6,9,63,HM-1823,34.4,19.23,6.8,3.29,0
2023,S08,Miami-Dade,S08-2023-P6,10,70,HM-1823,18.2,21.21,17.6,3.29,0
2023,S08,Miami-Dade,S08-2023-P6,11,77,HM-1823,24.9,18.88,17.0,3.29,0
2023,S08,Miami-Dade,S08-2023-P6,12,84,HM-1823,27.7,17.45,36.3,3.29,0
2024,S01,Manatee,S01-2024-P1,1,7,Sanibel,11.2,22.88,15.2,2.79,0
2024,S01,Manatee,S01-2024-P1,2,14,Sanibel,23.2,18.77,12.7,2.79,0
2024,S01,Manatee,S01-2024-P1,3,21,Sanibel,20.4,20.99,1.0,2.79,0
2024,S01,Manatee,S01-2024-P1,4,28,Sanibel,28.0,19.81,10.8,2.79,0
2024,S01,Manatee,S01-2024-P1,5,35,Sanibel,27.4,21.76,14.5,2.79,0
2024,S01,Manatee,S01-2024-P1,6,42,Sanibel,23.6,20.15,33.5,2.79,0
2024,S01,Manatee,S01-2024-P1,7,49,Sanibel,19.0,19.03,13.2,2.79,0
2024,S01,Manatee,S01-2024-P1,8,56,Sanibel,22.9,20.75,22.3,2.79,0
2024,S01,Manatee,S01-2024-P1,9,63,Sanibel,9.7,18.7,27.3,2.79,0
2024,S01,Manatee,S01-2024-P1,10,70,Sanibel,31.1,18.44,28.4,2.79,0
2024,S01,Manatee,S01-2024-P1,11,77,Sanibel,13.5,19.78,3.7,2.79,0
2024,S01,Manatee,S01-2024-P1,12,84,Sanibel,31.3,18.62,0.0,2.79,0
2024,S01,Manatee,S01-2024-P2,1,7,Sebring,22.3,19.75,11.1,2.86,0
2024,S01,Manatee,S01-2024-P2,2,14,Sebring,16.6,20.91,25.8,2.86,0
2024,S01,Manatee,S01-2024-P2,3,21,Sebring,17.9,21.02,9.7,2.86,0
2024,S01,Manatee,S01-2024-P2,4,28,Sebring,23.3,20.27,18.4,2.86,0
2024,S01,Manatee,S01-2024-P2,5,35,Sebring,29.5,19.4,16.0,2.86,0
2024,S01,Manatee,S01-2024-P2,6,42,Sebring,22.6,20.6,15.0,2.86,0
2024,S01,Manatee,S01-2024-P2,7,49,Sebring,33.5,19.57,13.4,2.86,0
2024,S01,Manatee,S01-2024-P2,8,56,Sebring,29.8,19.21,17.9,2.86,0
2024,S01,Manatee,S01-2024-P2,9,63,Sebring,19.0,19.17,24.8,2.86,0
2024,S01,Manatee,S01-2024-P2,10,70,Sebring,14.4,17.86,16.6,2.86,0
2024,S01,Manatee,S01-2024-P2,11,77,Sebring,30.4,19.24,18.2,2.86,0
2024,S01,Manatee,S01-2024-P2,12,84,Sebring,26.7,21.28,29.2,2.86,0
2024,S01,Manatee,S01-2024-P3,1,7,Sanibel,22.4,20.98,22.2,3.23,0
2024,S01,Manatee,S01-2024-P3,2,14,Sanibel,33.7,21.46,24.4,3.23,0
2024,S01,Manatee,S01-2024-P3,3,21,Sanibel,10.9,21.29,27.7,3.23,0
2024,S01,Manatee,S01-2024-P3,4,28,Sanibel,18.9,18.6,23.1,3.23,0
2024,S01,Manatee,S01-2024-P3,5,35,Sanibel,21.0,21.18,9.9,3.23,0
2024,S01,Manatee,S01-2024-P3,6,42,Sanibel,29.0,18.72,27.1,3.23,0
2024,S01,Manatee,S01-2024-P3,7,49,Sanibel,19.0,20.68,30.2,3.23,0
2024,S01,Manatee,S01-2024-P3,8,56,Sanibel,20.9,18.95,15.1,3.23,0
2024,S01,Manatee,S01-2024-P3,9,63,Sanibel,29.4,17.69,20.4,3.23,0
2024,S01,Manatee,S01-2024-P3,10,70,Sanibel,24.8,18.96,20.0,3.23,0
2024,S01,Manatee,S01-2024-P3,11,77,Sanibel,33.6,20.93,17.6,3.23,0
2024,S01,Manatee,S01-2024-P3,12,84,Sanibel,27.5,20.54,18.3,3.23,0
2024,S01,Manatee,S01-2024-P4,1,7,Tygress,24.3,20.2,19.1,2.59,0
2024,S01,Manatee,S01-2024-P4,2,14,Tygress,17.7,20.6,43.4,2.59,0
2024,S01,Manatee,S01-2024-P4,3,21,Tygress,19.1,21.71,25.8,2.59,0
2024,S01,Manatee,S01-2024-P4,4,28,Tygress,24.1,21.18,14.1,2.59,0
2024,S01,Manatee,S01-2024-P4,5,35,Tygress,17.9,21.46,27.1,2.59,0
2024,S01,Manatee,S01-2024-P4,6,42,Tygress,21.1,17.95,25.6,2.59,0
2024,S01,Manatee,S01-2024-P4,7,49,Tygress,23.2,20.9,31.4,2.59,0
2024,S01,Manatee,S01-2024-P4,8,56,Tygress,25.0,18.69,14.1,2.59,0
2024,S01,Manatee,S01-2024-P4,9,63,Tygress,22.0,23.76,13.2,2.59,0
2024,S01,Manatee,S01-2024-P4,10,70,Tygress,21.6,20.8,32.0,2.59,0
2024,S01,Manatee,S01-2024-P4,11,77,Tygress,31.3,18.58,10.7,2.59,0
2024,S01,Manatee,S01-2024-P4,12,84,Tygress,23.8,19.51,30.4,2.59,0
2024,S01,Manatee,S01-2024-P5,1,7,Sanibel,23.1,21.52,8.5,4.45,1
2024,S01,Manatee,S01-2024-P5,2,14,Sanibel,25.4,16.83,27.5,4.45,0
2024,S01,Manatee,S01-2024-P5,3,21,Sanibel,26.1,19.38,23.3,4.45,0
2024,S01,Manatee,S01-2024-P5,4,28,Sanibel,30.5,21.12,32.6,4.45,0
2024,S01,Manatee,S01-2024-P5,5,35,Sanibel,25.8,18.92,21.5,4.45,0
2024,S01,Manatee,S01-2024-P5,6,42,Sanibel,32.2,20.53,19.8,4.45,0
2024,S01,Manatee,S01-2024-P5,7,49,Sanibel,20.5,20.54,28.1,4.45,0
2024,S01,Manatee,S01-2024-P5,8,56,Sanibel,22.4,21.99,24.8,4.45,0
2024,S01,Manatee,S01-2024-P5,9,63,Sanibel,25.2,19.55,14.1,4.45,1
2024,S01,Manatee,S01-2024-P5,10,70,Sanibel,19.9,18.95,14.5,4.45,0
2024,S01,Manatee,S01-2024-P5,11,77,Sanibel,26.3,20.77,21.7,4.45,1
2024,S01,Manatee,S01-2024-P5,12,84,Sanibel,29.5,19.38,22.7,4.45,0
2024,S01,Manatee,S01-2024-P6,1,7,Tygress,26.3,19.97,19.2,1.91,0
2024,S01,Manatee,S01-2024-P6,2,14,Tygress,32.1,20.33,8.9,1.91,0
2024,S01,Manatee,S01-2024-P6,3,21,Tygress,27.7,18.82,12.5,1.91,0
2024,S01,Manatee,S01-2024-P6,4,28,Tygress,28.4,19.22,8.3,1.91,0
2024,S01,Manatee,S01-2024-P6,5,35,Tygress,20.4,20.48,11.1,1.91,0
2024,S01,Manatee,S01-2024-P6,6,42,Tygress,16.8,20.23,15.7,1.91,0
2024,S01,Manatee,S01-2024-P6,7,49,Tygress,34.5,20.82,6.1,1.91,0
2024,S01,Manatee,S01-2024-P6,8,56,Tygress,23.1,21.9,21.0,1.91,0
2024,S01,Manatee,S01-2024-P6,9,63,Tygress,11.7,19.06,11.3,1.91,0
2024,S01,Manatee,S01-2024-P6,10,70,Tygress,28.5,21.02,3.7,1.91,0
2024,S01,Manatee,S01-2024-P6,11,77,Tygress,27.3,19.37,4.6,1.91,0
2024,S01,Manatee,S01-2024-P6,12,84,Tygress,29.1,19.18,0.0,1.91,0
2024,S02,Manatee,S02-2024-P1,1,7,FL-8000,34.6,21.28,9.8,3.12,0
2024,S02,Manatee,S02-2024-P1,2,14,FL-8000,25.5,20.29,22.0,3.12,0
2024,S02,Manatee,S02-2024-P1,3,21,FL-8000,23.3,20.28,23.2,3.12,0
2024,S02,Manatee,S02-2024-P1,4,28,FL-8000,15.7,17.91,31.1,3.12,0
2024,S02,Manatee,S02-2024-P1,5,35,FL-8000,25.0,21.94,13.3,3.12,0
2024,S02,Manatee,S02-2024-P1,6,42,FL-8000,19.7,23.68,28.5,3.12,1
2024,S02,Manatee,S02-2024-P1,7,49,FL-8000,24.2,22.1,18.5,3.12,0
2024,S02,Manatee,S02-2024-P1,8,56,FL-8000,29.8,21.47,20.8,3.12,0
2024,S02,Manatee,S02-2024-P1,9,63,FL-8000,15.6,23.16,24.4,3.12,0
2024,S02,Manatee,S02-2024-P1,10,70,FL-8000,28.0,19.01,23.4,3.12,0
2024,S02,Manatee,S02-2024-P1,11,77,FL-8000,24.4,21.04,10.4,3.12,0
2024,S02,Manatee,S02-2024-P1,12,84,FL-8000,26.7,21.67,3.9,3.12,0
2024,S02,Manatee,S02-2024-P2,1,7,Tygress,31.8,20.82,34.5,3.61,0
2024,S02,Manatee,S02-2024-P2,2,14,Tygress,24.9,22.64,24.4,3.61,0
2024,S02,Manatee,S02-2024-P2,3,21,Tygress,26.4,23.79,25.4,3.61,0
2024,S02,Manatee,S02-2024-P2,4,28,Tygress,26.6,21.45,33.1,3.61,0
2024,S02,Manatee,S02-2024-P2,5,35,Tygress,22.2,22.76,43.2,3.61,0
2024,S02,Manatee,S02-2024-P2,6,42,Tygress,40.8,22.11,57.3,3.61,0
2024,S02,Manatee,S02-2024-P2,7,49,Tygress,26.7,22.9,42.0,3.61,0
2024,S02,Manatee,S02-2024-P2,8,56,Tygress,22.5,21.75,29.4,3.61,1
2024,S02,Manatee,S02-2024-P2,9,63,Tygress,15.8,21.62,43.3,3.61,0
2024,S02,Manatee,S02-2024-P2,10,70,Tygress,21.5,21.64,31.9,3.61,0
2024,S02,Manatee,S02-2024-P2,11,77,Tygress,16.8,21.99,14.5,3.61,1
2024,S02,Manatee,S02-2024-P2,12,84,Tygress,19.5,20.17,38.1,3.61,0
2024,S02,Manatee,S02-2024-P3,1,7,FL-8000,22.8,21.76,50.2,3.46,0
2024,S02,Manatee,S02-2024-P3,2,14,FL-8000,25.8,22.26,29.4,3.46,0
2024,S02,Manatee,S02-2024-P3,3,21,FL-8000,23.5,21.07,30.7,3.46,1
2024,S02,Manatee,S02-2024-P3,4,28,FL-8000,19.4,22.29,37.1,3.46,0
2024,S02,Manatee,S02-2024-P3,5,35,FL-8000,23.7,21.24,49.7,3.46,1
2024,S02,Manatee,S02-2024-P3,6,42,FL-8000,25.8,21.42,15.3,3.46,0
2024,S02,Manatee,S02-2024-P3,7,49,FL-8000,19.1,22.6,39.4,3.46,0
2024,S02,Manatee,S02-2024-P3,8,56,FL-8000,16.1,22.07,41.8,3.46,1
2024,S02,Manatee,S02-2024-P3,9,63,FL-8000,29.0,22.07,36.4,3.46,1
2024,S02,Manatee,S02-2024-P3,10,70,FL-8000,28.0,20.81,38.2,3.46,1
2024,S02,Manatee,S02-2024-P3,11,77,FL-8000,19.4,19.78,27.3,3.46,0
2024,S02,Manatee,S02-2024-P3,12,84,FL-8000,20.3,21.17,39.0,3.46,1
2024,S02,Manatee,S02-2024-P4,1,7,Tygress,16.2,20.62,11.1,3.51,0
2024,S02,Manatee,S02-2024-P4,2,14,Tygress,17.4,21.53,38.9,3.51,1
2024,S02,Manatee,S02-2024-P4,3,21,Tygress,14.5,22.35,15.1,3.51,0
2024,S02,Manatee,S02-2024-P4,4,28,Tygress,17.5,20.46,34.2,3.51,0
2024,S02,Manatee,S02-2024-P4,5,35,Tygress,22.6,23.01,34.0,3.51,0
2024,S02,Manatee,S02-2024-P4,6,42,Tygress,26.3,19.46,44.7,3.51,0
2024,S02,Manatee,S02-2024-P4,7,49,Tygress,18.7,23.03,42.5,3.51,0
2024,S02,Manatee,S02-2024-P4,8,56,Tygress,14.8,21.03,28.2,3.51,0
2024,S02,Manatee,S02-2024-P4,9,63,Tygress,15.4,20.3,37.5,3.51,0
2024,S02,Manatee,S02-2024-P4,10,70,Tygress,10.1,20.39,27.9,3.51,0
2024,S02,Manatee,S02-2024-P4,11,77,Tygress,20.1,21.67,19.1,3.51,0
2024,S02,Manatee,S02-2024-P4,12,84,Tygress,23.9,22.03,32.0,3.51,0
2024,S02,Manatee,S02-2024-P5,1,7,FL-8000,16.9,21.13,22.2,2.68,0
2024,S02,Manatee,S02-2024-P5,2,14,FL-8000,12.4,23.97,53.7,2.68,0
2024,S02,Manatee,S02-2024-P5,3,21,FL-8000,17.7,22.47,38.8,2.68,0
2024,S02,Manatee,S02-2024-P5,4,28,FL-8000,32.6,19.49,35.6,2.68,0
2024,S02,Manatee,S02-2024-P5,5,35,FL-8000,20.7,21.1,32.3,2.68,0
2024,S02,Manatee,S02-2024-P5,6,42,FL-8000,24.8,22.66,37.6,2.68,0
2024,S02,Manatee,S02-2024-P5,7,49,FL-8000,17.1,21.81,36.5,2.68,1
2024,S02,Manatee,S02-2024-P5,8,56,FL-8000,35.3,20.18,30.0,2.68,0
2024,S02,Manatee,S02-2024-P5,9,63,FL-8000,20.5,23.06,41.0,2.68,0
2024,S02,Manatee,S02-2024-P5,10,70,FL-8000,19.4,21.61,34.1,2.68,1
2024,S02,Manatee,S02-2024-P5,11,77,FL-8000,25.8,19.17,27.0,2.68,0
2024,S02,Manatee,S02-2024-P5,12,84,FL-8000,29.0,21.62,40.5,2.68,0
2024,S02,Manatee,S02-2024-P6,1,7,FL-8000,19.2,20.73,29.7,3.14,0
2024,S02,Manatee,S02-2024-P6,2,14,FL-8000,23.2,22.62,19.6,3.14,0
2024,S02,Manatee,S02-2024-P6,3,21,FL-8000,25.5,23.59,42.1,3.14,1
2024,S02,Manatee,S02-2024-P6,4,28,FL-8000,14.0,22.74,37.5,3.14,0
2024,S02,Manatee,S02-2024-P6,5,35,FL-8000,25.4,23.31,31.2,3.14,1
2024,S02,Manatee,S02-2024-P6,6,42,FL-8000,24.0,20.0,20.3,3.14,0
2024,S02,Manatee,S02-2024-P6,7,49,FL-8000,3.1,21.84,22.1,3.14,0
2024,S02,Manatee,S02-2024-P6,8,56,FL-8000,18.1,21.14,22.8,3.14,0
2024,S02,Manatee,S02-2024-P6,9,63,FL-8000,19.2,23.32,30.6,3.14,1
2024,S02,Manatee,S02-2024-P6,10,70,FL-8000,16.8,23.05,33.3,3.14,1
2024,S02,Manatee,S02-2024-P6,11,77,FL-8000,19.6,20.42,25.3,3.14,0
2024,S02,Manatee,S02-2024-P6,12,84,FL-8000,24.9,18.6,25.5,3.14,0
2024,S03,Hillsborough,S03-2024-P1,1,7,Sebring,23.1,18.71,32.8,2.18,0
2024,S03,Hillsborough,S03-2024-P1,2,14,Sebring,13.2,19.58,22.2,2.18,0
2024,S03,Hillsborough,S03-2024-P1,3,21,Sebring,26.5,18.75,15.3,2.18,0
2024,S03,Hillsborough,S03-2024-P1,4,28,Sebring,19.9,19.77,35.6,2.18,0
2024,S03,Hillsborough,S03-2024-P1,5,35,Sebring,27.2,20.58,12.5,2.18,0
2024,S03,Hillsborough,S03-2024-P1,6,42,Sebring,25.9,20.19,32.3,2.18,0
2024,S03,Hillsborough,S03-2024-P1,7,49,Sebring,22.0,20.81,23.6,2.18,0
2024,S03,Hillsborough,S03-2024-P1,8,56,Sebring,24.5,19.8,35.6,2.18,0
2024,S03,Hillsborough,S03-2024-P1,9,63,Sebring,20.2,19.14,27.7,2.18,0
2024,S03,Hillsborough,S03-2024-P1,10,70,Sebring,27.3,17.56,28.3,2.18,0
2024,S03,Hillsborough,S03-2024-P1,11,77,Sebring,12.3,20.27,31.0,2.18,0
2024,S03,Hillsborough,S03-2024-P1,12,84,Sebring,23.5,19.95,31.7,2.18,0
2024,S03,Hillsborough,S03-2024-P2,1,7,FL-8000,13.4,22.44,21.5,2.98,0
2024,S03,Hillsborough,S03-2024-P2,2,14,FL-8000,32.2,20.87,21.7,2.98,0
2024,S03,Hillsborough,S03-2024-P2,3,21,FL-8000,14.9,21.83,25.5,2.98,0
2024,S03,Hillsborough,S03-2024-P2,4,28,FL-8000,11.6,20.47,24.9,2.98,0
2024,S03,Hillsborough,S03-2024-P2,5,35,FL-8000,26.4,21.16,23.1,2.98,0
2024,S03,Hillsborough,S03-2024-P2,6,42,FL-8000,32.4,18.25,36.2,2.98,0
2024,S03,Hillsborough,S03-2024-P2,7,49,FL-8000,14.9,20.49,17.2,2.98,0
2024,S03,Hillsborough,S03-2024-P2,8,56,FL-8000,13.5,20.82,21.9,2.98,1
2024,S03,Hillsborough,S03-2024-P2,9,63,FL-8000,20.3,22.0,36.6,2.98,0
2024,S03,Hillsborough,S03-2024-P2,10,70,FL-8000,16.8,21.15,13.3,2.98,0
2024,S03,Hillsborough,S03-2024-P2,11,77,FL-8000,26.9,22.06,22.7,2.98,0
2024,S03,Hillsborough,S03-2024-P2,12,84,FL-8000,17.0,20.1,11.2,2.98,0
2024,S03,Hillsborough,S03-2024-P3,1,7,Sebring,20.7,20.24,31.8,2.14,0
2024,S03,Hillsborough,S03-2024-P3,2,14,Sebring,20.3,18.11,40.9,2.14,0
2024,S03,Hillsborough,S03-2024-P3,3,21,Sebring,28.0,20.68,51.6,2.14,1
2024,S03,Hillsborough,S03-2024-P3,4,28,Sebring,29.7,21.68,28.2,2.14,0
2024,S03,Hillsborough,S03-2024-P3,5,35,Sebring,24.9,21.11,33.2,2.14,0
2024,S03,Hillsborough,S03-2024-P3,6,42,Sebring,20.2,18.63,44.8,2.14,0
2024,S03,Hillsborough,S03-2024-P3,7,49,Sebring,25.7,19.54,35.7,2.14,0
2024,S03,Hillsborough,S03-2024-P3,8,56,Sebring,27.7,18.92,31.4,2.14,0
2024,S03,Hillsborough,S03-2024-P3,9,63,Sebring,21.8,22.12,33.2,2.14,0
2024,S03,Hillsborough,S03-2024-P3,10,70,Sebring,25.3,20.53,30.0,2.14,0
2024,S03,Hillsborough,S03-2024-P3,11,77,Sebring,10.0,20.58,25.2,2.14,0
2024,S03,Hillsborough,S03-2024-P3,12,84,Sebring,29.9,21.43,34.0,2.14,0
2024,S03,Hillsborough,S03-2024-P4,1,7,Sebring,23.6,19.24,47.8,3.37,0
2024,S03,Hillsborough,S03-2024-P4,2,14,Sebring,18.7,20.12,44.1,3.37,0
2024,S03,Hillsborough,S03-2024-P4,3,21,Sebring,19.1,20.97,44.2,3.37,0
2024,S03,Hillsborough,S03-2024-P4,4,28,Sebring,23.4,20.27,55.7,3.37,0
2024,S03,Hillsborough,S03-2024-P4,5,35,Sebring,17.0,19.29,47.1,3.37,0
2024,S03,Hillsborough,S03-2024-P4,6,42,Sebring,22.4,20.85,44.6,3.37,1
2024,S03,Hillsborough,S03-2024-P4,7,49,Sebring,17.9,20.97,61.9,3.37,0
2024,S03,Hillsborough,S03-2024-P4,8,56,Sebring,20.7,23.65,39.4,3.37,0
2024,S03,Hillsborough,S03-2024-P4,9,63,Sebring,26.8,20.06,39.9,3.37,0
2024,S03,Hillsborough,S03-2024-P4,10,70,Sebring,32.4,20.36,53.9,3.37,0
2024,S03,Hillsborough,S03-2024-P4,11,77,Sebring,22.7,22.03,53.4,3.37,0
2024,S03,Hillsborough,S03-2024-P4,12,84,Sebring,23.0,20.05,52.1,3.37,1
2024,S03,Hillsborough,S03-2024-P5,1,7,Sanibel,14.9,18.11,19.1,2.78,0
2024,S03,Hillsborough,S03-2024-P5,2,14,Sanibel,22.1,18.57,2.4,2.78,0
2024,S03,Hillsborough,S03-2024-P5,3,21,Sanibel,30.1,19.99,14.9,2.78,0
2024,S03,Hillsborough,S03-2024-P5,4,28,Sanibel,19.5,19.42,10.2,2.78,0
2024,S03,Hillsborough,S03-2024-P5,5,35,Sanibel,23.7,18.63,10.5,2.78,0
2024,S03,Hillsborough,S03-2024-P5,6,42,Sanibel,10.1,19.95,22.2,2.78,0
2024,S03,Hillsborough,S03-2024-P5,7,49,Sanibel,16.6,19.37,2.1,2.78,0
2024,S03,Hillsborough,S03-2024-P5,8,56,Sanibel,14.7,21.12,9.1,2.78,0
2024,S03,Hillsborough,S03-2024-P5,9,63,Sanibel,26.3,19.81,13.0,2.78,0
2024,S03,Hillsborough,S03-2024-P5,10,70,Sanibel,20.7,19.47,19.7,2.78,0
2024,S03,Hillsborough,S03-2024-P5,11,77,Sanibel,28.6,19.68,31.2,2.78,0
2024,S03,Hillsborough,S03-2024-P5,12,84,Sanibel,25.0,20.47,20.7,2.78,0
2024,S03,Hillsborough,S03-2024-P6,1,7,Sanibel,16.5,21.06,29.2,3.3,0
2024,S03,Hillsborough,S03-2024-P6,2,14,Sanibel,20.2,19.85,19.0,3.3,0
2024,S03,Hillsborough,S03-2024-P6,3,21,Sanibel,23.3,19.21,9.0,3.3,0
2024,S03,Hillsborough,S03-2024-P6,4,28,Sanibel,24.6,19.2,17.9,3.3,0
2024,S03,Hillsborough,S03-2024-P6,5,35,Sanibel,17.1,20.66,23.6,3.3,0
2024,S03,Hillsborough,S03-2024-P6,6,42,Sanibel,22.3,22.0,23.9,3.3,0
2024,S03,Hillsborough,S03-2024-P6,7,49,Sanibel,28.7,21.05,12.5,3.3,0
2024,S03,Hillsborough,S03-2024-P6,8,56,Sanibel,17.1,19.45,13.1,3.3,0
2024,S03,Hillsborough,S03-2024-P6,9,63,Sanibel,17.1,23.79,15.8,3.3,0
2024,S03,Hillsborough,S03-2024-P6,10,70,Sanibel,21.2,21.67,0.0,3.3,0
2024,S03,Hillsborough,S03-2024-P6,11,77,Sanibel,20.6,20.86,12.3,3.3,0
2024,S03,Hillsborough,S03-2024-P6,12,84,Sanibel,14.7,17.2,22.8,3.3,1
2024,S04,Hillsborough,S04-2024-P1,1,7,Sebring,24.6,21.7,25.1,2.89,0
2024,S04,Hillsborough,S04-2024-P1,2,14,Sebring,25.0,19.73,27.3,2.89,0
2024,S04,Hillsborough,S04-2024-P1,3,21,Sebring,18.8,22.14,36.5,2.89,0
2024,S04,Hillsborough,S04-2024-P1,4,28,Sebring,29.2,23.59,13.2,2.89,0
2024,S04,Hillsborough,S04-2024-P1,5,35,Sebring,15.8,19.54,46.1,2.89,0
2024,S04,Hillsborough,S04-2024-P1,6,42,Sebring,32.8,21.65,32.9,2.89,1
2024,S04,Hillsborough,S04-2024-P1,7,49,Sebring,22.0,24.17,25.8,2.89,0
2024,S04,Hillsborough,S04-2024-P1,8,56,Sebring,30.3,20.68,40.1,2.89,0
2024,S04,Hillsborough,S04-2024-P1,9,63,Sebring,36.3,20.23,25.2,2.89,0
2024,S04,Hillsborough,S04-2024-P1,10,70,Sebring,23.5,20.36,39.9,2.89,0
2024,S04,Hillsborough,S04-2024-P1,11,77,Sebring,29.6,20.77,24.8,2.89,1
2024,S04,Hillsborough,S04-2024-P1,12,84,Sebring,18.4,22.51,31.1,2.89,0
2024,S04,Hillsborough,S04-2024-P2,1,7,Sebring,28.4,23.39,16.3,3.92,1
2024,S04,Hillsborough,S04-2024-P2,2,14,Sebring,29.0,20.85,14.8,3.92,0
2024,S04,Hillsborough,S04-2024-P2,3,21,Sebring,30.9,20.41,27.0,3.92,0
2024,S04,Hillsborough,S04-2024-P2,4,28,Sebring,30.7,21.6,9.6,3.92,0
2024,S04,Hillsborough,S04-2024-P2,5,35,Sebring,15.3,21.94,37.5,3.92,0
2024,S04,Hillsborough,S04-2024-P2,6,42,Sebring,29.6,22.17,2.0,3.92,0
2024,S04,Hillsborough,S04-2024-P2,7,49,Sebring,23.7,22.01,6.4,3.92,0
2024,S04,Hillsborough,S04-2024-P2,8,56,Sebring,32.1,22.14,20.5,3.92,0
2024,S04,Hillsborough,S04-2024-P2,9,63,Sebring,37.9,19.21,24.7,3.92,0
2024,S04,Hillsborough,S04-2024-P2,10,70,Sebring,18.9,21.95,27.5,3.92,0
2024,S04,Hillsborough,S04-2024-P2,11,77,Sebring,41.7,19.81,21.2,3.92,0
2024,S04,Hillsborough,S04-2024-P2,12,84,Sebring,22.3,19.9,17.9,3.92,1
2024,S04,Hillsborough,S04-2024-P3,1,7,HM-1823,26.6,20.88,22.2,3.75,0
2024,S04,Hillsborough,S04-2024-P3,2,14,HM-1823,25.0,21.8,46.9,3.75,0
2024,S04,Hillsborough,S04-2024-P3,3,21,HM-1823,29.8,20.18,19.5,3.75,1
2024,S04,Hillsborough,S04-2024-P3,4,28,HM-1823,24.3,21.44,46.7,3.75,0
2024,S04,Hillsborough,S04-2024-P3,5,35,HM-1823,20.2,20.8,34.0,3.75,0
2024,S04,Hillsborough,S04-2024-P3,6,42,HM-1823,13.7,23.05,43.0,3.75,0
2024,S04,Hillsborough,S04-2024-P3,7,49,HM-1823,28.0,20.47,36.5,3.75,0
2024,S04,Hillsborough,S04-2024-P3,8,56,HM-1823,24.8,23.82,57.5,3.75,1
2024,S04,Hillsborough,S04-2024-P3,9,63,HM-1823,12.1,19.86,38.6,3.75,1
2024,S04,Hillsborough,S04-2024-P3,10,70,HM-1823,6.4,20.91,38.6,3.75,1
2024,S04,Hillsborough,S04-2024-P3,11,77,HM-1823,21.9,22.56,41.4,3.75,0
2024,S04,Hillsborough,S04-2024-P3,12,84,HM-1823,27.4,20.84,26.1,3.75,1
2024,S04,Hillsborough,S04-2024-P4,1,7,Tygress,29.4,19.87,26.6,1.65,0
2024,S04,Hillsborough,S04-2024-P4,2,14,Tygress,19.6,20.94,7.6,1.65,0
2024,S04,Hillsborough,S04-2024-P4,3,21,Tygress,21.8,20.26,13.0,1.65,0
2024,S04,Hillsborough,S04-2024-P4,4,28,Tygress,15.8,21.79,20.7,1.65,0
2024,S04,Hillsborough,S04-2024-P4,5,35,Tygress,18.6,20.41,8.9,1.65,0
2024,S04,Hillsborough,S04-2024-P4,6,42,Tygress,32.2,21.11,7.6,1.65,0
2024,S04,Hillsborough,S04-2024-P4,7,49,Tygress,22.5,22.35,12.0,1.65,0
2024,S04,Hillsborough,S04-2024-P4,8,56,Tygress,34.7,20.48,15.3,1.65,0
2024,S04,Hillsborough,S04-2024-P4,9,63,Tygress,25.9,22.31,18.4,1.65,0
2024,S04,Hillsborough,S04-2024-P4,10,70,Tygress,24.6,20.11,12.1,1.65,0
2024,S04,Hillsborough,S04-2024-P4,11,77,Tygress,12.0,19.51,0.0,1.65,0
2024,S04,Hillsborough,S04-2024-P4,12,84,Tygress,24.7,19.48,0.7,1.65,0
2024,S04,Hillsborough,S04-2024-P5,1,7,FL-8000,16.3,20.17,49.7,3.23,0
2024,S04,Hillsborough,S04-2024-P5,2,14,FL-8000,34.2,19.5,31.5,3.23,0
2024,S04,Hillsborough,S04-2024-P5,3,21,FL-8000,27.2,20.94,32.4,3.23,0
2024,S04,Hillsborough,S04-2024-P5,4,28,FL-8000,17.8,23.12,38.4,3.23,0
2024,S04,Hillsborough,S04-2024-P5,5,35,FL-8000,21.2,20.39,44.3,3.23,0
2024,S04,Hillsborough,S04-2024-P5,6,42,FL-8000,25.7,21.86,37.4,3.23,0
2024,S04,Hillsborough,S04-2024-P5,7,49,FL-8000,17.4,20.74,35.7,3.23,0
2024,S04,Hillsborough,S04-2024-P5,8,56,FL-8000,24.6,20.97,18.8,3.23,0
2024,S04,Hillsborough,S04-2024-P5,9,63,FL-8000,21.7,20.69,28.6,3.23,0
2024,S04,Hillsborough,S04-2024-P5,10,70,FL-8000,20.1,20.86,37.9,3.23,0
2024,S04,Hillsborough,S04-2024-P5,11,77,FL-8000,34.2,17.63,18.8,3.23,0
2024,S04,Hillsborough,S04-2024-P5,12,84,FL-8000,23.6,21.05,58.3,3.23,0
2024,S04,Hillsborough,S04-2024-P6,1,7,FL-8000,18.4,21.04,41.9,3.86,0
2024,S04,Hillsborough,S04-2024-P6,2,14,FL-8000,23.7,20.07,37.3,3.86,0
2024,S04,Hillsborough,S04-2024-P6,3,21,FL-8000,29.2,21.34,53.3,3.86,0
2024,S04,Hillsborough,S04-2024-P6,4,28,FL-8000,16.4,21.98,48.1,3.86,0
2024,S04,Hillsborough,S04-2024-P6,5,35,FL-8000,12.4,19.67,41.1,3.86,0
2024,S04,Hillsborough,S04-2024-P6,6,42,FL-8000,30.2,23.22,45.7,3.86,1
2024,S04,Hillsborough,S04-2024-P6,7,49,FL-8000,18.7,21.95,49.7,3.86,1
2024,S04,Hillsborough,S04-2024-P6,8,56,FL-8000,11.7,21.99,52.9,3.86,1
2024,S04,Hillsborough,S04-2024-P6,9,63,FL-8000,28.9,18.97,46.1,3.86,0
2024,S04,Hillsborough,S04-2024-P6,10,70,FL-8000,19.5,20.45,36.1,3.86,1
2024,S04,Hillsborough,S04-2024-P6,11,77,FL-8000,25.3,19.82,53.8,3.86,0
2024,S04,Hillsborough,S04-2024-P6,12,84,FL-8000,20.5,21.41,39.5,3.86,1
2024,S05,Collier,S05-2024-P1,1,7,Sanibel,23.2,19.82,22.6,3.24,0
2024,S05,Collier,S05-2024-P1,2,14,Sanibel,16.4,23.53,35.9,3.24,0
2024,S05,Collier,S05-2024-P1,3,21,Sanibel,28.4,21.94,20.9,3.24,1
2024,S05,Collier,S05-2024-P1,4,28,Sanibel,31.1,21.4,0.0,3.24,1
2024,S05,Collier,S05-2024-P1,5,35,Sanibel,28.9,19.32,14.0,3.24,0
2024,S05,Collier,S05-2024-P1,6,42,Sanibel,15.5,20.84,23.9,3.24,0
2024,S05,Collier,S05-2024-P1,7,49,Sanibel,17.2,19.94,15.7,3.24,0
2024,S05,Collier,S05-2024-P1,8,56,Sanibel,20.1,21.88,23.0,3.24,0
2024,S05,Collier,S05-2024-P1,9,63,Sanibel,27.9,21.94,28.2,3.24,0
2024,S05,Collier,S05-2024-P1,10,70,Sanibel,32.8,19.4,5.9,3.24,0
2024,S05,Collier,S05-2024-P1,11,77,Sanibel,28.5,23.41,11.6,3.24,1
2024,S05,Collier,S05-2024-P1,12,84,Sanibel,31.4,21.26,22.8,3.24,0
2024,S05,Collier,S05-2024-P2,1,7,Sebring,27.0,21.96,29.4,1.38,0
2024,S05,Collier,S05-2024-P2,2,14,Sebring,27.4,20.8,28.3,1.38,0
2024,S05,Collier,S05-2024-P2,3,21,Sebring,25.9,20.29,30.3,1.38,0
2024,S05,Collier,S05-2024-P2,4,28,Sebring,32.5,21.64,37.8,1.38,0
2024,S05,Collier,S05-2024-P2,5,35,Sebring,24.6,20.72,21.8,1.38,0
2024,S05,Collier,S05-2024-P2,6,42,Sebring,25.9,19.45,42.5,1.38,0
2024,S05,Collier,S05-2024-P2,7,49,Sebring,17.7,22.82,9.7,1.38,0
2024,S05,Collier,S05-2024-P2,8,56,Sebring,18.2,22.07,53.7,1.38,0
2024,S05,Collier,S05-2024-P2,9,63,Sebring,20.2,22.24,45.1,1.38,0
2024,S05,Collier,S05-2024-P2,10,70,Sebring,25.9,18.85,26.3,1.38,0
2024,S05,Collier,S05-2024-P2,11,77,Sebring,26.3,20.54,35.4,1.38,0
2024,S05,Collier,S05-2024-P2,12,84,Sebring,21.4,21.05,48.1,1.38,0
2024,S05,Collier,S05-2024-P3,1,7,Sanibel,28.6,21.83,41.0,3.1,0
2024,S05,Collier,S05-2024-P3,2,14,Sanibel,31.8,22.61,18.9,3.1,0
2024,S05,Collier,S05-2024-P3,3,21,Sanibel,22.5,19.35,30.8,3.1,0
2024,S05,Collier,S05-2024-P3,4,28,Sanibel,18.9,16.05,37.2,3.1,1
2024,S05,Collier,S05-2024-P3,5,35,Sanibel,17.0,22.28,24.8,3.1,1
2024,S05,Collier,S05-2024-P3,6,42,Sanibel,19.9,21.23,35.7,3.1,0
2024,S05,Collier,S05-2024-P3,7,49,Sanibel,17.8,21.69,29.1,3.1,0
2024,S05,Collier,S05-2024-P3,8,56,Sanibel,17.5,19.19,25.4,3.1,0
2024,S05,Collier,S05-2024-P3,9,63,Sanibel,26.3,20.69,28.6,3.1,0
2024,S05,Collier,S05-2024-P3,10,70,Sanibel,33.0,19.02,16.9,3.1,0
2024,S05,Collier,S05-2024-P3,11,77,Sanibel,21.3,21.73,19.7,3.1,0
2024,S05,Collier,S05-2024-P3,12,84,Sanibel,27.5,20.15,31.2,3.1,0
2024,S05,Collier,S05-2024-P4,1,7,FL-8000,39.6,22.99,8.2,4.28,1
2024,S05,Collier,S05-2024-P4,2,14,FL-8000,18.9,21.83,28.4,4.28,1
2024,S05,Collier,S05-2024-P4,3,21,FL-8000,17.3,21.55,37.6,4.28,0
2024,S05,Collier,S05-2024-P4,4,28,FL-8000,28.5,24.73,26.7,4.28,1
2024,S05,Collier,S05-2024-P4,5,35,FL-8000,25.1,22.85,33.8,4.28,1
2024,S05,Collier,S05-2024-P4,6,42,FL-8000,36.0,23.3,23.6,4.28,0
2024,S05,Collier,S05-2024-P4,7,49,FL-8000,22.4,19.85,24.5,4.28,0
2024,S05,Collier,S05-2024-P4,8,56,FL-8000,26.5,23.28,24.3,4.28,1
2024,S05,Collier,S05-2024-P4,9,63,FL-8000,27.0,22.99,10.1,4.28,1
2024,S05,Collier,S05-2024-P4,10,70,FL-8000,32.5,22.04,28.5,4.28,0
2024,S05,Collier,S05-2024-P4,11,77,FL-8000,24.7,23.19,22.0,4.28,1
2024,S05,Collier,S05-2024-P4,12,84,FL-8000,39.1,20.9,23.6,4.28,1
2024,S05,Collier,S05-2024-P5,1,7,Sanibel,26.2,20.56,28.6,4.02,0
2024,S05,Collier,S05-2024-P5,2,14,Sanibel,19.8,21.18,36.8,4.02,0
2024,S05,Collier,S05-2024-P5,3,21,Sanibel,38.9,21.01,21.5,4.02,0
2024,S05,Collier,S05-2024-P5,4,28,Sanibel,30.6,21.67,19.7,4.02,0
2024,S05,Collier,S05-2024-P5,5,35,Sanibel,35.1,20.29,19.9,4.02,1
2024,S05,Collier,S05-2024-P5,6,42,Sanibel,30.4,22.49,28.3,4.02,1
2024,S05,Collier,S05-2024-P5,7,49,Sanibel,25.0,21.52,19.2,4.02,1
2024,S05,Collier,S05-2024-P5,8,56,Sanibel,10.8,21.9,32.6,4.02,0
2024,S05,Collier,S05-2024-P5,9,63,Sanibel,29.0,21.99,24.0,4.02,1
2024,S05,Collier,S05-2024-P5,10,70,Sanibel,21.4,18.9,28.0,4.02,0
2024,S05,Collier,S05-2024-P5,11,77,Sanibel,26.1,23.77,8.4,4.02,1
2024,S05,Collier,S05-2024-P5,12,84,Sanibel,11.1,20.93,22.2,4.02,0
2024,S05,Collier,S05-2024-P6,1,7,FL-8000,23.7,21.2,12.6,3.62,1
2024,S05,Collier,S05-2024-P6,2,14,FL-8000,22.1,20.68,0.0,3.62,0
2024,S05,Collier,S05-2024-P6,3,21,FL-8000,24.7,19.62,17.8,3.62,0
2024,S05,Collier,S05-2024-P6,4,28,FL-8000,25.9,21.12,44.4,3.62,1
2024,S05,Collier,S05-2024-P6,5,35,FL-8000,27.5,20.45,8.2,3.62,1
2024,S05,Collier,S05-2024-P6,6,42,FL-8000,23.3,20.95,12.7,3.62,1
2024,S05,Collier,S05-2024-P6,7,49,FL-8000,27.2,24.07,15.5,3.62,1
2024,S05,Collier,S05-2024-P6,8,56,FL-8000,16.5,24.12,12.4,3.62,0
2024,S05,Collier,S05-2024-P6,9,63,FL-8000,15.9,21.92,32.8,3.62,0
2024,S05,Collier,S05-2024-P6,10,70,FL-8000,19.9,21.4,0.0,3.62,1
2024,S05,Collier,S05-2024-P6,11,77,FL-8000,30.1,22.16,0.0,3.62,0
2024,S05,Collier,S05-2024-P6,12,84,FL-8000,33.3,21.44,5.1,3.62,1
2024,S06,Collier,S06-2024-P1,1,7,Sebring,13.8,19.96,24.5,3.47,0
2024,S06,Collier,S06-2024-P1,2,14,Sebring,22.5,20.92,22.9,3.47,0
2024,S06,Collier,S06-2024-P1,3,21,Sebring,17.9,21.51,23.8,3.47,0
2024,S06,Collier,S06-2024-P1,4,28,Sebring,19.8,21.98,31.1,3.47,0
2024,S06,Collier,S06-2024-P1,5,35,Sebring,16.4,22.53,26.7,3.47,0
2024,S06,Collier,S06-2024-P1,6,42,Sebring,20.8,22.76,26.3,3.47,0
2024,S06,Collier,S06-2024-P1,7,49,Sebring,16.6,20.97,21.3,3.47,0
2024,S06,Collier,S06-2024-P1,8,56,Sebring,26.0,20.26,20.2,3.47,0
2024,S06,Collier,S06-2024-P1,9,63,Sebring,17.2,20.18,28.9,3.47,0
2024,S06,Collier,S06-2024-P1,10,70,Sebring,23.5,21.84,23.6,3.47,1
2024,S06,Collier,S06-2024-P1,11,77,Sebring,20.4,23.4,32.0,3.47,0
2024,S06,Collier,S06-2024-P1,12,84,Sebring,20.3,21.88,16.2,3.47,1
2024,S06,Collier,S06-2024-P2,1,7,Tygress,26.6,19.49,6.0,3.95,0
2024,S06,Collier,S06-2024-P2,2,14,Tygress,37.0,20.5,8.5,3.95,1
2024,S06,Collier,S06-2024-P2,3,21,Tygress,29.7,20.99,18.6,3.95,0
2024,S06,Collier,S06-2024-P2,4,28,Tygress,16.6,21.92,24.7,3.95,0
2024,S06,Collier,S06-2024-P2,5,35,Tygress,15.3,21.31,17.9,3.95,0
2024,S06,Collier,S06-2024-P2,6,42,Tygress,18.4,22.07,5.5,3.95,0
2024,S06,Collier,S06-2024-P2,7,49,Tygress,30.4,22.78,20.9,3.95,0
2024,S06,Collier,S06-2024-P2,8,56,Tygress,34.4,20.63,15.6,3.95,0
2024,S06,Collier,S06-2024-P2,9,63,Tygress,22.9,19.74,28.4,3.95,0
2024,S06,Collier,S06-2024-P2,10,70,Tygress,27.2,19.93,28.7,3.95,1
2024,S06,Collier,S06-2024-P2,11,77,Tygress,16.1,21.21,19.5,3.95,0
2024,S06,Collier,S06-2024-P2,12,84,Tygress,12.9,19.87,0.7,3.95,0
2024,S06,Collier,S06-2024-P3,1,7,Tygress,26.4,21.31,23.5,2.18,0
2024,S06,Collier,S06-2024-P3,2,14,Tygress,24.8,20.74,9.3,2.18,0
2024,S06,Collier,S06-2024-P3,3,21,Tygress,26.0,24.26,20.1,2.18,0
2024,S06,Collier,S06-2024-P3,4,28,Tygress,11.7,20.6,25.2,2.18,0
2024,S06,Collier,S06-2024-P3,5,35,Tygress,21.2,21.35,22.6,2.18,0
2024,S06,Collier,S06-2024-P3,6,42,Tygress,15.0,20.11,13.7,2.18,0
2024,S06,Collier,S06-2024-P3,7,49,Tygress,23.9,19.57,15.5,2.18,0
2024,S06,Collier,S06-2024-P3,8,56,Tygress,24.4,21.55,21.8,2.18,0
2024,S06,Collier,S06-2024-P3,9,63,Tygress,17.5,22.23,14.6,2.18,1
2024,S06,Collier,S06-2024-P3,10,70,Tygress,28.6,21.25,28.8,2.18,0
2024,S06,Collier,S06-2024-P3,11,77,Tygress,22.4,20.53,26.0,2.18,0
2024,S06,Collier,S06-2024-P3,12,84,Tygress,15.6,22.58,30.5,2.18,0
2024,S06,Collier,S06-2024-P4,1,7,FL-8000,32.2,20.51,15.9,3.46,1
2024,S06,Collier,S06-2024-P4,2,14,FL-8000,7.3,22.38,29.7,3.46,1
2024,S06,Collier,S06-2024-P4,3,21,FL-8000,22.0,22.26,22.7,3.46,1
2024,S06,Collier,S06-2024-P4,4,28,FL-8000,33.1,20.57,33.6,3.46,0
2024,S06,Collier,S06-2024-P4,5,35,FL-8000,14.3,20.68,18.5,3.46,0
2024,S06,Collier,S06-2024-P4,6,42,FL-8000,20.6,20.11,16.9,3.46,1
2024,S06,Collier,S06-2024-P4,7,49,FL-8000,31.2,20.52,27.7,3.46,1
2024,S06,Collier,S06-2024-P4,8,56,FL-8000,25.3,18.99,22.7,3.46,0
2024,S06,Collier,S06-2024-P4,9,63,FL-8000,25.4,20.41,22.7,3.46,0
2024,S06,Collier,S06-2024-P4,10,70,FL-8000,25.8,20.86,22.0,3.46,1
2024,S06,Collier,S06-2024-P4,11,77,FL-8000,23.5,20.46,13.7,3.46,1
2024,S06,Collier,S06-2024-P4,12,84,FL-8000,19.3,20.18,22.3,3.46,0
2024,S06,Collier,S06-2024-P5,1,7,Sebring,14.5,18.2,33.8,2.52,0
2024,S06,Collier,S06-2024-P5,2,14,Sebring,28.4,19.81,25.0,2.52,0
2024,S06,Collier,S06-2024-P5,3,21,Sebring,31.5,19.22,31.9,2.52,0
2024,S06,Collier,S06-2024-P5,4,28,Sebring,20.1,18.24,25.5,2.52,0
2024,S06,Collier,S06-2024-P5,5,35,Sebring,21.8,21.54,27.2,2.52,0
2024,S06,Collier,S06-2024-P5,6,42,Sebring,13.9,20.94,17.7,2.52,0
2024,S06,Collier,S06-2024-P5,7,49,Sebring,19.3,19.12,28.6,2.52,0
2024,S06,Collier,S06-2024-P5,8,56,Sebring,20.9,17.96,11.2,2.52,0
2024,S06,Collier,S06-2024-P5,9,63,Sebring,24.9,17.85,38.8,2.52,0
2024,S06,Collier,S06-2024-P5,10,70,Sebring,13.1,18.14,18.9,2.52,0
2024,S06,Collier,S06-2024-P5,11,77,Sebring,22.6,19.12,41.9,2.52,0
2024,S06,Collier,S06-2024-P5,12,84,Sebring,19.2,20.18,26.4,2.52,0
2024,S06,Collier,S06-2024-P6,1,7,FL-8000,13.0,19.09,36.7,3.54,0
2024,S06,Collier,S06-2024-P6,2,14,FL-8000,25.8,19.68,39.6,3.54,0
2024,S06,Collier,S06-2024-P6,3,21,FL-8000,16.1,21.16,21.4,3.54,0
2024,S06,Collier,S06-2024-P6,4,28,FL-8000,23.0,20.86,29.7,3.54,0
2024,S06,Collier,S06-2024-P6,5,35,FL-8000,12.2,20.57,25.5,3.54,0
2024,S06,Collier,S06-2024-P6,6,42,FL-8000,20.7,21.31,31.2,3.54,0
2024,S06,Collier,S06-2024-P6,7,49,FL-8000,5.4,19.11,29.4,3.54,0
2024,S06,Collier,S06-2024-P6,8,56,FL-8000,14.8,21.42,24.4,3.54,1
2024,S06,Collier,S06-2024-P6,9,63,FL-8000,22.7,19.59,22.9,3.54,0
2024,S06,Collier,S06-2024-P6,10,70,FL-8000,26.8,23.28,53.6,3.54,0
2024,S06,Collier,S06-2024-P6,11,77,FL-8000,26.3,21.86,32.4,3.54,0
2024,S06,Collier,S06-2024-P6,12,84,FL-8000,21.3,22.63,32.7,3.54,1
2024,S07,Miami-Dade,S07-2024-P1,1,7,FL-8000,22.0,17.26,34.5,3.0,0
2024,S07,Miami-Dade,S07-2024-P1,2,14,FL-8000,21.0,21.47,27.6,3.0,0
2024,S07,Miami-Dade,S07-2024-P1,3,21,FL-8000,21.6,19.74,26.2,3.0,0
2024,S07,Miami-Dade,S07-2024-P1,4,28,FL-8000,25.0,20.94,30.2,3.0,0
2024,S07,Miami-Dade,S07-2024-P1,5,35,FL-8000,15.9,21.12,21.2,3.0,0
2024,S07,Miami-Dade,S07-2024-P1,6,42,FL-8000,33.0,23.4,31.8,3.0,0
2024,S07,Miami-Dade,S07-2024-P1,7,49,FL-8000,32.5,20.8,25.9,3.0,0
2024,S07,Miami-Dade,S07-2024-P1,8,56,FL-8000,37.1,22.21,29.3,3.0,0
2024,S07,Miami-Dade,S07-2024-P1,9,63,FL-8000,17.2,21.39,22.7,3.0,0
2024,S07,Miami-Dade,S07-2024-P1,10,70,FL-8000,28.5,21.73,37.0,3.0,0
2024,S07,Miami-Dade,S07-2024-P1,11,77,FL-8000,13.5,23.18,15.3,3.0,0
2024,S07,Miami-Dade,S07-2024-P1,12,84,FL-8000,33.0,19.08,17.6,3.0,0
2024,S07,Miami-Dade,S07-2024-P2,1,7,FL-8000,41.9,19.4,35.3,3.49,0
2024,S07,Miami-Dade,S07-2024-P2,2,14,FL-8000,22.3,21.75,44.3,3.49,1
2024,S07,Miami-Dade,S07-2024-P2,3,21,FL-8000,24.8,20.02,39.3,3.49,0
2024,S07,Miami-Dade,S07-2024-P2,4,28,FL-8000,35.4,21.63,31.7,3.49,0
2024,S07,Miami-Dade,S07-2024-P2,5,35,FL-8000,21.2,19.98,38.4,3.49,0
2024,S07,Miami-Dade,S07-2024-P2,6,42,FL-8000,30.8,19.3,29.2,3.49,0
2024,S07,Miami-Dade,S07-2024-P2,7,49,FL-8000,26.0,19.27,31.2,3.49,0
2024,S07,Miami-Dade,S07-2024-P2,8,56,FL-8000,18.6,18.66,38.9,3.49,0
2024,S07,Miami-Dade,S07-2024-P2,9,63,FL-8000,28.5,21.36,37.5,3.49,1
2024,S07,Miami-Dade,S07-2024-P2,10,70,FL-8000,23.0,18.78,39.8,3.49,0
2024,S07,Miami-Dade,S07-2024-P2,11,77,FL-8000,36.0,17.95,45.4,3.49,0
2024,S07,Miami-Dade,S07-2024-P2,12,84,FL-8000,24.9,17.87,23.0,3.49,0
2024,S07,Miami-Dade,S07-2024-P3,1,7,Tygress,23.6,21.75,32.9,2.18,1
2024,S07,Miami-Dade,S07-2024-P3,2,14,Tygress,19.9,22.15,22.1,2.18,0
2024,S07,Miami-Dade,S07-2024-P3,3,21,Tygress,23.1,21.07,24.5,2.18,0
2024,S07,Miami-Dade,S07-2024-P3,4,28,Tygress,19.7,22.4,24.8,2.18,0
2024,S07,Miami-Dade,S07-2024-P3,5,35,Tygress,23.2,20.59,27.4,2.18,0
2024,S07,Miami-Dade,S07-2024-P3,6,42,Tygress,11.9,21.6,22.7,2.18,0
2024,S07,Miami-Dade,S07-2024-P3,7,49,Tygress,26.9,20.13,27.1,2.18,0
2024,S07,Miami-Dade,S07-2024-P3,8,56,Tygress,26.9,20.44,12.1,2.18,0
2024,S07,Miami-Dade,S07-2024-P3,9,63,Tygress,25.1,19.88,10.1,2.18,0
2024,S07,Miami-Dade,S07-2024-P3,10,70,Tygress,28.1,22.5,44.6,2.18,0
2024,S07,Miami-Dade,S07-2024-P3,11,77,Tygress,17.6,21.59,32.0,2.18,0
2024,S07,Miami-Dade,S07-2024-P3,12,84,Tygress,16.9,20.21,23.9,2.18,0
2024,S07,Miami-Dade,S07-2024-P4,1,7,Sanibel,12.1,18.54,32.1,3.6,0
2024,S07,Miami-Dade,S07-2024-P4,2,14,Sanibel,21.9,18.28,43.1,3.6,0
2024,S07,Miami-Dade,S07-2024-P4,3,21,Sanibel,26.8,19.67,25.1,3.6,0
2024,S07,Miami-Dade,S07-2024-P4,4,28,Sanibel,23.3,21.56,36.5,3.6,0
2024,S07,Miami-Dade,S07-2024-P4,5,35,Sanibel,12.5,19.38,26.0,3.6,1
2024,S07,Miami-Dade,S07-2024-P4,6,42,Sanibel,19.4,17.72,14.9,3.6,0
2024,S07,Miami-Dade,S07-2024-P4,7,49,Sanibel,29.5,20.89,38.0,3.6,1
2024,S07,Miami-Dade,S07-2024-P4,8,56,Sanibel,33.1,18.22,28.4,3.6,1
2024,S07,Miami-Dade,S07-2024-P4,9,63,Sanibel,18.7,21.44,35.2,3.6,0
2024,S07,Miami-Dade,S07-2024-P4,10,70,Sanibel,22.3,19.01,34.7,3.6,1
2024,S07,Miami-Dade,S07-2024-P4,11,77,Sanibel,21.8,18.33,36.8,3.6,0
2024,S07,Miami-Dade,S07-2024-P4,12,84,Sanibel,17.9,19.23,25.8,3.6,1
2024,S07,Miami-Dade,S07-2024-P5,1,7,FL-8000,27.9,22.53,24.7,4.21,0
2024,S07,Miami-Dade,S07-2024-P5,2,14,FL-8000,21.8,20.8,31.2,4.21,0
2024,S07,Miami-Dade,S07-2024-P5,3,21,FL-8000,21.8,19.34,47.0,4.21,1
2024,S07,Miami-Dade,S07-2024-P5,4,28,FL-8000,12.8,20.77,38.9,4.21,0
2024,S07,Miami-Dade,S07-2024-P5,5,35,FL-8000,23.1,22.35,38.8,4.21,1
2024,S07,Miami-Dade,S07-2024-P5,6,42,FL-8000,30.4,20.73,41.5,4.21,0
2024,S07,Miami-Dade,S07-2024-P5,7,49,FL-8000,17.7,20.57,38.1,4.21,0
2024,S07,Miami-Dade,S07-2024-P5,8,56,FL-8000,25.3,19.62,28.4,4.21,0
2024,S07,Miami-Dade,S07-2024-P5,9,63,FL-8000,38.8,21.28,44.2,4.21,0
2024,S07,Miami-Dade,S07-2024-P5,10,70,FL-8000,19.7,20.26,31.6,4.21,0
2024,S07,Miami-Dade,S07-2024-P5,11,77,FL-8000,28.9,20.94,42.6,4.21,1
2024,S07,Miami-Dade,S07-2024-P5,12,84,FL-8000,28.4,17.9,32.6,4.21,0
2024,S07,Miami-Dade,S07-2024-P6,1,7,Sanibel,31.3,20.96,45.7,2.21,0
2024,S07,Miami-Dade,S07-2024-P6,2,14,Sanibel,26.4,22.62,29.9,2.21,0
2024,S07,Miami-Dade,S07-2024-P6,3,21,Sanibel,24.7,19.64,37.1,2.21,0
2024,S07,Miami-Dade,S07-2024-P6,4,28,Sanibel,36.2,19.98,47.5,2.21,0
2024,S07,Miami-Dade,S07-2024-P6,5,35,Sanibel,29.9,21.62,29.7,2.21,0
2024,S07,Miami-Dade,S07-2024-P6,6,42,Sanibel,27.6,21.17,26.8,2.21,0
2024,S07,Miami-Dade,S07-2024-P6,7,49,Sanibel,24.0,18.93,18.3,2.21,0
2024,S07,Miami-Dade,S07-2024-P6,8,56,Sanibel,30.8,20.86,45.2,2.21,0
2024,S07,Miami-Dade,S07-2024-P6,9,63,Sanibel,32.8,22.42,27.4,2.21,0
2024,S07,Miami-Dade,S07-2024-P6,10,70,Sanibel,26.5,22.5,31.6,2.21,0
2024,S07,Miami-Dade,S07-2024-P6,11,77,Sanibel,24.5,21.77,40.2,2.21,0
2024,S07,Miami-Dade,S07-2024-P6,12,84,Sanibel,27.3,19.56,27.4,2.21,0
2024,S08,Miami-Dade,S08-2024-P1,1,7,HM-1823,27.0,20.29,9.7,2.13,0
2024,S08,Miami-Dade,S08-2024-P1,2,14,HM-1823,19.4,19.51,42.8,2.13,0
2024,S08,Miami-Dade,S08-2024-P1,3,21,HM-1823,27.7,21.2,47.2,2.13,0
2024,S08,Miami-Dade,S08-2024-P1,4,28,HM-1823,29.2,20.16,25.1,2.13,0
2024,S08,Miami-Dade,S08-2024-P1,5,35,HM-1823,23.4,21.88,27.7,2.13,0
2024,S08,Miami-Dade,S08-2024-P1,6,42,HM-1823,33.7,18.83,37.1,2.13,0
2024,S08,Miami-Dade,S08-2024-P1,7,49,HM-1823,20.3,19.99,33.2,2.13,0
2024,S08,Miami-Dade,S08-2024-P1,8,56,HM-1823,18.6,19.62,35.8,2.13,0
2024,S08,Miami-Dade,S08-2024-P1,9,63,HM-1823,21.7,19.46,27.6,2.13,0
2024,S08,Miami-Dade,S08-2024-P1,10,70,HM-1823,21.8,20.3,38.7,2.13,0
2024,S08,Miami-Dade,S08-2024-P1,11,77,HM-1823,22.8,21.99,42.9,2.13,0
2024,S08,Miami-Dade,S08-2024-P1,12,84,HM-1823,24.5,20.5,30.6,2.13,0
2024,S08,Miami-Dade,S08-2024-P2,1,7,Sebring,37.8,21.63,23.5,2.67,0
2024,S08,Miami-Dade,S08-2024-P2,2,14,Sebring,28.2,19.01,25.7,2.67,0
2024,S08,Miami-Dade,S08-2024-P2,3,21,Sebring,26.3,22.64,4.8,2.67,0
2024,S08,Miami-Dade,S08-2024-P2,4,28,Sebring,24.4,18.82,7.5,2.67,0
2024,S08,Miami-Dade,S08-2024-P2,5,35,Sebring,24.5,22.12,17.5,2.67,0
2024,S08,Miami-Dade,S08-2024-P2,6,42,Sebring,11.2,22.34,33.0,2.67,0
2024,S08,Miami-Dade,S08-2024-P2,7,49,Sebring,24.2,18.77,17.5,2.67,0
2024,S08,Miami-Dade,S08-2024-P2,8,56,Sebring,29.1,19.79,16.3,2.67,1
2024,S08,Miami-Dade,S08-2024-P2,9,63,Sebring,27.1,20.45,20.6,2.67,0
2024,S08,Miami-Dade,S08-2024-P2,10,70,Sebring,15.5,19.74,36.1,2.67,0
2024,S08,Miami-Dade,S08-2024-P2,11,77,Sebring,24.1,20.49,29.8,2.67,0
2024,S08,Miami-Dade,S08-2024-P2,12,84,Sebring,17.0,22.29,23.4,2.67,0
2024,S08,Miami-Dade,S08-2024-P3,1,7,FL-8000,20.5,20.67,17.8,2.43,0
2024,S08,Miami-Dade,S08-2024-P3,2,14,FL-8000,14.6,21.88,29.3,2.43,0
2024,S08,Miami-Dade,S08-2024-P3,3,21,FL-8000,18.8,20.45,36.8,2.43,0
2024,S08,Miami-Dade,S08-2024-P3,4,28,FL-8000,34.9,22.56,26.4,2.43,0
2024,S08,Miami-Dade,S08-2024-P3,5,35,FL-8000,17.6,18.63,30.1,2.43,0
2024,S08,Miami-Dade,S08-2024-P3,6,42,FL-8000,21.1,18.94,31.9,2.43,1
2024,S08,Miami-Dade,S08-2024-P3,7,49,FL-8000,22.5,22.08,34.8,2.43,1
2024,S08,Miami-Dade,S08-2024-P3,8,56,FL-8000,13.4,20.8,46.4,2.43,0
2024,S08,Miami-Dade,S08-2024-P3,9,63,FL-8000,15.3,19.75,18.8,2.43,0
2024,S08,Miami-Dade,S08-2024-P3,10,70,FL-8000,16.6,20.8,44.7,2.43,0
2024,S08,Miami-Dade,S08-2024-P3,11,77,FL-8000,22.3,23.06,25.4,2.43,0
2024,S08,Miami-Dade,S08-2024-P3,12,84,FL-8000,18.0,18.75,33.4,2.43,1
2024,S08,Miami-Dade,S08-2024-P4,1,7,HM-1823,21.4,19.65,14.2,2.95,0
2024,S08,Miami-Dade,S08-2024-P4,2,14,HM-1823,22.6,21.23,31.4,2.95,0
2024,S08,Miami-Dade,S08-2024-P4,3,21,HM-1823,27.5,17.87,37.5,2.95,0
2024,S08,Miami-Dade,S08-2024-P4,4,28,HM-1823,32.2,20.54,28.1,2.95,0
2024,S08,Miami-Dade,S08-2024-P4,5,35,HM-1823,26.1,21.95,32.0,2.95,0
2024,S08,Miami-Dade,S08-2024-P4,6,42,HM-1823,21.7,20.12,27.2,2.95,0
2024,S08,Miami-Dade,S08-2024-P4,7,49,HM-1823,27.0,20.65,26.7,2.95,1
2024,S08,Miami-Dade,S08-2024-P4,8,56,HM-1823,27.0,20.44,17.9,2.95,0
2024,S08,Miami-Dade,S08-2024-P4,9,63,HM-1823,24.6,20.92,20.7,2.95,0
2024,S08,Miami-Dade,S08-2024-P4,10,70,HM-1823,24.1,20.32,6.3,2.95,0
2024,S08,Miami-Dade,S08-2024-P4,11,77,HM-1823,20.0,20.59,33.3,2.95,1
2024,S08,Miami-Dade,S08-2024-P4,12,84,HM-1823,30.9,20.03,33.9,2.95,0
2024,S08,Miami-Dade,S08-2024-P5,1,7,FL-8000,26.8,23.42,45.2,3.65,0
2024,S08,Miami-Dade,S08-2024-P5,2,14,FL-8000,24.5,20.83,36.0,3.65,0
2024,S08,Miami-Dade,S08-2024-P5,3,21,FL-8000,37.0,21.54,28.5,3.65,0
2024,S08,Miami-Dade,S08-2024-P5,4,28,FL-8000,25.1,19.39,34.0,3.65,0
2024,S08,Miami-Dade,S08-2024-P5,5,35,FL-8000,26.8,19.84,23.8,3.65,0
2024,S08,Miami-Dade,S08-2024-P5,6,42,FL-8000,32.1,19.38,36.5,3.65,0
2024,S08,Miami-Dade,S08-2024-P5,7,49,FL-8000,20.8,24.37,33.0,3.65,0
2024,S08,Miami-Dade,S08-2024-P5,8,56,FL-8000,21.2,21.67,28.8,3.65,0
2024,S08,Miami-Dade,S08-2024-P5,9,63,FL-8000,24.7,21.06,39.6,3.65,0
2024,S08,Miami-Dade,S08-2024-P5,10,70,FL-8000,31.6,21.07,47.5,3.65,1
2024,S08,Miami-Dade,S08-2024-P5,11,77,FL-8000,28.1,21.54,22.3,3.65,1
2024,S08,Miami-Dade,S08-2024-P5,12,84,FL-8000,18.5,20.36,7.7,3.65,0
2024,S08,Miami-Dade,S08-2024-P6,1,7,Sebring,3.9,20.3,12.1,3.03,0
2024,S08,Miami-Dade,S08-2024-P6,2,14,Sebring,23.2,19.6,23.3,3.03,1
2024,S08,Miami-Dade,S08-2024-P6,3,21,Sebring,19.8,19.71,27.6,3.03,0
2024,S08,Miami-Dade,S08-2024-P6,4,28,Sebring,19.9,16.75,15.2,3.03,0
2024,S08,Miami-Dade,S08-2024-P6,5,35,Sebring,15.6,21.29,20.4,3.03,0
2024,S08,Miami-Dade,S08-2024-P6,6,42,Sebring,19.2,22.23,36.2,3.03,1
2024,S08,Miami-Dade,S08-2024-P6,7,49,Sebring,18.6,18.82,19.3,3.03,0
2024,S08,Miami-Dade,S08-2024-P6,8,56,Sebring,29.4,20.71,27.1,3.03,0
2024,S08,Miami-Dade,S08-2024-P6,9,63,Sebring,19.3,21.66,8.1,3.03,0
2024,S08,Miami-Dade,S08-2024-P6,10,70,Sebring,23.6,21.55,8.2,3.03,0
2024,S08,Miami-Dade,S08-2024-P6,11,77,Sebring,15.7,19.68,12.1,3.03,0
2024,S08,Miami-Dade,S08-2024-P6,12,84,Sebring,31.4,19.43,2.3,3.03,0
2025,S01,Manatee,S01-2025-P1,1,7,FL-8000,19.5,21.53,0.0,1.39,0
2025,S01,Manatee,S01-2025-P1,2,14,FL-8000,16.9,21.25,12.0,1.39,0
2025,S01,Manatee,S01-2025-P1,3,21,FL-8000,16.9,21.98,11.8,1.39,0
2025,S01,Manatee,S01-2025-P1,4,28,FL-8000,21.1,20.11,12.6,1.39,0
2025,S01,Manatee,S01-2025-P1,5,35,FL-8000,19.1,20.72,13.4,1.39,0
2025,S01,Manatee,S01-2025-P1,6,42,FL-8000,11.2,22.25,21.8,1.39,0
2025,S01,Manatee,S01-2025-P1,7,49,FL-8000,19.7,22.54,16.1,1.39,0
2025,S01,Manatee,S01-2025-P1,8,56,FL-8000,14.8,20.57,14.2,1.39,0
2025,S01,Manatee,S01-2025-P1,9,63,FL-8000,12.4,20.75,3.1,1.39,0
2025,S01,Manatee,S01-2025-P1,10,70,FL-8000,21.7,19.6,13.7,1.39,0
2025,S01,Manatee,S01-2025-P1,11,77,FL-8000,16.0,20.75,3.6,1.39,0
2025,S01,Manatee,S01-2025-P1,12,84,FL-8000,11.6,24.02,12.3,1.39,0
2025,S01,Manatee,S01-2025-P2,1,7,Sebring,26.9,22.66,26.1,2.08,0
2025,S01,Manatee,S01-2025-P2,2,14,Sebring,13.5,21.13,39.8,2.08,0
2025,S01,Manatee,S01-2025-P2,3,21,Sebring,7.9,20.78,22.4,2.08,0
2025,S01,Manatee,S01-2025-P2,4,28,Sebring,27.7,21.74,14.7,2.08,0
2025,S01,Manatee,S01-2025-P2,5,35,Sebring,18.1,22.17,33.3,2.08,0
2025,S01,Manatee,S01-2025-P2,6,42,Sebring,26.9,23.83,42.1,2.08,0
2025,S01,Manatee,S01-2025-P2,7,49,Sebring,24.1,20.72,4.1,2.08,0
2025,S01,Manatee,S01-2025-P2,8,56,Sebring,16.1,18.2,35.7,2.08,0
2025,S01,Manatee,S01-2025-P2,9,63,Sebring,20.8,24.08,32.1,2.08,0
2025,S01,Manatee,S01-2025-P2,10,70,Sebring,26.7,21.89,8.1,2.08,1
2025,S01,Manatee,S01-2025-P2,11,77,Sebring,4.3,21.39,19.1,2.08,0
2025,S01,Manatee,S01-2025-P2,12,84,Sebring,21.2,22.97,13.6,2.08,0
2025,S01,Manatee,S01-2025-P3,1,7,Sebring,22.9,22.61,35.1,4.23,0
2025,S01,Manatee,S01-2025-P3,2,14,Sebring,9.6,21.69,17.0,4.23,0
2025,S01,Manatee,S01-2025-P3,3,21,Sebring,6.2,22.16,38.2,4.23,0
2025,S01,Manatee,S01-2025-P3,4,28,Sebring,21.0,18.89,29.4,4.23,0
2025,S01,Manatee,S01-2025-P3,5,35,Sebring,10.5,19.72,25.6,4.23,0
2025,S01,Manatee,S01-2025-P3,6,42,Sebring,4.8,22.11,25.6,4.23,0
2025,S01,Manatee,S01-2025-P3,7,49,Sebring,24.8,21.24,47.3,4.23,0
2025,S01,Manatee,S01-2025-P3,8,56,Sebring,11.6,21.39,42.9,4.23,1
2025,S01,Manatee,S01-2025-P3,9,63,Sebring,15.3,19.87,12.5,4.23,0
2025,S01,Manatee,S01-2025-P3,10,70,Sebring,12.4,18.83,20.0,4.23,0
2025,S01,Manatee,S01-2025-P3,11,77,Sebring,33.0,20.62,16.1,4.23,0
2025,S01,Manatee,S01-2025-P3,12,84,Sebring,2.3,20.25,36.4,4.23,0
2025,S01,Manatee,S01-2025-P4,1,7,Tygress,19.6,23.11,5.7,3.18,0
2025,S01,Manatee,S01-2025-P4,2,14,Tygress,26.3,23.58,19.8,3.18,0
2025,S01,Manatee,S01-2025-P4,3,21,Tygress,18.2,21.66,29.7,3.18,1
2025,S01,Manatee,S01-2025-P4,4,28,Tygress,14.4,23.03,9.0,3.18,0
2025,S01,Manatee,S01-2025-P4,5,35,Tygress,9.6,22.51,3.5,3.18,1
2025,S01,Manatee,S01-2025-P4,6,42,Tygress,19.0,19.69,9.9,3.18,0
2025,S01,Manatee,S01-2025-P4,7,49,Tygress,13.4,20.72,0.0,3.18,0
2025,S01,Manatee,S01-2025-P4,8,56,Tygress,17.1,19.12,21.0,3.18,0
2025,S01,Manatee,S01-2025-P4,9,63,Tygress,20.2,18.46,13.5,3.18,0
2025,S01,Manatee,S01-2025-P4,10,70,Tygress,29.8,22.07,14.1,3.18,0
2025,S01,Manatee,S01-2025-P4,11,77,Tygress,7.4,19.91,12.8,3.18,0
2025,S01,Manatee,S01-2025-P4,12,84,Tygress,19.8,22.22,11.9,3.18,0
2025,S01,Manatee,S01-2025-P5,1,7,Sanibel,19.0,21.93,15.4,3.28,0
2025,S01,Manatee,S01-2025-P5,2,14,Sanibel,20.3,22.46,33.8,3.28,0
2025,S01,Manatee,S01-2025-P5,3,21,Sanibel,30.5,20.08,24.0,3.28,0
2025,S01,Manatee,S01-2025-P5,4,28,Sanibel,15.4,22.85,22.0,3.28,0
2025,S01,Manatee,S01-2025-P5,5,35,Sanibel,23.3,18.71,16.0,3.28,0
2025,S01,Manatee,S01-2025-P5,6,42,Sanibel,13.8,20.42,24.5,3.28,0
2025,S01,Manatee,S01-2025-P5,7,49,Sanibel,24.1,19.83,27.0,3.28,0
2025,S01,Manatee,S01-2025-P5,8,56,Sanibel,12.6,21.28,8.6,3.28,0
2025,S01,Manatee,S01-2025-P5,9,63,Sanibel,24.4,20.89,30.9,3.28,0
2025,S01,Manatee,S01-2025-P5,10,70,Sanibel,16.8,19.52,23.9,3.28,0
2025,S01,Manatee,S01-2025-P5,11,77,Sanibel,27.7,21.65,15.7,3.28,0
2025,S01,Manatee,S01-2025-P5,12,84,Sanibel,15.9,23.84,23.2,3.28,0
2025,S01,Manatee,S01-2025-P6,1,7,Sanibel,14.1,21.35,26.3,3.1,0
2025,S01,Manatee,S01-2025-P6,2,14,Sanibel,13.5,21.42,34.6,3.1,0
2025,S01,Manatee,S01-2025-P6,3,21,Sanibel,23.4,21.99,18.1,3.1,0
2025,S01,Manatee,S01-2025-P6,4,28,Sanibel,21.7,21.62,16.1,3.1,0
2025,S01,Manatee,S01-2025-P6,5,35,Sanibel,18.7,23.25,17.5,3.1,0
2025,S01,Manatee,S01-2025-P6,6,42,Sanibel,17.5,22.19,31.2,3.1,0
2025,S01,Manatee,S01-2025-P6,7,49,Sanibel,20.9,23.86,23.4,3.1,0
2025,S01,Manatee,S01-2025-P6,8,56,Sanibel,14.6,24.72,19.4,3.1,0
2025,S01,Manatee,S01-2025-P6,9,63,Sanibel,22.7,21.28,21.6,3.1,0
2025,S01,Manatee,S01-2025-P6,10,70,Sanibel,18.8,22.83,17.2,3.1,0
2025,S01,Manatee,S01-2025-P6,11,77,Sanibel,19.8,21.32,18.0,3.1,0
2025,S01,Manatee,S01-2025-P6,12,84,Sanibel,6.5,22.76,8.7,3.1,0
2025,S02,Manatee,S02-2025-P1,1,7,FL-8000,16.1,22.17,13.2,3.97,0
2025,S02,Manatee,S02-2025-P1,2,14,FL-8000,17.2,22.37,0.0,3.97,0
2025,S02,Manatee,S02-2025-P1,3,21,FL-8000,22.3,22.85,8.7,3.97,0
2025,S02,Manatee,S02-2025-P1,4,28,FL-8000,16.8,20.96,9.0,3.97,0
2025,S02,Manatee,S02-2025-P1,5,35,FL-8000,18.5,19.89,3.8,3.97,0
2025,S02,Manatee,S02-2025-P1,6,42,FL-8000,21.7,22.06,7.5,3.97,0
2025,S02,Manatee,S02-2025-P1,7,49,FL-8000,25.7,20.41,16.6,3.97,1
2025,S02,Manatee,S02-2025-P1,8,56,FL-8000,10.9,20.28,17.2,3.97,0
2025,S02,Manatee,S02-2025-P1,9,63,FL-8000,21.3,21.76,11.1,3.97,0
2025,S02,Manatee,S02-2025-P1,10,70,FL-8000,14.3,22.12,4.3,3.97,1
2025,S02,Manatee,S02-2025-P1,11,77,FL-8000,13.6,20.26,15.8,3.97,0
2025,S02,Manatee,S02-2025-P1,12,84,FL-8000,18.0,22.69,13.5,3.97,0
2025,S02,Manatee,S02-2025-P2,1,7,HM-1823,13.0,20.51,34.8,2.25,0
2025,S02,Manatee,S02-2025-P2,2,14,HM-1823,18.2,17.41,25.0,2.25,0
2025,S02,Manatee,S02-2025-P2,3,21,HM-1823,11.1,20.01,35.1,2.25,0
2025,S02,Manatee,S02-2025-P2,4,28,HM-1823,15.1,19.01,18.7,2.25,0
2025,S02,Manatee,S02-2025-P2,5,35,HM-1823,31.4,17.68,28.5,2.25,0
2025,S02,Manatee,S02-2025-P2,6,42,HM-1823,24.5,19.49,29.7,2.25,0
2025,S02,Manatee,S02-2025-P2,7,49,HM-1823,14.6,18.65,29.8,2.25,0
2025,S02,Manatee,S02-2025-P2,8,56,HM-1823,22.6,22.38,20.2,2.25,1
2025,S02,Manatee,S02-2025-P2,9,63,HM-1823,29.0,20.82,24.0,2.25,0
2025,S02,Manatee,S02-2025-P2,10,70,HM-1823,25.4,19.96,25.5,2.25,0
2025,S02,Manatee,S02-2025-P2,11,77,HM-1823,23.4,21.3,29.4,2.25,1
2025,S02,Manatee,S02-2025-P2,12,84,HM-1823,18.3,20.63,37.0,2.25,0
2025,S02,Manatee,S02-2025-P3,1,7,Sanibel,18.7,21.83,11.6,4.28,0
2025,S02,Manatee,S02-2025-P3,2,14,Sanibel,19.6,21.25,23.3,4.28,0
2025,S02,Manatee,S02-2025-P3,3,21,Sanibel,18.6,19.23,7.7,4.28,0
2025,S02,Manatee,S02-2025-P3,4,28,Sanibel,15.9,21.67,33.8,4.28,0
2025,S02,Manatee,S02-2025-P3,5,35,Sanibel,13.0,22.11,8.7,4.28,0
2025,S02,Manatee,S02-2025-P3,6,42,Sanibel,20.5,20.15,8.2,4.28,1
2025,S02,Manatee,S02-2025-P3,7,49,Sanibel,19.3,22.74,19.9,4.28,1
2025,S02,Manatee,S02-2025-P3,8,56,Sanibel,9.6,19.03,15.1,4.28,0
2025,S02,Manatee,S02-2025-P3,9,63,Sanibel,7.8,21.75,16.6,4.28,0
2025,S02,Manatee,S02-2025-P3,10,70,Sanibel,18.5,20.8,2.9,4.28,1
2025,S02,Manatee,S02-2025-P3,11,77,Sanibel,26.9,21.24,4.0,4.28,0
2025,S02,Manatee,S02-2025-P3,12,84,Sanibel,27.9,18.92,12.5,4.28,0
2025,S02,Manatee,S02-2025-P4,1,7,Tygress,24.9,21.88,0.0,3.6,0
2025,S02,Manatee,S02-2025-P4,2,14,Tygress,11.3,22.01,20.8,3.6,0
2025,S02,Manatee,S02-2025-P4,3,21,Tygress,9.8,20.29,6.5,3.6,0
2025,S02,Manatee,S02-2025-P4,4,28,Tygress,15.2,24.51,6.0,3.6,0
2025,S02,Manatee,S02-2025-P4,5,35,Tygress,24.6,22.4,4.9,3.6,0
2025,S02,Manatee,S02-2025-P4,6,42,Tygress,18.3,21.07,0.3,3.6,0
2025,S02,Manatee,S02-2025-P4,7,49,Tygress,20.1,23.04,15.8,3.6,0
2025,S02,Manatee,S02-2025-P4,8,56,Tygress,18.6,24.4,12.3,3.6,0
2025,S02,Manatee,S02-2025-P4,9,63,Tygress,23.0,21.98,1.2,3.6,0
2025,S02,Manatee,S02-2025-P4,10,70,Tygress,17.3,21.93,3.3,3.6,0
2025,S02,Manatee,S02-2025-P4,11,77,Tygress,18.3,17.98,8.4,3.6,0
2025,S02,Manatee,S02-2025-P4,12,84,Tygress,27.1,21.73,15.8,3.6,0
2025,S02,Manatee,S02-2025-P5,1,7,HM-1823,27.9,20.3,45.2,3.64,0
2025,S02,Manatee,S02-2025-P5,2,14,HM-1823,12.2,21.85,43.4,3.64,0
2025,S02,Manatee,S02-2025-P5,3,21,HM-1823,27.6,20.8,38.1,3.64,0
2025,S02,Manatee,S02-2025-P5,4,28,HM-1823,30.4,22.81,58.7,3.64,0
2025,S02,Manatee,S02-2025-P5,5,35,HM-1823,18.8,19.45,43.4,3.64,0
2025,S02,Manatee,S02-2025-P5,6,42,HM-1823,17.3,20.29,44.7,3.64,0
2025,S02,Manatee,S02-2025-P5,7,49,HM-1823,26.2,19.37,35.8,3.64,0
2025,S02,Manatee,S02-2025-P5,8,56,HM-1823,26.7,23.93,45.6,3.64,0
2025,S02,Manatee,S02-2025-P5,9,63,HM-1823,23.7,20.41,36.7,3.64,0
2025,S02,Manatee,S02-2025-P5,10,70,HM-1823,33.6,24.28,39.3,3.64,0
2025,S02,Manatee,S02-2025-P5,11,77,HM-1823,27.1,22.06,39.7,3.64,1
2025,S02,Manatee,S02-2025-P5,12,84,HM-1823,23.7,21.8,40.7,3.64,0
2025,S02,Manatee,S02-2025-P6,1,7,Sanibel,23.7,20.16,23.2,3.03,0
2025,S02,Manatee,S02-2025-P6,2,14,Sanibel,15.7,18.39,1.8,3.03,1
2025,S02,Manatee,S02-2025-P6,3,21,Sanibel,16.2,21.12,13.6,3.03,0
2025,S02,Manatee,S02-2025-P6,4,28,Sanibel,15.6,22.88,21.3,3.03,0
2025,S02,Manatee,S02-2025-P6,5,35,Sanibel,22.0,20.73,15.3,3.03,0
2025,S02,Manatee,S02-2025-P6,6,42,Sanibel,5.1,21.21,23.2,3.03,0
2025,S02,Manatee,S02-2025-P6,7,49,Sanibel,20.6,21.4,13.6,3.03,1
2025,S02,Manatee,S02-2025-P6,8,56,Sanibel,23.7,20.57,26.3,3.03,1
2025,S02,Manatee,S02-2025-P6,9,63,Sanibel,14.6,20.83,29.9,3.03,0
2025,S02,Manatee,S02-2025-P6,10,70,Sanibel,13.4,20.33,15.6,3.03,0
2025,S02,Manatee,S02-2025-P6,11,77,Sanibel,18.9,21.36,2.0,3.03,0
2025,S02,Manatee,S02-2025-P6,12,84,Sanibel,16.7,21.46,16.5,3.03,0
2025,S03,Hillsborough,S03-2025-P1,1,7,Tygress,21.9,21.13,6.0,3.85,0
2025,S03,Hillsborough,S03-2025-P1,2,14,Tygress,8.9,20.03,13.0,3.85,0
2025,S03,Hillsborough,S03-2025-P1,3,21,Tygress,22.9,19.26,17.8,3.85,0
2025,S03,Hillsborough,S03-2025-P1,4,28,Tygress,20.1,20.77,6.4,3.85,0
2025,S03,Hillsborough,S03-2025-P1,5,35,Tygress,18.9,22.19,3.7,3.85,1
2025,S03,Hillsborough,S03-2025-P1,6,42,Tygress,14.8,19.15,0.0,3.85,0
2025,S03,Hillsborough,S03-2025-P1,7,49,Tygress,28.6,20.75,17.4,3.85,0
2025,S03,Hillsborough,S03-2025-P1,8,56,Tygress,6.8,21.34,5.4,3.85,0
2025,S03,Hillsborough,S03-2025-P1,9,63,Tygress,7.7,22.03,6.6,3.85,0
2025,S03,Hillsborough,S03-2025-P1,10,70,Tygress,20.2,20.1,0.0,3.85,0
2025,S03,Hillsborough,S03-2025-P1,11,77,Tygress,24.3,23.87,10.1,3.85,0
2025,S03,Hillsborough,S03-2025-P1,12,84,Tygress,16.9,19.52,9.0,3.85,0
2025,S03,Hillsborough,S03-2025-P2,1,7,FL-8000,26.1,22.49,6.6,3.2,0
2025,S03,Hillsborough,S03-2025-P2,2,14,FL-8000,23.0,22.15,14.4,3.2,0
2025,S03,Hillsborough,S03-2025-P2,3,21,FL-8000,22.6,21.95,20.2,3.2,0
2025,S03,Hillsborough,S03-2025-P2,4,28,FL-8000,11.8,21.44,7.2,3.2,0
2025,S03,Hillsborough,S03-2025-P2,5,35,FL-8000,13.2,20.46,19.8,3.2,1
2025,S03,Hillsborough,S03-2025-P2,6,42,FL-8000,22.0,22.36,13.4,3.2,1
2025,S03,Hillsborough,S03-2025-P2,7,49,FL-8000,12.5,24.1,25.0,3.2,0
2025,S03,Hillsborough,S03-2025-P2,8,56,FL-8000,14.3,22.93,14.3,3.2,0
2025,S03,Hillsborough,S03-2025-P2,9,63,FL-8000,21.6,25.22,21.9,3.2,0
2025,S03,Hillsborough,S03-2025-P2,10,70,FL-8000,15.1,19.62,24.0,3.2,0
2025,S03,Hillsborough,S03-2025-P2,11,77,FL-8000,25.2,18.91,13.0,3.2,0
2025,S03,Hillsborough,S03-2025-P2,12,84,FL-8000,15.7,23.6,25.6,3.2,1
2025,S03,Hillsborough,S03-2025-P3,1,7,FL-8000,20.5,20.5,19.7,2.9,0
2025,S03,Hillsborough,S03-2025-P3,2,14,FL-8000,12.0,22.75,17.3,2.9,0
2025,S03,Hillsborough,S03-2025-P3,3,21,FL-8000,16.6,21.9,26.4,2.9,0
2025,S03,Hillsborough,S03-2025-P3,4,28,FL-8000,23.3,19.53,15.5,2.9,0
2025,S03,Hillsborough,S03-2025-P3,5,35,FL-8000,11.5,20.41,7.6,2.9,0
2025,S03,Hillsborough,S03-2025-P3,6,42,FL-8000,20.5,17.86,11.8,2.9,0
2025,S03,Hillsborough,S03-2025-P3,7,49,FL-8000,15.2,18.3,12.3,2.9,0
2025,S03,Hillsborough,S03-2025-P3,8,56,FL-8000,20.4,22.38,0.0,2.9,0
2025,S03,Hillsborough,S03-2025-P3,9,63,FL-8000,29.6,18.91,22.3,2.9,0
2025,S03,Hillsborough,S03-2025-P3,10,70,FL-8000,19.5,22.45,10.4,2.9,0
2025,S03,Hillsborough,S03-2025-P3,11,77,FL-8000,14.5,17.77,25.3,2.9,0
2025,S03,Hillsborough,S03-2025-P3,12,84,FL-8000,20.4,19.84,10.4,2.9,1
2025,S03,Hillsborough,S03-2025-P4,1,7,Tygress,7.9,17.56,7.6,2.21,0
2025,S03,Hillsborough,S03-2025-P4,2,14,Tygress,22.2,21.04,6.4,2.21,0
2025,S03,Hillsborough,S03-2025-P4,3,21,Tygress,23.6,19.24,21.1,2.21,0
2025,S03,Hillsborough,S03-2025-P4,4,28,Tygress,16.8,20.91,22.7,2.21,0
2025,S03,Hillsborough,S03-2025-P4,5,35,Tygress,19.0,22.17,26.0,2.21,0
2025,S03,Hillsborough,S03-2025-P4,6,42,Tygress,19.8,18.12,13.5,2.21,0
2025,S03,Hillsborough,S03-2025-P4,7,49,Tygress,20.7,18.34,12.2,2.21,0
2025,S03,Hillsborough,S03-2025-P4,8,56,Tygress,2.0,21.49,7.7,2.21,0
2025,S03,Hillsborough,S03-2025-P4,9,63,Tygress,19.0,20.76,21.5,2.21,1
2025,S03,Hillsborough,S03-2025-P4,10,70,Tygress,21.6,19.03,2.6,2.21,0
2025,S03,Hillsborough,S03-2025-P4,11,77,Tygress,15.8,21.01,35.8,2.21,0
2025,S03,Hillsborough,S03-2025-P4,12,84,Tygress,15.2,18.98,22.3,2.21,0
2025,S03,Hillsborough,S03-2025-P5,1,7,HM-1823,24.5,21.75,2.6,3.08,0
2025,S03,Hillsborough,S03-2025-P5,2,14,HM-1823,13.6,23.52,10.5,3.08,0
2025,S03,Hillsborough,S03-2025-P5,3,21,HM-1823,10.5,21.86,0.0,3.08,0
2025,S03,Hillsborough,S03-2025-P5,4,28,HM-1823,13.4,19.78,21.0,3.08,0
2025,S03,Hillsborough,S03-2025-P5,5,35,HM-1823,17.3,19.96,4.2,3.08,0
2025,S03,Hillsborough,S03-2025-P5,6,42,HM-1823,15.5,19.64,0.0,3.08,0
2025,S03,Hillsborough,S03-2025-P5,7,49,HM-1823,18.1,24.77,12.8,3.08,1
2025,S03,Hillsborough,S03-2025-P5,8,56,HM-1823,9.9,20.55,7.6,3.08,0
2025,S03,Hillsborough,S03-2025-P5,9,63,HM-1823,20.6,20.91,13.4,3.08,0
2025,S03,Hillsborough,S03-2025-P5,10,70,HM-1823,14.3,23.3,0.0,3.08,0
2025,S03,Hillsborough,S03-2025-P5,11,77,HM-1823,19.8,22.79,13.4,3.08,1
2025,S03,Hillsborough,S03-2025-P5,12,84,HM-1823,9.7,19.37,8.6,3.08,0
2025,S03,Hillsborough,S03-2025-P6,1,7,Sebring,9.6,22.78,3.1,4.48,0
2025,S03,Hillsborough,S03-2025-P6,2,14,Sebring,12.0,17.75,28.1,4.48,0
2025,S03,Hillsborough,S03-2025-P6,3,21,Sebring,8.5,17.78,15.9,4.48,0
2025,S03,Hillsborough,S03-2025-P6,4,28,Sebring,27.6,18.2,39.0,4.48,1
2025,S03,Hillsborough,S03-2025-P6,5,35,Sebring,28.3,20.46,13.8,4.48,0
2025,S03,Hillsborough,S03-2025-P6,6,42,Sebring,23.3,19.78,19.0,4.48,0
2025,S03,Hillsborough,S03-2025-P6,7,49,Sebring,25.4,20.35,19.5,4.48,1
2025,S03,Hillsborough,S03-2025-P6,8,56,Sebring,18.6,20.22,17.7,4.48,1
2025,S03,Hillsborough,S03-2025-P6,9,63,Sebring,17.4,21.84,16.9,4.48,1
2025,S03,Hillsborough,S03-2025-P6,10,70,Sebring,25.8,19.11,38.0,4.48,1
2025,S03,Hillsborough,S03-2025-P6,11,77,Sebring,17.1,18.88,14.9,4.48,0
2025,S03,Hillsborough,S03-2025-P6,12,84,Sebring,33.5,19.59,40.5,4.48,1
2025,S04,Hillsborough,S04-2025-P1,1,7,Tygress,22.0,23.12,18.3,1.97,0
2025,S04,Hillsborough,S04-2025-P1,2,14,Tygress,26.6,22.13,14.7,1.97,0
2025,S04,Hillsborough,S04-2025-P1,3,21,Tygress,23.1,23.37,12.4,1.97,0
2025,S04,Hillsborough,S04-2025-P1,4,28,Tygress,17.1,20.31,12.7,1.97,0
2025,S04,Hillsborough,S04-2025-P1,5,35,Tygress,12.8,21.43,13.0,1.97,0
2025,S04,Hillsborough,S04-2025-P1,6,42,Tygress,19.7,18.55,3.7,1.97,0
2025,S04,Hillsborough,S04-2025-P1,7,49,Tygress,18.3,20.86,20.2,1.97,0
2025,S04,Hillsborough,S04-2025-P1,8,56,Tygress,25.8,18.9,21.9,1.97,0
2025,S04,Hillsborough,S04-2025-P1,9,63,Tygress,30.1,20.49,25.7,1.97,0
2025,S04,Hillsborough,S04-2025-P1,10,70,Tygress,17.6,23.61,19.0,1.97,0
2025,S04,Hillsborough,S04-2025-P1,11,77,Tygress,21.6,17.9,22.4,1.97,0
2025,S04,Hillsborough,S04-2025-P1,12,84,Tygress,23.8,21.37,15.2,1.97,0
2025,S04,Hillsborough,S04-2025-P2,1,7,Sanibel,15.1,22.24,21.8,3.36,0
2025,S04,Hillsborough,S04-2025-P2,2,14,Sanibel,15.8,21.67,12.6,3.36,0
2025,S04,Hillsborough,S04-2025-P2,3,21,Sanibel,29.4,19.76,10.1,3.36,0
2025,S04,Hillsborough,S04-2025-P2,4,28,Sanibel,16.3,22.01,23.6,3.36,0
2025,S04,Hillsborough,S04-2025-P2,5,35,Sanibel,21.1,22.94,12.5,3.36,0
2025,S04,Hillsborough,S04-2025-P2,6,42,Sanibel,18.6,21.91,12.1,3.36,0
2025,S04,Hillsborough,S04-2025-P2,7,49,Sanibel,14.6,21.61,41.2,3.36,0
2025,S04,Hillsborough,S04-2025-P2,8,56,Sanibel,6.0,22.46,13.5,3.36,0
2025,S04,Hillsborough,S04-2025-P2,9,63,Sanibel,18.5,20.39,17.8,3.36,0
2025,S04,Hillsborough,S04-2025-P2,10,70,Sanibel,27.1,23.07,19.5,3.36,1
2025,S04,Hillsborough,S04-2025-P2,11,77,Sanibel,11.4,22.95,14.7,3.36,1
2025,S04,Hillsborough,S04-2025-P2,12,84,Sanibel,26.3,21.4,21.3,3.36,0
2025,S04,Hillsborough,S04-2025-P3,1,7,Sebring,13.9,20.23,26.7,3.24,0
2025,S04,Hillsborough,S04-2025-P3,2,14,Sebring,14.4,19.04,28.8,3.24,0
2025,S04,Hillsborough,S04-2025-P3,3,21,Sebring,16.0,19.23,31.8,3.24,0
2025,S04,Hillsborough,S04-2025-P3,4,28,Sebring,16.0,21.47,29.6,3.24,0
2025,S04,Hillsborough,S04-2025-P3,5,35,Sebring,18.4,18.99,14.9,3.24,0
2025,S04,Hillsborough,S04-2025-P3,6,42,Sebring,9.6,20.67,23.5,3.24,0
2025,S04,Hillsborough,S04-2025-P3,7,49,Sebring,15.8,19.35,0.0,3.24,0
2025,S04,Hillsborough,S04-2025-P3,8,56,Sebring,17.4,18.56,28.2,3.24,0
2025,S04,Hillsborough,S04-2025-P3,9,63,Sebring,20.2,20.58,31.3,3.24,1
2025,S04,Hillsborough,S04-2025-P3,10,70,Sebring,22.8,18.6,15.3,3.24,0
2025,S04,Hillsborough,S04-2025-P3,11,77,Sebring,24.0,21.91,39.9,3.24,0
2025,S04,Hillsborough,S04-2025-P3,12,84,Sebring,17.1,18.39,23.6,3.24,0
2025,S04,Hillsborough,S04-2025-P4,1,7,FL-8000,27.0,19.78,28.0,3.7,0
2025,S04,Hillsborough,S04-2025-P4,2,14,FL-8000,23.5,22.6,31.7,3.7,0
2025,S04,Hillsborough,S04-2025-P4,3,21,FL-8000,22.9,18.64,33.6,3.7,0
2025,S04,Hillsborough,S04-2025-P4,4,28,FL-8000,14.6,19.21,27.3,3.7,0
2025,S04,Hillsborough,S04-2025-P4,5,35,FL-8000,16.5,20.46,20.7,3.7,1
2025,S04,Hillsborough,S04-2025-P4,6,42,FL-8000,20.6,17.63,27.3,3.7,0
2025,S04,Hillsborough,S04-2025-P4,7,49,FL-8000,18.8,18.83,33.8,3.7,0
2025,S04,Hillsborough,S04-2025-P4,8,56,FL-8000,22.2,20.21,22.7,3.7,0
2025,S04,Hillsborough,S04-2025-P4,9,63,FL-8000,13.6,20.94,31.0,3.7,1
2025,S04,Hillsborough,S04-2025-P4,10,70,FL-8000,16.9,18.85,31.1,3.7,1
2025,S04,Hillsborough,S04-2025-P4,11,77,FL-8000,26.9,20.8,24.2,3.7,1
2025,S04,Hillsborough,S04-2025-P4,12,84,FL-8000,15.7,22.1,24.3,3.7,0
2025,S04,Hillsborough,S04-2025-P5,1,7,Tygress,21.3,20.94,30.8,3.19,0
2025,S04,Hillsborough,S04-2025-P5,2,14,Tygress,22.0,20.76,16.9,3.19,0
2025,S04,Hillsborough,S04-2025-P5,3,21,Tygress,24.9,18.9,11.0,3.19,0
2025,S04,Hillsborough,S04-2025-P5,4,28,Tygress,17.4,20.75,14.8,3.19,0
2025,S04,Hillsborough,S04-2025-P5,5,35,Tygress,19.4,19.98,23.2,3.19,1
2025,S04,Hillsborough,S04-2025-P5,6,42,Tygress,8.1,22.43,9.9,3.19,0
2025,S04,Hillsborough,S04-2025-P5,7,49,Tygress,12.1,19.88,18.2,3.19,0
2025,S04,Hillsborough,S04-2025-P5,8,56,Tygress,28.1,20.37,14.0,3.19,0
2025,S04,Hillsborough,S04-2025-P5,9,63,Tygress,15.7,17.97,31.0,3.19,0
2025,S04,Hillsborough,S04-2025-P5,10,70,Tygress,24.4,21.39,3.3,3.19,0
2025,S04,Hillsborough,S04-2025-P5,11,77,Tygress,23.8,19.8,16.7,3.19,0
2025,S04,Hillsborough,S04-2025-P5,12,84,Tygress,23.1,18.25,20.5,3.19,0
2025,S04,Hillsborough,S04-2025-P6,1,7,FL-8000,12.1,19.76,20.5,3.79,1
2025,S04,Hillsborough,S04-2025-P6,2,14,FL-8000,23.5,21.16,20.2,3.79,0
2025,S04,Hillsborough,S04-2025-P6,3,21,FL-8000,21.9,17.78,5.6,3.79,0
2025,S04,Hillsborough,S04-2025-P6,4,28,FL-8000,8.4,22.8,10.2,3.79,0
2025,S04,Hillsborough,S04-2025-P6,5,35,FL-8000,21.3,21.47,27.5,3.79,0
2025,S04,Hillsborough,S04-2025-P6,6,42,FL-8000,10.2,20.94,19.2,3.79,0
2025,S04,Hillsborough,S04-2025-P6,7,49,FL-8000,4.6,21.97,15.2,3.79,0
2025,S04,Hillsborough,S04-2025-P6,8,56,FL-8000,25.8,20.88,4.9,3.79,0
2025,S04,Hillsborough,S04-2025-P6,9,63,FL-8000,21.5,20.42,20.1,3.79,0
2025,S04,Hillsborough,S04-2025-P6,10,70,FL-8000,12.4,19.34,25.3,3.79,1
2025,S04,Hillsborough,S04-2025-P6,11,77,FL-8000,18.2,19.5,20.3,3.79,0
2025,S04,Hillsborough,S04-2025-P6,12,84,FL-8000,18.6,18.63,15.6,3.79,0
2025,S05,Collier,S05-2025-P1,1,7,Sanibel,15.4,22.94,36.2,3.83,0
2025,S05,Collier,S05-2025-P1,2,14,Sanibel,23.1,24.06,15.5,3.83,0
2025,S05,Collier,S05-2025-P1,3,21,Sanibel,17.0,21.78,14.7,3.83,0
2025,S05,Collier,S05-2025-P1,4,28,Sanibel,16.7,23.25,20.2,3.83,0
2025,S05,Collier,S05-2025-P1,5,35,Sanibel,9.2,22.97,24.2,3.83,0
2025,S05,Collier,S05-2025-P1,6,42,Sanibel,4.3,21.43,7.0,3.83,0
2025,S05,Collier,S05-2025-P1,7,49,Sanibel,11.5,21.7,28.4,3.83,0
2025,S05,Collier,S05-2025-P1,8,56,Sanibel,8.8,21.56,7.2,3.83,0
2025,S05,Collier,S05-2025-P1,9,63,Sanibel,2.1,23.82,17.3,3.83,0
2025,S05,Collier,S05-2025-P1,10,70,Sanibel,15.2,22.44,0.0,3.83,0
2025,S05,Collier,S05-2025-P1,11,77,Sanibel,12.9,22.05,21.7,3.83,0
2025,S05,Collier,S05-2025-P1,12,84,Sanibel,8.6,23.75,22.8,3.83,0
2025,S05,Collier,S05-2025-P2,1,7,FL-8000,12.0,20.76,10.2,2.09,0
2025,S05,Collier,S05-2025-P2,2,14,FL-8000,18.1,24.59,25.9,2.09,0
2025,S05,Collier,S05-2025-P2,3,21,FL-8000,13.8,24.62,8.3,2.09,0
2025,S05,Collier,S05-2025-P2,4,28,FL-8000,2.1,22.55,25.2,2.09,0
2025,S05,Collier,S05-2025-P2,5,35,FL-8000,12.9,22.5,26.1,2.09,0
2025,S05,Collier,S05-2025-P2,6,42,FL-8000,26.6,22.36,11.5,2.09,0
2025,S05,Collier,S05-2025-P2,7,49,FL-8000,22.2,23.35,15.1,2.09,0
2025,S05,Collier,S05-2025-P2,8,56,FL-8000,8.4,22.57,20.5,2.09,0
2025,S05,Collier,S05-2025-P2,9,63,FL-8000,13.9,21.28,21.1,2.09,0
2025,S05,Collier,S05-2025-P2,10,70,FL-8000,15.2,22.82,10.3,2.09,0
2025,S05,Collier,S05-2025-P2,11,77,FL-8000,19.0,22.85,28.8,2.09,0
2025,S05,Collier,S05-2025-P2,12,84,FL-8000,22.5,20.29,23.9,2.09,0
2025,S05,Collier,S05-2025-P3,1,7,FL-8000,9.0,19.26,6.1,3.28,0
2025,S05,Collier,S05-2025-P3,2,14,FL-8000,19.5,21.15,24.4,3.28,0
2025,S05,Collier,S05-2025-P3,3,21,FL-8000,12.3,21.8,12.4,3.28,0
2025,S05,Collier,S05-2025-P3,4,28,FL-8000,7.3,21.64,14.5,3.28,0
2025,S05,Collier,S05-2025-P3,5,35,FL-8000,15.3,22.7,6.4,3.28,0
2025,S05,Collier,S05-2025-P3,6,42,FL-8000,9.0,21.82,14.1,3.28,0
2025,S05,Collier,S05-2025-P3,7,49,FL-8000,11.5,24.59,16.8,3.28,0
2025,S05,Collier,S05-2025-P3,8,56,FL-8000,7.4,19.57,21.9,3.28,0
2025,S05,Collier,S05-2025-P3,9,63,FL-8000,8.2,20.58,16.5,3.28,0
2025,S05,Collier,S05-2025-P3,10,70,FL-8000,17.4,24.1,33.1,3.28,0
2025,S05,Collier,S05-2025-P3,11,77,FL-8000,20.3,20.93,10.5,3.28,0
2025,S05,Collier,S05-2025-P3,12,84,FL-8000,12.5,20.77,26.3,3.28,0
2025,S05,Collier,S05-2025-P4,1,7,FL-8000,11.8,22.48,10.0,1.62,0
2025,S05,Collier,S05-2025-P4,2,14,FL-8000,12.3,21.91,15.7,1.62,0
2025,S05,Collier,S05-2025-P4,3,21,FL-8000,16.0,21.09,45.0,1.62,0
2025,S05,Collier,S05-2025-P4,4,28,FL-8000,16.5,21.85,43.0,1.62,0
2025,S05,Collier,S05-2025-P4,5,35,FL-8000,17.7,25.56,11.5,1.62,0
2025,S05,Collier,S05-2025-P4,6,42,FL-8000,10.0,20.0,4.4,1.62,0
2025,S05,Collier,S05-2025-P4,7,49,FL-8000,11.3,20.04,11.2,1.62,0
2025,S05,Collier,S05-2025-P4,8,56,FL-8000,19.6,21.88,19.0,1.62,0
2025,S05,Collier,S05-2025-P4,9,63,FL-8000,8.0,21.34,1.6,1.62,0
2025,S05,Collier,S05-2025-P4,10,70,FL-8000,16.4,23.16,20.3,1.62,1
2025,S05,Collier,S05-2025-P4,11,77,FL-8000,17.1,22.31,6.3,1.62,0
2025,S05,Collier,S05-2025-P4,12,84,FL-8000,24.7,20.73,4.2,1.62,0
2025,S05,Collier,S05-2025-P5,1,7,FL-8000,16.9,22.21,0.0,2.76,0
2025,S05,Collier,S05-2025-P5,2,14,FL-8000,18.5,21.01,8.7,2.76,0
2025,S05,Collier,S05-2025-P5,3,21,FL-8000,22.6,20.41,15.7,2.76,0
2025,S05,Collier,S05-2025-P5,4,28,FL-8000,8.8,20.6,7.3,2.76,0
2025,S05,Collier,S05-2025-P5,5,35,FL-8000,24.0,23.3,23.7,2.76,0
2025,S05,Collier,S05-2025-P5,6,42,FL-8000,25.2,21.82,14.0,2.76,0
2025,S05,Collier,S05-2025-P5,7,49,FL-8000,14.8,20.22,18.6,2.76,0
2025,S05,Collier,S05-2025-P5,8,56,FL-8000,27.2,21.95,15.6,2.76,0
2025,S05,Collier,S05-2025-P5,9,63,FL-8000,18.2,20.39,16.2,2.76,0
2025,S05,Collier,S05-2025-P5,10,70,FL-8000,12.3,20.53,5.2,2.76,0
2025,S05,Collier,S05-2025-P5,11,77,FL-8000,16.2,22.56,10.8,2.76,0
2025,S05,Collier,S05-2025-P5,12,84,FL-8000,16.6,19.59,19.7,2.76,0
2025,S05,Collier,S05-2025-P6,1,7,Sebring,18.3,23.57,0.0,4.24,0
2025,S05,Collier,S05-2025-P6,2,14,Sebring,11.8,24.25,3.9,4.24,0
2025,S05,Collier,S05-2025-P6,3,21,Sebring,12.2,22.56,8.7,4.24,0
2025,S05,Collier,S05-2025-P6,4,28,Sebring,16.1,22.47,31.2,4.24,1
2025,S05,Collier,S05-2025-P6,5,35,Sebring,7.3,23.56,6.8,4.24,0
2025,S05,Collier,S05-2025-P6,6,42,Sebring,9.1,23.85,0.0,4.24,0
2025,S05,Collier,S05-2025-P6,7,49,Sebring,14.8,25.13,14.5,4.24,1
2025,S05,Collier,S05-2025-P6,8,56,Sebring,7.1,23.09,21.6,4.24,0
2025,S05,Collier,S05-2025-P6,9,63,Sebring,10.6,22.88,11.9,4.24,0
2025,S05,Collier,S05-2025-P6,10,70,Sebring,16.1,24.61,1.8,4.24,1
2025,S05,Collier,S05-2025-P6,11,77,Sebring,11.4,23.33,0.0,4.24,0
2025,S05,Collier,S05-2025-P6,12,84,Sebring,14.1,23.0,0.0,4.24,1
2025,S06,Collier,S06-2025-P1,1,7,FL-8000,21.3,23.7,4.0,3.7,0
2025,S06,Collier,S06-2025-P1,2,14,FL-8000,6.4,21.32,14.9,3.7,0
2025,S06,Collier,S06-2025-P1,3,21,FL-8000,18.6,21.83,7.3,3.7,0
2025,S06,Collier,S06-2025-P1,4,28,FL-8000,17.3,19.64,10.0,3.7,0
2025,S06,Collier,S06-2025-P1,5,35,FL-8000,16.4,24.77,4.8,3.7,0
2025,S06,Collier,S06-2025-P1,6,42,FL-8000,24.2,22.86,17.3,3.7,0
2025,S06,Collier,S06-2025-P1,7,49,FL-8000,15.9,20.16,24.3,3.7,0
2025,S06,Collier,S06-2025-P1,8,56,FL-8000,14.8,20.7,27.2,3.7,0
2025,S06,Collier,S06-2025-P1,9,63,FL-8000,17.1,22.69,21.3,3.7,1
2025,S06,Collier,S06-2025-P1,10,70,FL-8000,24.2,21.25,11.8,3.7,0
2025,S06,Collier,S06-2025-P1,11,77,FL-8000,14.3,20.46,16.7,3.7,0
2025,S06,Collier,S06-2025-P1,12,84,FL-8000,13.6,22.29,23.2,3.7,0
2025,S06,Collier,S06-2025-P2,1,7,Tygress,17.6,18.4,10.3,3.1,0
2025,S06,Collier,S06-2025-P2,2,14,Tygress,7.2,19.84,27.0,3.1,0
2025,S06,Collier,S06-2025-P2,3,21,Tygress,20.6,20.36,3.3,3.1,0
2025,S06,Collier,S06-2025-P2,4,28,Tygress,13.6,21.34,15.8,3.1,0
2025,S06,Collier,S06-2025-P2,5,35,Tygress,15.1,21.2,30.9,3.1,0
2025,S06,Collier,S06-2025-P2,6,42,Tygress,9.3,17.17,9.6,3.1,0
2025,S06,Collier,S06-2025-P2,7,49,Tygress,31.4,20.39,40.9,3.1,0
2025,S06,Collier,S06-2025-P2,8,56,Tygress,26.6,18.14,30.5,3.1,0
2025,S06,Collier,S06-2025-P2,9,63,Tygress,24.2,20.99,19.6,3.1,1
2025,S06,Collier,S06-2025-P2,10,70,Tygress,16.7,21.07,7.8,3.1,0
2025,S06,Collier,S06-2025-P2,11,77,Tygress,14.1,18.78,25.3,3.1,0
2025,S06,Collier,S06-2025-P2,12,84,Tygress,22.8,20.41,25.4,3.1,0
2025,S06,Collier,S06-2025-P3,1,7,HM-1823,10.0,23.02,23.0,2.74,0
2025,S06,Collier,S06-2025-P3,2,14,HM-1823,13.9,21.51,33.1,2.74,0
2025,S06,Collier,S06-2025-P3,3,21,HM-1823,22.8,22.04,45.4,2.74,0
2025,S06,Collier,S06-2025-P3,4,28,HM-1823,17.9,23.89,12.1,2.74,0
2025,S06,Collier,S06-2025-P3,5,35,HM-1823,14.0,18.12,30.9,2.74,0
2025,S06,Collier,S06-2025-P3,6,42,HM-1823,14.5,21.39,3.7,2.74,0
2025,S06,Collier,S06-2025-P3,7,49,HM-1823,21.4,21.4,22.9,2.74,0
2025,S06,Collier,S06-2025-P3,8,56,HM-1823,14.5,19.45,15.7,2.74,0
2025,S06,Collier,S06-2025-P3,9,63,HM-1823,19.8,20.6,29.1,2.74,0
2025,S06,Collier,S06-2025-P3,10,70,HM-1823,13.7,20.23,18.3,2.74,1
2025,S06,Collier,S06-2025-P3,11,77,HM-1823,9.3,20.98,15.2,2.74,0
2025,S06,Collier,S06-2025-P3,12,84,HM-1823,20.6,20.39,30.5,2.74,0
2025,S06,Collier,S06-2025-P4,1,7,Sanibel,18.0,21.29,18.5,3.1,0
2025,S06,Collier,S06-2025-P4,2,14,Sanibel,26.2,20.6,25.4,3.1,0
2025,S06,Collier,S06-2025-P4,3,21,Sanibel,22.2,21.58,19.5,3.1,0
2025,S06,Collier,S06-2025-P4,4,28,Sanibel,36.2,20.93,19.2,3.1,0
2025,S06,Collier,S06-2025-P4,5,35,Sanibel,18.4,21.22,24.9,3.1,0
2025,S06,Collier,S06-2025-P4,6,42,Sanibel,6.5,21.36,14.6,3.1,0
2025,S06,Collier,S06-2025-P4,7,49,Sanibel,23.9,23.2,18.9,3.1,0
2025,S06,Collier,S06-2025-P4,8,56,Sanibel,12.6,21.24,28.0,3.1,0
2025,S06,Collier,S06-2025-P4,9,63,Sanibel,18.1,20.46,23.9,3.1,0
2025,S06,Collier,S06-2025-P4,10,70,Sanibel,9.2,21.97,16.6,3.1,0
2025,S06,Collier,S06-2025-P4,11,77,Sanibel,16.7,19.97,19.5,3.1,0
2025,S06,Collier,S06-2025-P4,12,84,Sanibel,11.2,21.51,10.6,3.1,0
2025,S06,Collier,S06-2025-P5,1,7,Sanibel,20.1,22.61,41.0,4.23,0
2025,S06,Collier,S06-2025-P5,2,14,Sanibel,5.0,19.81,21.7,4.23,0
2025,S06,Collier,S06-2025-P5,3,21,Sanibel,15.0,21.61,19.5,4.23,0
2025,S06,Collier,S06-2025-P5,4,28,Sanibel,16.2,19.12,31.5,4.23,0
2025,S06,Collier,S06-2025-P5,5,35,Sanibel,20.6,19.26,25.0,4.23,0
2025,S06,Collier,S06-2025-P5,6,42,Sanibel,11.8,20.07,30.9,4.23,0
2025,S06,Collier,S06-2025-P5,7,49,Sanibel,18.0,24.19,24.1,4.23,0
2025,S06,Collier,S06-2025-P5,8,56,Sanibel,6.1,19.8,25.1,4.23,0
2025,S06,Collier,S06-2025-P5,9,63,Sanibel,26.6,21.48,14.7,4.23,1
2025,S06,Collier,S06-2025-P5,10,70,Sanibel,14.8,20.72,26.7,4.23,0
2025,S06,Collier,S06-2025-P5,11,77,Sanibel,16.0,22.57,31.8,4.23,0
2025,S06,Collier,S06-2025-P5,12,84,Sanibel,12.8,22.29,22.5,4.23,0
2025,S06,Collier,S06-2025-P6,1,7,FL-8000,20.7,19.89,13.4,1.89,0
2025,S06,Collier,S06-2025-P6,2,14,FL-8000,5.3,19.55,38.7,1.89,0
2025,S06,Collier,S06-2025-P6,3,21,FL-8000,22.8,19.41,12.6,1.89,0
2025,S06,Collier,S06-2025-P6,4,28,FL-8000,28.0,22.87,23.7,1.89,0
2025,S06,Collier,S06-2025-P6,5,35,FL-8000,17.5,20.9,16.2,1.89,0
2025,S06,Collier,S06-2025-P6,6,42,FL-8000,17.8,20.46,20.2,1.89,0
2025,S06,Collier,S06-2025-P6,7,49,FL-8000,21.9,20.26,29.4,1.89,0
2025,S06,Collier,S06-2025-P6,8,56,FL-8000,22.9,18.51,28.0,1.89,0
2025,S06,Collier,S06-2025-P6,9,63,FL-8000,13.8,20.92,27.0,1.89,0
2025,S06,Collier,S06-2025-P6,10,70,FL-8000,27.4,22.81,25.4,1.89,0
2025,S06,Collier,S06-2025-P6,11,77,FL-8000,21.3,20.4,10.7,1.89,0
2025,S06,Collier,S06-2025-P6,12,84,FL-8000,8.9,19.14,0.0,1.89,0
2025,S07,Miami-Dade,S07-2025-P1,1,7,Tygress,22.0,21.69,13.8,3.36,0
2025,S07,Miami-Dade,S07-2025-P1,2,14,Tygress,22.2,18.97,32.5,3.36,0
2025,S07,Miami-Dade,S07-2025-P1,3,21,Tygress,14.4,20.92,15.0,3.36,0
2025,S07,Miami-Dade,S07-2025-P1,4,28,Tygress,25.1,20.51,20.4,3.36,0
2025,S07,Miami-Dade,S07-2025-P1,5,35,Tygress,4.2,19.29,8.2,3.36,0
2025,S07,Miami-Dade,S07-2025-P1,6,42,Tygress,20.1,19.89,5.5,3.36,0
2025,S07,Miami-Dade,S07-2025-P1,7,49,Tygress,22.3,21.8,16.6,3.36,0
2025,S07,Miami-Dade,S07-2025-P1,8,56,Tygress,16.1,22.03,17.8,3.36,0
2025,S07,Miami-Dade,S07-2025-P1,9,63,Tygress,17.9,21.39,21.7,3.36,0
2025,S07,Miami-Dade,S07-2025-P1,10,70,Tygress,16.4,19.87,19.9,3.36,0
2025,S07,Miami-Dade,S07-2025-P1,11,77,Tygress,8.6,19.46,11.3,3.36,0
2025,S07,Miami-Dade,S07-2025-P1,12,84,Tygress,19.4,21.99,22.0,3.36,0
2025,S07,Miami-Dade,S07-2025-P2,1,7,Sanibel,16.7,19.72,3.0,2.82,0
2025,S07,Miami-Dade,S07-2025-P2,2,14,Sanibel,17.6,19.88,21.2,2.82,0
2025,S07,Miami-Dade,S07-2025-P2,3,21,Sanibel,12.0,22.32,13.8,2.82,0
2025,S07,Miami-Dade,S07-2025-P2,4,28,Sanibel,17.2,20.03,15.8,2.82,0
2025,S07,Miami-Dade,S07-2025-P2,5,35,Sanibel,14.8,22.52,17.7,2.82,0
2025,S07,Miami-Dade,S07-2025-P2,6,42,Sanibel,15.6,22.16,7.6,2.82,0
2025,S07,Miami-Dade,S07-2025-P2,7,49,Sanibel,17.3,22.55,16.8,2.82,0
2025,S07,Miami-Dade,S07-2025-P2,8,56,Sanibel,20.4,21.32,0.0,2.82,0
2025,S07,Miami-Dade,S07-2025-P2,9,63,Sanibel,22.9,21.08,15.6,2.82,0
2025,S07,Miami-Dade,S07-2025-P2,10,70,Sanibel,30.8,23.55,0.0,2.82,0
2025,S07,Miami-Dade,S07-2025-P2,11,77,Sanibel,15.7,23.42,20.4,2.82,0
2025,S07,Miami-Dade,S07-2025-P2,12,84,Sanibel,6.3,20.04,7.3,2.82,0
2025,S07,Miami-Dade,S07-2025-P3,1,7,Tygress,21.2,21.95,35.1,3.28,0
2025,S07,Miami-Dade,S07-2025-P3,2,14,Tygress,22.8,22.68,29.3,3.28,0
2025,S07,Miami-Dade,S07-2025-P3,3,21,Tygress,18.9,23.07,17.1,3.28,0
2025,S07,Miami-Dade,S07-2025-P3,4,28,Tygress,26.4,20.61,35.3,3.28,0
2025,S07,Miami-Dade,S07-2025-P3,5,35,Tygress,10.9,21.16,17.8,3.28,0
2025,S07,Miami-Dade,S07-2025-P3,6,42,Tygress,25.8,21.41,19.3,3.28,0
2025,S07,Miami-Dade,S07-2025-P3,7,49,Tygress,26.1,22.38,27.9,3.28,0
2025,S07,Miami-Dade,S07-2025-P3,8,56,Tygress,18.5,21.55,29.2,3.28,0
2025,S07,Miami-Dade,S07-2025-P3,9,63,Tygress,20.3,19.82,37.6,3.28,0
2025,S07,Miami-Dade,S07-2025-P3,10,70,Tygress,24.3,19.81,37.2,3.28,0
2025,S07,Miami-Dade,S07-2025-P3,11,77,Tygress,18.2,20.3,21.1,3.28,0
2025,S07,Miami-Dade,S07-2025-P3,12,84,Tygress,22.5,17.95,38.5,3.28,0
2025,S07,Miami-Dade,S07-2025-P4,1,7,Sanibel,6.2,21.28,12.9,2.75,0
2025,S07,Miami-Dade,S07-2025-P4,2,14,Sanibel,16.4,21.07,35.4,2.75,0
2025,S07,Miami-Dade,S07-2025-P4,3,21,Sanibel,20.3,21.92,27.0,2.75,0
2025,S07,Miami-Dade,S07-2025-P4,4,28,Sanibel,10.4,20.19,18.8,2.75,0
2025,S07,Miami-Dade,S07-2025-P4,5,35,Sanibel,15.6,22.23,26.8,2.75,0
2025,S07,Miami-Dade,S07-2025-P4,6,42,Sanibel,22.8,21.93,7.8,2.75,0
2025,S07,Miami-Dade,S07-2025-P4,7,49,Sanibel,18.1,23.13,26.9,2.75,0
2025,S07,Miami-Dade,S07-2025-P4,8,56,Sanibel,6.9,19.85,17.6,2.75,0
2025,S07,Miami-Dade,S07-2025-P4,9,63,Sanibel,13.4,19.89,16.1,2.75,0
2025,S07,Miami-Dade,S07-2025-P4,10,70,Sanibel,16.6,22.45,18.3,2.75,0
2025,S07,Miami-Dade,S07-2025-P4,11,77,Sanibel,19.6,21.44,16.4,2.75,0
2025,S07,Miami-Dade,S07-2025-P4,12,84,Sanibel,16.0,22.41,28.9,2.75,0
2025,S07,Miami-Dade,S07-2025-P5,1,7,FL-8000,19.3,18.19,14.6,3.86,0
2025,S07,Miami-Dade,S07-2025-P5,2,14,FL-8000,10.8,19.43,14.2,3.86,0
2025,S07,Miami-Dade,S07-2025-P5,3,21,FL-8000,31.0,21.29,27.0,3.86,1
2025,S07,Miami-Dade,S07-2025-P5,4,28,FL-8000,22.7,24.67,32.0,3.86,0
2025,S07,Miami-Dade,S07-2025-P5,5,35,FL-8000,22.0,20.22,15.4,3.86,0
2025,S07,Miami-Dade,S07-2025-P5,6,42,FL-8000,32.8,22.42,43.4,3.86,0
2025,S07,Miami-Dade,S07-2025-P5,7,49,FL-8000,19.2,22.56,48.4,3.86,0
2025,S07,Miami-Dade,S07-2025-P5,8,56,FL-8000,2.0,19.75,34.2,3.86,0
2025,S07,Miami-Dade,S07-2025-P5,9,63,FL-8000,19.1,22.68,3.1,3.86,0
2025,S07,Miami-Dade,S07-2025-P5,10,70,FL-8000,17.4,21.13,39.7,3.86,0
2025,S07,Miami-Dade,S07-2025-P5,11,77,FL-8000,24.5,21.18,39.9,3.86,0
2025,S07,Miami-Dade,S07-2025-P5,12,84,FL-8000,25.7,23.0,8.3,3.86,0
2025,S07,Miami-Dade,S07-2025-P6,1,7,Sebring,14.9,18.31,9.2,4.14,0
2025,S07,Miami-Dade,S07-2025-P6,2,14,Sebring,19.4,21.04,39.4,4.14,1
2025,S07,Miami-Dade,S07-2025-P6,3,21,Sebring,17.7,18.56,22.8,4.14,0
2025,S07,Miami-Dade,S07-2025-P6,4,28,Sebring,15.7,19.86,14.3,4.14,0
2025,S07,Miami-Dade,S07-2025-P6,5,35,Sebring,29.3,19.58,20.7,4.14,0
2025,S07,Miami-Dade,S07-2025-P6,6,42,Sebring,5.4,19.14,21.1,4.14,0
2025,S07,Miami-Dade,S07-2025-P6,7,49,Sebring,21.3,20.37,30.1,4.14,0
2025,S07,Miami-Dade,S07-2025-P6,8,56,Sebring,28.9,21.36,22.2,4.14,0
2025,S07,Miami-Dade,S07-2025-P6,9,63,Sebring,17.9,20.28,15.2,4.14,1
2025,S07,Miami-Dade,S07-2025-P6,10,70,Sebring,24.4,21.78,10.3,4.14,0
2025,S07,Miami-Dade,S07-2025-P6,11,77,Sebring,5.4,20.13,37.0,4.14,0
2025,S07,Miami-Dade,S07-2025-P6,12,84,Sebring,16.6,20.33,17.9,4.14,0
2025,S08,Miami-Dade,S08-2025-P1,1,7,HM-1823,26.9,18.3,28.3,3.38,0
2025,S08,Miami-Dade,S08-2025-P1,2,14,HM-1823,14.8,21.21,30.5,3.38,0
2025,S08,Miami-Dade,S08-2025-P1,3,21,HM-1823,8.4,19.97,24.8,3.38,0
2025,S08,Miami-Dade,S08-2025-P1,4,28,HM-1823,2.0,19.93,28.0,3.38,0
2025,S08,Miami-Dade,S08-2025-P1,5,35,HM-1823,15.0,19.85,19.8,3.38,0
2025,S08,Miami-Dade,S08-2025-P1,6,42,HM-1823,16.3,22.3,37.7,3.38,0
2025,S08,Miami-Dade,S08-2025-P1,7,49,HM-1823,16.4,18.78,31.8,3.38,0
2025,S08,Miami-Dade,S08-2025-P1,8,56,HM-1823,15.4,18.4,14.8,3.38,0
2025,S08,Miami-Dade,S08-2025-P1,9,63,HM-1823,8.4,19.28,41.8,3.38,0
2025,S08,Miami-Dade,S08-2025-P1,10,70,HM-1823,8.9,19.0,24.7,3.38,0
2025,S08,Miami-Dade,S08-2025-P1,11,77,HM-1823,26.3,19.09,15.9,3.38,0
2025,S08,Miami-Dade,S08-2025-P1,12,84,HM-1823,16.9,20.66,44.4,3.38,0
2025,S08,Miami-Dade,S08-2025-P2,1,7,Sebring,18.7,20.6,39.4,3.52,0
2025,S08,Miami-Dade,S08-2025-P2,2,14,Sebring,16.5,21.37,35.5,3.52,1
2025,S08,Miami-Dade,S08-2025-P2,3,21,Sebring,7.6,22.31,39.9,3.52,0
2025,S08,Miami-Dade,S08-2025-P2,4,28,Sebring,14.4,19.39,32.7,3.52,0
2025,S08,Miami-Dade,S08-2025-P2,5,35,Sebring,26.3,19.88,41.5,3.52,1
2025,S08,Miami-Dade,S08-2025-P2,6,42,Sebring,10.8,19.29,29.9,3.52,0
2025,S08,Miami-Dade,S08-2025-P2,7,49,Sebring,10.1,19.43,31.1,3.52,0
2025,S08,Miami-Dade,S08-2025-P2,8,56,Sebring,21.4,22.87,26.3,3.52,0
2025,S08,Miami-Dade,S08-2025-P2,9,63,Sebring,21.1,22.9,37.5,3.52,0
2025,S08,Miami-Dade,S08-2025-P2,10,70,Sebring,13.5,22.36,33.6,3.52,0
2025,S08,Miami-Dade,S08-2025-P2,11,77,Sebring,12.9,21.76,39.3,3.52,0
2025,S08,Miami-Dade,S08-2025-P2,12,84,Sebring,15.3,21.53,27.6,3.52,0
2025,S08,Miami-Dade,S08-2025-P3,1,7,FL-8000,19.5,19.79,6.6,2.94,0
2025,S08,Miami-Dade,S08-2025-P3,2,14,FL-8000,2.0,17.87,14.0,2.94,0
2025,S08,Miami-Dade,S08-2025-P3,3,21,FL-8000,18.4,18.68,11.2,2.94,0
2025,S08,Miami-Dade,S08-2025-P3,4,28,FL-8000,18.7,20.2,15.7,2.94,0
2025,S08,Miami-Dade,S08-2025-P3,5,35,FL-8000,14.3,19.22,4.8,2.94,0
2025,S08,Miami-Dade,S08-2025-P3,6,42,FL-8000,8.0,20.13,14.3,2.94,0
2025,S08,Miami-Dade,S08-2025-P3,7,49,FL-8000,14.9,21.46,20.0,2.94,0
2025,S08,Miami-Dade,S08-2025-P3,8,56,FL-8000,17.3,20.92,0.0,2.94,0
2025,S08,Miami-Dade,S08-2025-P3,9,63,FL-8000,25.6,19.84,17.5,2.94,0
2025,S08,Miami-Dade,S08-2025-P3,10,70,FL-8000,9.1,19.12,12.3,2.94,0
2025,S08,Miami-Dade,S08-2025-P3,11,77,FL-8000,11.3,17.67,0.0,2.94,0
2025,S08,Miami-Dade,S08-2025-P3,12,84,FL-8000,28.1,19.52,4.1,2.94,0
2025,S08,Miami-Dade,S08-2025-P4,1,7,Sebring,6.8,18.12,15.2,4.29,0
2025,S08,Miami-Dade,S08-2025-P4,2,14,Sebring,21.7,19.62,11.3,4.29,0
2025,S08,Miami-Dade,S08-2025-P4,3,21,Sebring,2.7,18.95,15.3,4.29,0
2025,S08,Miami-Dade,S08-2025-P4,4,28,Sebring,17.8,20.5,20.7,4.29,0
2025,S08,Miami-Dade,S08-2025-P4,5,35,Sebring,11.5,20.48,29.9,4.29,0
2025,S08,Miami-Dade,S08-2025-P4,6,42,Sebring,13.8,19.21,36.4,4.29,0
2025,S08,Miami-Dade,S08-2025-P4,7,49,Sebring,7.5,21.66,1.9,4.29,0
2025,S08,Miami-Dade,S08-2025-P4,8,56,Sebring,9.8,18.64,28.2,4.29,0
2025,S08,Miami-Dade,S08-2025-P4,9,63,Sebring,4.8,19.75,15.0,4.29,0
2025,S08,Miami-Dade,S08-2025-P4,10,70,Sebring,13.2,18.6,13.0,4.29,1
2025,S08,Miami-Dade,S08-2025-P4,11,77,Sebring,21.1,17.94,28.5,4.29,0
2025,S08,Miami-Dade,S08-2025-P4,12,84,Sebring,12.2,20.81,18.7,4.29,0
2025,S08,Miami-Dade,S08-2025-P5,1,7,FL-8000,22.0,20.46,22.8,3.1,0
2025,S08,Miami-Dade,S08-2025-P5,2,14,FL-8000,17.5,18.98,26.6,3.1,0
2025,S08,Miami-Dade,S08-2025-P5,3,21,FL-8000,22.3,20.59,26.7,3.1,0
2025,S08,Miami-Dade,S08-2025-P5,4,28,FL-8000,20.3,19.6,8.1,3.1,1
2025,S08,Miami-Dade,S08-2025-P5,5,35,FL-8000,16.9,17.19,16.2,3.1,0
2025,S08,Miami-Dade,S08-2025-P5,6,42,FL-8000,19.7,19.08,33.1,3.1,0
2025,S08,Miami-Dade,S08-2025-P5,7,49,FL-8000,8.5,20.18,28.7,3.1,0
2025,S08,Miami-Dade,S08-2025-P5,8,56,FL-8000,19.9,18.97,0.0,3.1,0
2025,S08,Miami-Dade,S08-2025-P5,9,63,FL-8000,14.7,20.68,18.3,3.1,0
2025,S08,Miami-Dade,S08-2025-P5,10,70,FL-8000,16.8,18.04,7.0,3.1,1
2025,S08,Miami-Dade,S08-2025-P5,11,77,FL-8000,8.0,18.73,8.1,3.1,1
2025,S08,Miami-Dade,S08-2025-P5,12,84,FL-8000,12.7,23.12,8.8,3.1,0
2025,S08,Miami-Dade,S08-2025-P6,1,7,Sanibel,8.8,21.83,22.2,3.4,0
2025,S08,Miami-Dade,S08-2025-P6,2,14,Sanibel,13.8,22.38,35.3,3.4,0
2025,S08,Miami-Dade,S08-2025-P6,3,21,Sanibel,26.2,22.53,20.7,3.4,0
2025,S08,Miami-Dade,S08-2025-P6,4,28,Sanibel,18.2,19.54,23.1,3.4,0
2025,S08,Miami-Dade,S08-2025-P6,5,35,Sanibel,20.6,22.23,37.2,3.4,0
2025,S08,Miami-Dade,S08-2025-P6,6,42,Sanibel,20.4,22.44,29.1,3.4,0
2025,S08,Miami-Dade,S08-2025-P6,7,49,Sanibel,18.8,18.99,30.3,3.4,0
2025,S08,Miami-Dade,S08-2025-P6,8,56,Sanibel,6.9,20.43,20.0,3.4,0
2025,S08,Miami-Dade,S08-2025-P6,9,63,Sanibel,16.2,18.11,22.5,3.4,0
2025,S08,Miami-Dade,S08-2025-P6,10,70,Sanibel,12.4,19.84,34.1,3.4,0
2025,S08,Miami-Dade,S08-2025-P6,11,77,Sanibel,30.1,20.58,11.9,3.4,0
2025,S08,Miami-Dade,S08-2025-P6,12,84,Sanibel,20.6,21.35,22.6,3.4,0
